,k__Bacteria;p__Firmicutes;c__Clostridia;o__Clostridiales;f__Ruminococcaceae;g__Clostridium_IV,k__Bacteria;p__Firmicutes;c__Bacilli;o__Lactobacillales;f__Streptococcaceae;g__Streptococcus,k__Bacteria;p__Firmicutes;c__Clostridia;o__Clostridiales;f__Lachnospiraceae;g__Dorea,k__Bacteria;p__Firmicutes;c__Clostridia;o__Clostridiales;f__Lachnospiraceae;g__Lachnospiracea_incertae_sedis,k__Bacteria;p__Firmicutes;c__Negativicutes;o__Selenomonadales;f__Veillonellaceae;g__Allisonella,k__Bacteria;p__Bacteroidetes;c__Bacteroidia;o__Bacteroidales;f__Prevotellaceae;g__Paraprevotella,k__Bacteria;p__Firmicutes;c__Clostridia;o__Clostridiales;f__Clostridiales_Incertae_Sedis_XIII;g__Mogibacterium,k__Bacteria;p__Firmicutes;c__Clostridia;o__Clostridiales;f__Ruminococcaceae;g__Butyricicoccus,k__Bacteria;p__Firmicutes;c__Negativicutes;o__Selenomonadales;f__Veillonellaceae;g__Dialister,k__Bacteria;p__Firmicutes;c__Clostridia;o__Clostridiales;f__Clostridiales_Incertae_Sedis_XIII;g__Anaerovorax,k__Bacteria;p__Firmicutes;c__Clostridia;o__Clostridiales;f__Peptococcaceae_1;g__Peptococcus,k__Bacteria;p__Bacteroidetes;c__Bacteroidia;o__Bacteroidales;f__Prevotellaceae;g__Xylanibacter,k__Bacteria;p__Bacteroidetes;c__Bacteroidia;o__Bacteroidales;f__Porphyromonadaceae;g__Parabacteroides,k__Bacteria;p__Actinobacteria;c__Actinobacteria;o__Coriobacteriales;f__Coriobacteriaceae;g__Gordonibacter,k__Bacteria;p__Firmicutes;c__Negativicutes;o__Selenomonadales;f__Veillonellaceae;g__Anaerovibrio,k__Bacteria;p__Firmicutes;c__Clostridia;o__Clostridiales;f__Lachnospiraceae;g__Butyrivibrio,k__Bacteria;p__Bacteroidetes;c__Bacteroidia;o__Bacteroidales;f__Bacteroidaceae;g__Bacteroides,k__Bacteria;p__Fusobacteria;c__Fusobacteriia;o__Fusobacteriales;f__Fusobacteriaceae;g__Clostridium_XIX,k__Bacteria;p__Bacteroidetes;c__Bacteroidia;o__Bacteroidales;f__Porphyromonadaceae;g__Barnesiella,k__Bacteria;p__Firmicutes;c__Clostridia;o__Clostridiales;f__Ruminococcaceae;g__Subdoligranulum,k__Bacteria;p__Firmicutes;c__Clostridia;o__Clostridiales;f__Lachnospiraceae;g__Oribacterium,k__Bacteria;p__Lentisphaerae;c__Lentisphaeria;o__Victivallales;f__Victivallaceae;g__Victivallis,k__Bacteria;p__Bacteroidetes;c__Bacteroidia;o__Bacteroidales;f__Rikenellaceae;g__Alistipes,k__Bacteria;p__Verrucomicrobia;c__Opitutae;o__Puniceicoccales;f__Puniceicoccaceae;g__Coraliomargarita,k__Bacteria;p__Firmicutes;c__Clostridia;o__Clostridiales;f__Ruminococcaceae;g__Acetanaerobacterium,k__Bacteria;p__Firmicutes;c__Negativicutes;o__Selenomonadales;f__Acidaminococcaceae;g__Phascolarctobacterium,k__Bacteria;p__Proteobacteria;c__Betaproteobacteria;o__Burkholderiales;f__Sutterellaceae;g__Parasutterella,k__Bacteria;p__Firmicutes;c__Clostridia;o__Clostridiales;f__Lachnospiraceae;g__Roseburia,k__Bacteria;p__Actinobacteria;c__Actinobacteria;o__Bifidobacteriales;f__Bifidobacteriaceae;g__Bifidobacterium,k__Bacteria;p__Firmicutes;c__Erysipelotrichia;o__Erysipelotrichales;f__Erysipelotrichaceae;g__Catenibacterium,k__Bacteria;p__Firmicutes;c__Bacilli;o__Lactobacillales;f__Lactobacillaceae;g__Lactobacillus,k__Bacteria;p__Proteobacteria;c__Betaproteobacteria;o__Burkholderiales;f__Sutterellaceae;g__Sutterella,k__Bacteria;p__Firmicutes;c__Erysipelotrichia;o__Erysipelotrichales;f__Erysipelotrichaceae;g__Holdemania,k__Bacteria;p__Firmicutes;c__Clostridia;o__Clostridiales;f__Lachnospiraceae;g__Anaerostipes,k__Bacteria;p__Firmicutes;c__Negativicutes;o__Selenomonadales;f__Veillonellaceae;g__Veillonella,k__Bacteria;p__Firmicutes;c__Clostridia;o__Clostridiales;f__Ruminococcaceae;g__Faecalibacterium,k__Bacteria;p__Bacteroidetes;c__Bacteroidia;o__Bacteroidales;f__Prevotellaceae;g__Prevotella,k__Bacteria;p__Firmicutes;c__Clostridia;o__Clostridiales;f__Lachnospiraceae;g__Coprococcus,k__Bacteria;p__Firmicutes;c__Erysipelotrichia;o__Erysipelotrichales;f__Erysipelotrichaceae;g__Turicibacter,k__Bacteria;p__Firmicutes;c__Negativicutes;o__Selenomonadales;f__Veillonellaceae;g__Mitsuokella,k__Bacteria;p__Bacteroidetes;c__Bacteroidia;o__Bacteroidales;f__Prevotellaceae;g__Alloprevotella,k__Bacteria;p__Proteobacteria;c__Gammaproteobacteria;o__Enterobacteriales;f__Enterobacteriaceae;g__Citrobacter,k__Bacteria;p__Firmicutes;c__Clostridia;o__Clostridiales;f__Ruminococcaceae;g__Flavonifractor,k__Bacteria;p__Firmicutes;c__Negativicutes;o__Selenomonadales;f__Veillonellaceae;g__Megamonas,k__Bacteria;p__Firmicutes;c__Clostridia;o__Clostridiales;f__Lachnospiraceae;g__Clostridium_XlVb,k__Bacteria;p__Bacteroidetes;c__Bacteroidia;o__Bacteroidales;f__Porphyromonadaceae;g__Odoribacter,k__Bacteria;p__Verrucomicrobia;c__Verrucomicrobiae;o__Verrucomicrobiales;f__Verrucomicrobiaceae;g__Akkermansia,k__Bacteria;p__Firmicutes;c__Clostridia;o__Clostridiales;f__Lachnospiraceae;g__Clostridium_XlVa,k__Bacteria;p__Proteobacteria;c__Gammaproteobacteria;o__Pasteurellales;f__Pasteurellaceae;g__Haemophilus,k__Bacteria;p__Firmicutes;c__Erysipelotrichia;o__Erysipelotrichales;f__Erysipelotrichaceae;g__Erysipelotrichaceae_incertae_sedis,k__Bacteria;p__Firmicutes;c__Bacilli;o__Lactobacillales;f__Carnobacteriaceae;g__Granulicatella,k__Bacteria;p__Firmicutes;c__Clostridia;o__Clostridiales;f__Peptostreptococcaceae;g__Clostridium_XI,k__Bacteria;p__Proteobacteria;c__Deltaproteobacteria;o__Desulfovibrionales;f__Desulfovibrionaceae;g__Desulfovibrio,k__Bacteria;p__Firmicutes;c__Clostridia;o__Clostridiales;f__Clostridiaceae_1;g__Clostridium_sensu_stricto,k__Bacteria;p__Firmicutes;c__Clostridia;o__Clostridiales;f__Lachnospiraceae;g__Ruminococcus2,k__Bacteria;p__Firmicutes;c__Clostridia;o__Clostridiales;f__Ruminococcaceae;g__Oscillibacter,k__Bacteria;p__Firmicutes;c__Clostridia;o__Clostridiales;f__Lachnospiraceae;g__Howardella,k__Bacteria;p__Firmicutes;c__Negativicutes;o__Selenomonadales;f__Veillonellaceae;g__Megasphaera,k__Bacteria;p__Firmicutes;c__Clostridia;o__Clostridiales;f__Ruminococcaceae;g__Ruminococcus,k__Bacteria;p__Firmicutes;c__Clostridia;o__Clostridiales;f__Ruminococcaceae;g__Anaerotruncus,k__Bacteria;p__Proteobacteria;c__Gammaproteobacteria;o__Enterobacteriales;f__Enterobacteriaceae;g__Klebsiella,k__Bacteria;p__Firmicutes;c__Clostridia;o__Clostridiales;f__Ruminococcaceae;g__Pseudoflavonifractor,k__Bacteria;p__Firmicutes;c__Negativicutes;o__Selenomonadales;f__Acidaminococcaceae;g__Acidaminococcus,k__Bacteria;p__Firmicutes;c__Erysipelotrichia;o__Erysipelotrichales;f__Erysipelotrichaceae;g__Coprobacillus,k__Bacteria;p__Proteobacteria;c__Gammaproteobacteria;o__Enterobacteriales;f__Enterobacteriaceae;g__Enterobacter,k__Bacteria;p__Firmicutes;c__Clostridia;o__Clostridiales;f__Lachnospiraceae;g__Lachnospira,k__Bacteria;p__Proteobacteria;c__Gammaproteobacteria;o__Aeromonadales;f__Succinivibrionaceae;g__Succinivibrio,k__Bacteria;p__Firmicutes;c__Clostridia;o__Clostridiales;f__Lachnospiraceae;g__Blautia,k__Bacteria;p__Bacteroidetes;c__Bacteroidia;o__Bacteroidales;f__Porphyromonadaceae;g__Butyricimonas,k__Bacteria;p__Firmicutes;c__Erysipelotrichia;o__Erysipelotrichales;f__Erysipelotrichaceae;g__Clostridium_XVIII
art_scher-011BFE,0.0012201073694485115,0.0,0.005368472425573451,0.039775500244021475,0.0,0.0,0.0,0.0,0.0,0.0,0.0,0.0,0.0,0.0,0.0,0.0,0.7606149341142022,0.0,0.0,0.0007320644216691069,0.0007320644216691069,0.0,0.0,0.0,0.0,0.029038555392874574,0.0,0.0019521717911176184,0.003416300634455832,0.0,0.0,0.0,0.0,0.0002440214738897023,0.0,0.04660810151293314,0.0,0.008784773060029283,0.0002440214738897023,0.0,0.0,0.0,0.0021961932650073207,0.0,0.0,0.0,0.0026842362127867253,0.004392386530014641,0.0,0.0,0.0,0.0012201073694485115,0.0,0.0,0.0012201073694485115,0.0019521717911176184,0.0,0.0,0.0,0.0,0.0,0.0004880429477794046,0.0,0.0,0.0,0.0,0.0,0.01268911664226452,0.0,0.0026842362127867253
art_scher-012BFE,0.0,0.0004928536224741252,0.0009857072449482504,0.10990635781172993,0.0,0.029078363725973385,0.0,0.0,0.0,0.0,0.0,0.0,0.0,0.0,0.0,0.0,0.7560374568753081,0.0,0.0,0.0,0.0,0.0,0.0,0.0,0.0,0.0,0.0,0.023164120256283883,0.0,0.0,0.0,0.0,0.0,0.0,0.003942828979793002,0.002464268112370626,0.0,0.001971414489896501,0.0,0.0,0.0,0.0,0.0,0.0,0.002464268112370626,0.0009857072449482504,0.0,0.006407097092163628,0.0,0.01330704780680138,0.0,0.0009857072449482504,0.0,0.0,0.002464268112370626,0.0004928536224741252,0.0,0.0,0.009364218827008379,0.0,0.0,0.0,0.0,0.0,0.0,0.0,0.0,0.005421389847215377,0.0,0.001971414489896501
art_scher-013BFE,0.00033898305084745765,0.0,0.004406779661016949,0.08372881355932205,0.0,0.0,0.0,0.0,0.0,0.0,0.0,0.0,0.002033898305084746,0.0,0.0,0.0,0.6783050847457628,0.0,0.0,0.0,0.0,0.0,0.0,0.0,0.001694915254237288,0.0935593220338983,0.0,0.002033898305084746,0.0,0.001016949152542373,0.0,0.0,0.0013559322033898306,0.0,0.0,0.0054237288135593215,0.0,0.0,0.0,0.0,0.0,0.0,0.002711864406779661,0.0,0.008135593220338983,0.0006779661016949153,0.0,0.005084745762711864,0.0,0.015593220338983051,0.0,0.0,0.013559322033898305,0.0,0.016610169491525426,0.00033898305084745765,0.0,0.0,0.0,0.0,0.0,0.0,0.0,0.0,0.0,0.0,0.0,0.02711864406779661,0.0,0.002033898305084746
art_scher-014BFE,0.001941747572815534,0.0,0.00970873786407767,0.020388349514563104,0.0,0.000970873786407767,0.0,0.0,0.0,0.0,0.0,0.0,0.0,0.0,0.0,0.0,0.4563106796116505,0.0,0.002912621359223301,0.001941747572815534,0.0,0.0,0.0,0.0,0.0,0.029126213592233007,0.0,0.000970873786407767,0.000970873786407767,0.0,0.0,0.0,0.0,0.0,0.0,0.001941747572815534,0.0,0.01262135922330097,0.0,0.0,0.0,0.0,0.0,0.0,0.001941747572815534,0.0,0.01650485436893204,0.000970873786407767,0.0,0.02330097087378641,0.0,0.007766990291262136,0.0,0.0,0.002912621359223301,0.033980582524271837,0.0,0.0,0.03203883495145631,0.03300970873786408,0.18640776699029127,0.0,0.0,0.003883495145631068,0.0,0.0,0.0,0.005825242718446602,0.0,0.002912621359223301
art_scher-016BFE,0.0,0.0,0.004424778761061947,0.04424778761061947,0.0,0.0,0.0,0.0,0.10176991150442478,0.0,0.0,0.0,0.0,0.0,0.0,0.0,0.08407079646017698,0.0,0.0,0.0,0.0,0.0,0.0,0.004424778761061947,0.0,0.0,0.0,0.004424778761061947,0.0,0.004424778761061947,0.0,0.004424778761061947,0.0,0.0,0.0,0.004424778761061947,0.5221238938053097,0.02654867256637168,0.0,0.0,0.0,0.0,0.0,0.0,0.0,0.0,0.004424778761061947,0.0,0.0,0.12389380530973451,0.0,0.017699115044247787,0.0,0.0,0.0,0.004424778761061947,0.0,0.0,0.022123893805309734,0.004424778761061947,0.0,0.0,0.0,0.0,0.0,0.0,0.0,0.004424778761061947,0.0,0.0
art_scher-017BFE,0.0,0.0010834236186348862,0.0021668472372697724,0.09642470205850487,0.0,0.0,0.0,0.0,0.016251354279523293,0.0,0.0,0.0,0.0,0.0,0.0,0.0,0.3120260021668472,0.0,0.004333694474539545,0.009750812567713974,0.0,0.0,0.0,0.0,0.0,0.0,0.0,0.0,0.0010834236186348862,0.0,0.0,0.0,0.0,0.0,0.0,0.009750812567713974,0.0,0.004333694474539545,0.0,0.0,0.0,0.0,0.0,0.0,0.0,0.0010834236186348862,0.005417118093174431,0.0032502708559046583,0.0,0.0,0.0,0.0010834236186348862,0.0,0.0,0.004333694474539545,0.03791982665222102,0.0,0.0,0.3542795232936078,0.0,0.0,0.0,0.0,0.0,0.0,0.0,0.0,0.004333694474539545,0.0032502708559046588,0.0
art_scher-018BFE,0.0,0.0,0.0008865248226950354,0.008865248226950355,0.0,0.0,0.0,0.0,0.018617021276595747,0.0,0.0,0.0,0.0026595744680851063,0.0,0.0,0.0,0.8093971631205673,0.0,0.018617021276595744,0.0,0.0,0.0,0.0,0.0,0.0,0.0,0.0,0.0026595744680851063,0.0,0.0,0.0,0.0,0.0,0.0,0.0026595744680851063,0.015070921985815602,0.0,0.0,0.0,0.0,0.0,0.0,0.0017730496453900709,0.0,0.0,0.0017730496453900709,0.0,0.0,0.0,0.0,0.0,0.0,0.0,0.0,0.0035460992907801418,0.0035460992907801418,0.0,0.0,0.0,0.10372340425531915,0.0,0.0,0.0,0.0,0.0,0.0,0.0,0.0008865248226950354,0.0,0.0
art_scher-019BFE,0.0006697923643670462,0.0013395847287340924,0.009377093101138646,0.10046885465505692,0.0013395847287340924,0.0,0.0,0.0,0.021433355659745478,0.0,0.0,0.0,0.0013395847287340924,0.0006697923643670462,0.0,0.0,0.012726054922973878,0.0,0.0,0.0,0.0,0.0,0.0,0.0,0.0,0.016075016744809108,0.0,0.01540522438044206,0.0,0.008707300736771601,0.0006697923643670462,0.0,0.0,0.0,0.0,0.0087073007367716,0.30341594105827197,0.0020093770931011385,0.0,0.0,0.019423978566644337,0.0,0.0,0.2940388479571333,0.0,0.0,0.0,0.007367716008037508,0.0,0.01942397856664434,0.0,0.020093770931011383,0.0,0.01406563965170797,0.0020093770931011385,0.012726054922973878,0.0,0.006697923643670462,0.014735432016075016,0.01607501674480911,0.0,0.0006697923643670462,0.0,0.0,0.0,0.0,0.0,0.004688546550569323,0.0,0.0
art_scher-020BFE,0.0004940711462450593,0.002964426877470356,0.003952569169960474,0.13982213438735178,0.0,0.0,0.001976284584980237,0.0004940711462450593,0.0,0.0004940711462450593,0.0009881422924901185,0.0,0.0004940711462450593,0.001976284584980237,0.0,0.0,0.32756916996047425,0.0,0.0,0.003458498023715414,0.0004940711462450593,0.0,0.0004940711462450593,0.0,0.0,0.16452569169960474,0.0,0.007411067193675889,0.0,0.0,0.0,0.0009881422924901185,0.0004940711462450593,0.0,0.0014822134387351778,0.06521739130434782,0.0,0.0009881422924901185,0.0004940711462450593,0.0,0.0,0.0,0.0004940711462450593,0.0,0.003458498023715415,0.001976284584980237,0.010869565217391304,0.0014822134387351778,0.0,0.0014822134387351778,0.0,0.0014822134387351778,0.0,0.0009881422924901185,0.005928853754940711,0.03903162055335968,0.0014822134387351778,0.0,0.0266798418972332,0.0,0.0,0.003458498023715415,0.0,0.0,0.0,0.0,0.0,0.007905138339920948,0.0,0.0004940711462450593
art_scher-021BFE,0.0005896226415094339,0.0,0.0005896226415094339,0.013561320754716982,0.0,0.0,0.0,0.0,0.04186320754716981,0.0,0.0,0.0,0.0011792452830188679,0.0,0.0,0.0,0.3018867924528302,0.0,0.0,0.0,0.0,0.0,0.0,0.0,0.0,0.0,0.0,0.09139150943396228,0.0,0.0,0.0,0.0,0.0,0.0,0.0,0.01886792452830189,0.3962264150943396,0.001768867924528302,0.0005896226415094339,0.0,0.014150943396226415,0.0,0.0011792452830188679,0.0,0.02181603773584906,0.0,0.0,0.020636792452830188,0.0,0.0005896226415094339,0.0,0.0023584905660377358,0.0,0.0,0.0011792452830188679,0.01768867924528302,0.0,0.0,0.0,0.0,0.0,0.0011792452830188679,0.0,0.0,0.0,0.0,0.0,0.008254716981132075,0.0,0.0
art_scher-025BFE,0.0017699115044247787,0.0,0.007079646017699115,0.024778761061946902,0.0,0.0,0.03716814159292035,0.0017699115044247787,0.0017699115044247787,0.0,0.0,0.0,0.0017699115044247787,0.0,0.0,0.0,0.1398230088495575,0.0,0.0017699115044247787,0.0017699115044247787,0.0,0.0,0.0,0.0,0.0,0.005309734513274336,0.0,0.0035398230088495575,0.0,0.0,0.0,0.0,0.0,0.0,0.0,0.0,0.0,0.0035398230088495575,0.0,0.0,0.0,0.0,0.0017699115044247787,0.0,0.0,0.0017699115044247787,0.008849557522123894,0.008849557522123894,0.0,0.3008849557522124,0.0,0.0035398230088495575,0.0,0.0,0.007079646017699115,0.13097345132743363,0.0,0.0,0.0743362831858407,0.008849557522123894,0.0,0.0,0.0,0.005309734513274336,0.0,0.0,0.0,0.007079646017699115,0.0,0.0
art_scher-026BFE,0.004058441558441559,0.0,0.0016233766233766235,0.08522727272727273,0.0,0.0,0.0,0.0,0.06655844155844157,0.0016233766233766235,0.0,0.0,0.003246753246753247,0.0008116883116883117,0.0,0.0,0.3409090909090909,0.0,0.0,0.0016233766233766235,0.0,0.0,0.0008116883116883117,0.0,0.0,0.0,0.0,0.034090909090909095,0.0008116883116883117,0.0,0.0,0.0008116883116883117,0.0008116883116883117,0.0,0.0,0.017045454545454544,0.0008116883116883117,0.006493506493506493,0.0,0.0,0.0,0.0,0.0016233766233766235,0.0,0.0,0.003246753246753247,0.0008116883116883117,0.00974025974025974,0.0,0.011363636363636364,0.0,0.0,0.0,0.0,0.008928571428571428,0.04788961038961039,0.0,0.0,0.037337662337662336,0.0,0.0,0.0,0.0,0.0,0.0,0.0,0.0,0.021103896103896104,0.0,0.0
art_scher-027BFE,0.0,0.001817355747387551,0.003634711494775102,0.04179918218991368,0.0,0.0,0.0,0.0,0.0,0.00045433893684688776,0.0,0.0,0.0068150840527033164,0.0,0.0,0.0,0.509768287142208,0.0,0.0031803725579282144,0.001817355747387551,0.0,0.0,0.0,0.0,0.0,0.0,0.00408905043162199,0.021808268968650613,0.0,0.005906406179009541,0.0,0.0,0.0,0.0,0.0,0.020445252158109953,0.1721944570649705,0.0013630168105406633,0.0,0.0,0.0,0.0,0.0,0.0,0.010904134484325307,0.0,0.0,0.03634711494775102,0.0,0.024079963652885054,0.0,0.0,0.0,0.00045433893684688776,0.002271694684234439,0.004543389368468878,0.0,0.0,0.0,0.0,0.0,0.00045433893684688776,0.03680145388459791,0.0,0.026351658337119492,0.0,0.0,0.00636074511585643,0.0,0.0
art_scher-028BFE,0.0004060089321965083,0.00243605359317905,0.006090133982947625,0.10272025984571662,0.0008120178643930166,0.001218026796589525,0.0004060089321965083,0.0,0.0,0.0,0.0,0.0,0.004060089321965083,0.0,0.0,0.0,0.17986195696305318,0.0,0.0,0.0036540803897685747,0.0,0.0,0.0,0.0,0.0,0.0,0.0,0.02233049127080796,0.0,0.0,0.0,0.0,0.0,0.0,0.0016240357287860333,0.050751116524563544,0.22655298416565164,0.0385708485586683,0.0004060089321965083,0.023954526999593995,0.0,0.0,0.0008120178643930166,0.0,0.0048721071863581,0.0,0.0,0.008120178643930167,0.001218026796589525,0.08444985789687373,0.0,0.0008120178643930166,0.0,0.0,0.006496142915144133,0.04384896467722289,0.001218026796589525,0.0,0.010556232237109216,0.00243605359317905,0.0,0.0004060089321965083,0.0,0.0,0.0,0.0,0.0,0.010150223304912708,0.0004060089321965083,0.0
art_scher-029BFE,0.0,0.002331002331002331,0.0,0.1048951048951049,0.0,0.0,0.0,0.0,0.018648018648018648,0.0,0.0,0.0,0.0,0.0,0.0,0.0,0.2121212121212121,0.0,0.0,0.0,0.0,0.0,0.0,0.0,0.002331002331002331,0.0,0.0,0.004662004662004662,0.0,0.0,0.004662004662004662,0.0,0.0,0.0,0.0,0.013986013986013986,0.0,0.08391608391608392,0.0,0.0,0.0,0.0,0.0,0.0,0.0,0.0,0.0,0.006993006993006993,0.0,0.0,0.0,0.0,0.0,0.0,0.0,0.03263403263403263,0.0,0.0,0.0675990675990676,0.32167832167832167,0.0,0.0,0.0,0.0,0.0,0.0,0.0,0.009324009324009324,0.0,0.0
art_scher-030BFE,0.0,0.0,0.001433349259436216,0.007166746297181079,0.0,0.0,0.0,0.0,0.0,0.0,0.0,0.0,0.0019111323459149545,0.0,0.0,0.0,0.5074056378404206,0.0,0.0,0.0,0.0,0.0,0.0,0.0,0.0,0.0,0.00047778308647873863,0.00716674629718108,0.0,0.0,0.0,0.0,0.0,0.0,0.0,0.00716674629718108,0.4280936454849498,0.00047778308647873863,0.0,0.0,0.0,0.0009555661729574773,0.0,0.0,0.0,0.0,0.0,0.008600095556617296,0.0,0.0,0.0,0.011944577161968466,0.0,0.0009555661729574773,0.00047778308647873863,0.0,0.0,0.0,0.0,0.0,0.0,0.0,0.0,0.0,0.0,0.0,0.0,0.004777830864787387,0.0,0.00047778308647873863
art_scher-031BFE,0.0,0.0,0.010025062656641603,0.046365914786967416,0.0012531328320802004,0.0,0.006265664160401002,0.0012531328320802004,0.16541353383458646,0.0012531328320802004,0.0,0.0,0.0,0.0012531328320802004,0.0,0.0,0.08771929824561403,0.0,0.0012531328320802004,0.0,0.0,0.0,0.0,0.0,0.0,0.0,0.0,0.013784461152882205,0.0037593984962406013,0.007518796992481203,0.03007518796992481,0.0012531328320802004,0.0,0.0,0.0012531328320802004,0.020050125313283207,0.12406015037593984,0.011278195488721804,0.0,0.0,0.0,0.0,0.0,0.0,0.011278195488721804,0.0,0.0,0.006265664160401002,0.0,0.16791979949874686,0.0,0.05012531328320802,0.0,0.005012531328320802,0.015037593984962405,0.020050125313283207,0.0,0.0,0.002506265664160401,0.012531328320802004,0.0,0.0012531328320802004,0.0,0.0,0.0,0.0,0.0,0.042606516290726815,0.0,0.0
art_scher-032BFE,0.000693000693000693,0.000693000693000693,0.006237006237006237,0.05266805266805266,0.000693000693000693,0.0,0.0,0.0,0.018711018711018712,0.002772002772002772,0.0,0.0,0.001386001386001386,0.0,0.0,0.0,0.4282744282744283,0.0,0.0,0.000693000693000693,0.0,0.0,0.001386001386001386,0.0,0.0,0.006237006237006237,0.0,0.02702702702702703,0.0,0.0,0.000693000693000693,0.0,0.000693000693000693,0.0,0.002772002772002772,0.014553014553014554,0.0,0.09494109494109494,0.0,0.0,0.0,0.0,0.0,0.0,0.0,0.002772002772002772,0.0,0.004158004158004158,0.0,0.0,0.0,0.020097020097020097,0.006237006237006237,0.01178101178101178,0.003465003465003465,0.009702009702009701,0.0,0.022176022176022176,0.12058212058212059,0.0,0.0,0.0,0.0,0.0,0.0,0.0,0.0,0.019404019404019406,0.0,0.002772002772002772
art_scher-033BFE,0.0027874564459930314,0.0006968641114982578,0.0,0.03902439024390244,0.0,0.0,0.0,0.0,0.0,0.0,0.0,0.0,0.007665505226480836,0.0013937282229965157,0.0,0.0,0.45365853658536587,0.0,0.005574912891986063,0.0027874564459930314,0.0,0.0,0.0006968641114982578,0.0,0.0,0.09059233449477351,0.0006968641114982578,0.01254355400696864,0.0,0.0,0.0006968641114982578,0.0,0.0027874564459930314,0.0,0.0006968641114982578,0.003484320557491289,0.0,0.0027874564459930314,0.0,0.0,0.0,0.0,0.0006968641114982578,0.0,0.011149825783972125,0.005574912891986063,0.022996515679442508,0.0062717770034843206,0.0,0.008362369337979094,0.0,0.0006968641114982578,0.0,0.0,0.010452961672473868,0.01742160278745645,0.0,0.0,0.0,0.009059233449477353,0.0,0.0,0.00975609756097561,0.0,0.0,0.0,0.0,0.0313588850174216,0.0013937282229965157,0.006968641114982578
art_scher-034BFE,0.0,0.0,0.0,0.03971486761710794,0.0,0.0,0.0,0.0,0.0,0.0,0.0,0.01731160896130346,0.0,0.0,0.0,0.0,0.002036659877800407,0.0,0.0,0.0,0.0,0.0,0.0,0.0,0.0,0.0,0.0,0.008146639511201629,0.0,0.0,0.0,0.0,0.0,0.0,0.0,0.01120162932790224,0.8319755600814664,0.0,0.003054989816700611,0.0,0.0,0.0,0.0,0.0,0.0010183299389002036,0.0,0.0,0.004073319755600814,0.0010183299389002036,0.0,0.0,0.006109979633401221,0.0,0.002036659877800407,0.0010183299389002036,0.0,0.0,0.0,0.01120162932790224,0.03665987780040733,0.0,0.0,0.0,0.0,0.0,0.0,0.0,0.002036659877800407,0.0,0.0
art_scher-035BFE,0.0010706638115631692,0.0005353319057815846,0.0021413276231263384,0.09582441113490364,0.0,0.0,0.0,0.0,0.0,0.0,0.0,0.0,0.0,0.0,0.0,0.0,0.4437901498929336,0.0,0.0005353319057815846,0.003747323340471092,0.0005353319057815846,0.0,0.0,0.0,0.0,0.0,0.0,0.06477516059957174,0.0,0.0,0.0,0.0,0.0,0.0,0.0,0.07119914346895075,0.0,0.016059957173447537,0.0,0.0,0.0,0.0,0.0,0.0,0.002676659528907923,0.0,0.0,0.018201284796573874,0.0,0.05406852248394004,0.0,0.0010706638115631692,0.0,0.0,0.004282655246252677,0.0010706638115631692,0.0,0.0,0.1311563169164882,0.0,0.0,0.0,0.0,0.0,0.0,0.0,0.0,0.0069593147751606,0.004817987152034261,0.0
art_scher-036BFE,0.0,0.009573542210617928,0.0008703220191470844,0.10704960835509138,0.0008703220191470844,0.0,0.0008703220191470844,0.0,0.0017406440382941688,0.0,0.0,0.0,0.0026109660574412533,0.0,0.0,0.0008703220191470844,0.6127067014795475,0.0,0.0,0.0034812880765883376,0.0,0.0,0.0008703220191470844,0.0,0.0,0.04786771105308964,0.0,0.013054830287206266,0.0,0.0,0.0,0.0,0.0,0.0,0.0026109660574412533,0.02001740644038294,0.0,0.0026109660574412533,0.0,0.0,0.0,0.0,0.0,0.0,0.004351610095735422,0.0026109660574412533,0.0,0.0060922541340295904,0.0,0.0,0.0,0.0,0.0,0.0,0.0026109660574412533,0.013054830287206267,0.0,0.0,0.03307223672758921,0.030461270670147953,0.0,0.0,0.0,0.0,0.0,0.0,0.0,0.0034812880765883376,0.0,0.0008703220191470844
art_scher-037BFE,0.0,0.0,0.002044989775051125,0.046353101567825496,0.0,0.0,0.0006816632583503749,0.0,0.04226312201772325,0.0,0.0,0.00954328561690525,0.0,0.0,0.00408997955010225,0.0,0.0013633265167007499,0.0,0.0,0.0,0.0,0.0,0.0,0.0006816632583503749,0.0,0.0,0.0,0.002044989775051125,0.0,0.0,0.0,0.0,0.0,0.0,0.0034083162917518746,0.008861622358554875,0.7682344921608726,0.010224948875255624,0.0,0.0054533060668029995,0.018404907975460124,0.0,0.0,0.0,0.0006816632583503749,0.0,0.0,0.0,0.0013633265167007499,0.01772324471710975,0.0,0.0081799591002045,0.0,0.006134969325153374,0.0006816632583503749,0.006816632583503749,0.0,0.0,0.010906612133605999,0.0027266530334014998,0.0,0.0,0.0,0.0,0.0,0.0,0.0,0.002044989775051125,0.0,0.0
art_scher-038BFE,0.0,0.00046274872744099955,0.00046274872744099955,0.26515502082369274,0.0,0.0,0.0,0.0,0.0,0.0,0.0,0.0,0.0013882461823229986,0.0,0.0,0.005552984729291994,0.6177695511337343,0.0,0.0037019898195279964,0.0009254974548819991,0.0,0.0,0.00046274872744099955,0.0,0.0,0.00046274872744099955,0.0,0.005552984729291994,0.0,0.0,0.0,0.0,0.0,0.0,0.0,0.006941230911614993,0.0,0.0,0.00046274872744099955,0.0,0.0,0.0,0.0,0.0,0.0,0.007866728366496992,0.0,0.007403979639055993,0.0,0.007866728366496992,0.0,0.0,0.0,0.0,0.0023137436372049976,0.014807959278111986,0.0,0.0,0.0013882461823229986,0.0,0.0,0.0,0.0,0.0,0.0,0.0,0.0,0.011105969458583989,0.0,0.0018509949097639982
art_scher-040BFE,0.0,0.05603448275862069,0.010344827586206896,0.05344827586206897,0.0021551724137931034,0.003017241379310345,0.0,0.0,0.12844827586206897,0.0,0.0,0.09956896551724138,0.004310344827586207,0.0,0.0,0.0,0.038793103448275856,0.0,0.0,0.0,0.0,0.0,0.0,0.0,0.0,0.0,0.0,0.01206896551724138,0.0004310344827586207,0.004310344827586207,0.0047413793103448275,0.0,0.0,0.0008620689655172414,0.0021551724137931034,0.005172413793103448,0.43922413793103454,0.001293103448275862,0.0,0.027586206896551727,0.02456896551724138,0.0,0.0,0.0,0.003017241379310345,0.0,0.0,0.0034482758620689655,0.0004310344827586207,0.004310344827586207,0.0,0.003017241379310345,0.0047413793103448275,0.0021551724137931034,0.0021551724137931034,0.0021551724137931034,0.0,0.021982758620689657,0.011206896551724138,0.0,0.0,0.0,0.0,0.0,0.0,0.0,0.0,0.006896551724137931,0.0004310344827586207,0.0
art_scher-041BFE,0.0,0.0,0.0006242197253433209,0.026841448189762793,0.0,0.0018726591760299626,0.0,0.0,0.006242197253433208,0.0,0.0,0.0,0.0006242197253433209,0.0,0.0,0.0,0.1548064918851436,0.0,0.0006242197253433209,0.0,0.0,0.0,0.0006242197253433209,0.0,0.0,0.052434456928838954,0.0,0.006866416978776529,0.0012484394506866417,0.0,0.0,0.0,0.0006242197253433209,0.0,0.0006242197253433209,0.010611735330836454,0.6079900124843947,0.02746566791510612,0.0,0.0,0.0,0.0,0.0006242197253433209,0.0,0.0,0.0018726591760299626,0.0,0.0018726591760299626,0.0,0.0,0.0,0.0012484394506866417,0.0,0.0,0.0006242197253433209,0.0006242197253433209,0.0,0.0,0.04681647940074906,0.0,0.0,0.0,0.0,0.0,0.0,0.0,0.0,0.006242197253433208,0.0,0.0
art_scher-042BFE,0.0,0.0,0.0007204610951008645,0.010086455331412104,0.0,0.0,0.0,0.0,0.0,0.0,0.0,0.09870317002881845,0.0,0.0,0.0,0.0007204610951008645,0.10014409221902018,0.0,0.0,0.0,0.0,0.0,0.0021613832853025934,0.0,0.0,0.032420749279538905,0.0,0.007204610951008645,0.0,0.0,0.0,0.0,0.0,0.0,0.0007204610951008645,0.012968299711815562,0.5302593659942363,0.0,0.0,0.0,0.0,0.0,0.0,0.0,0.0007204610951008645,0.0,0.0,0.0028818443804034585,0.0,0.0007204610951008645,0.0,0.0,0.0,0.0,0.0007204610951008645,0.006484149855907781,0.0,0.0,0.001440922190201729,0.17219020172910662,0.0,0.0,0.0,0.0,0.0,0.0,0.0,0.0036023054755043226,0.0,0.0
art_scher-043BFE,0.0007513148009015778,0.013523666416228399,0.0007513148009015778,0.14124718256949662,0.0,0.0,0.0,0.0,0.0,0.0,0.0,0.0,0.0007513148009015778,0.0,0.0,0.0,0.5657400450788881,0.0,0.0,0.0,0.0,0.0,0.0,0.0,0.0,0.012021036814425245,0.0,0.021788129226145755,0.0,0.0,0.0015026296018031556,0.0,0.0,0.0,0.003005259203606311,0.13749060856498874,0.0,0.0015026296018031556,0.0,0.0,0.0,0.0,0.0,0.0,0.0,0.0,0.0,0.009767092411720512,0.002253944402704733,0.005259203606311044,0.0,0.0,0.0,0.0,0.0015026296018031556,0.0,0.0,0.0,0.0,0.0,0.0,0.0,0.0,0.0,0.0,0.0,0.0,0.005259203606311044,0.0007513148009015778,0.0007513148009015778
art_scher-045BFE,0.0,0.007640878701050621,0.0038204393505253103,0.055396370582617004,0.0,0.0,0.0019102196752626551,0.0,0.049665711556829036,0.0,0.0,0.0,0.008595988538681949,0.0,0.0,0.0,0.4765998089780325,0.0,0.0,0.0,0.0,0.0,0.0,0.0,0.0,0.0,0.0,0.0028653295128939827,0.0,0.0,0.0,0.0,0.0,0.0,0.0,0.009551098376313277,0.0,0.0057306590257879654,0.0038204393505253103,0.0,0.0,0.0,0.0,0.0,0.0,0.021967526265520537,0.0,0.0019102196752626551,0.0,0.03629417382999045,0.0,0.028653295128939833,0.0,0.0038204393505253103,0.007640878701050621,0.02101241642788921,0.0,0.0,0.014326647564469913,0.02101241642788921,0.0,0.0,0.0038204393505253103,0.0,0.0,0.0,0.0,0.021012416427889206,0.0,0.0
art_scher-047BFE,0.0,0.0,0.0014436958614051972,0.0052935514918190565,0.0,0.0,0.0,0.0,0.002406159769008662,0.0,0.0,0.0,0.006737247353224254,0.0,0.0,0.0,0.9331087584215593,0.01395572666025024,0.0,0.0,0.0,0.0,0.0,0.0,0.0,0.004812319538017324,0.0,0.011068334937439845,0.0,0.0,0.0,0.0,0.0,0.0,0.0,0.006737247353224254,0.0,0.0,0.0,0.0,0.0,0.0,0.0,0.0,0.00048123195380173246,0.0,0.0,0.0009624639076034649,0.0,0.0019249278152069298,0.0,0.00048123195380173246,0.0,0.0,0.0,0.0,0.0,0.0019249278152069296,0.0,0.0,0.0,0.00048123195380173246,0.0,0.0,0.0,0.0,0.0,0.0014436958614051974,0.0,0.00048123195380173246
art_scher-004BFE,0.0,0.003289473684210526,0.006030701754385965,0.027960526315789474,0.0,0.047149122807017545,0.0,0.0,0.0,0.0005482456140350877,0.0,0.0,0.0005482456140350877,0.0,0.0,0.0,0.21929824561403508,0.0,0.0,0.0005482456140350877,0.0,0.0,0.0,0.0,0.0005482456140350877,0.0,0.0,0.025767543859649123,0.0,0.003837719298245614,0.010416666666666666,0.0,0.0005482456140350877,0.0,0.0,0.004934210526315789,0.0,0.005482456140350877,0.001644736842105263,0.0,0.0,0.0,0.0,0.0,0.0,0.0,0.0,0.006030701754385965,0.0,0.0010964912280701754,0.0,0.01425438596491228,0.0,0.0005482456140350877,0.0,0.0010964912280701754,0.0,0.4698464912280702,0.044407894736842105,0.0,0.0,0.0,0.03618421052631579,0.0,0.0,0.0,0.0,0.018092105263157895,0.0,0.001644736842105263
art_scher-003BFE,0.001567398119122257,0.0007836990595611285,0.001567398119122257,0.07601880877742948,0.0,0.0,0.0,0.0,0.0,0.0,0.0,0.0,0.001567398119122257,0.0,0.0,0.0,0.5336990595611285,0.0,0.0,0.0007836990595611285,0.001567398119122257,0.0,0.0,0.0,0.0,0.04858934169278997,0.0,0.006269592476489027,0.0,0.0,0.0,0.0,0.0,0.0007836990595611285,0.0,0.006269592476489028,0.0,0.0,0.0,0.0,0.0,0.0,0.0,0.0,0.001567398119122257,0.0007836990595611285,0.0,0.0023510971786833857,0.0,0.0007836990595611285,0.0,0.007053291536050156,0.0,0.0007836990595611285,0.003134796238244514,0.012539184952978056,0.0,0.0,0.13009404388714732,0.0,0.0,0.0,0.0,0.0,0.0,0.0,0.0,0.016457680250783698,0.0,0.0007836990595611285
art_scher-001BFE,0.0,0.0,0.009881422924901186,0.040513833992094864,0.0,0.018774703557312252,0.0009881422924901185,0.0,0.05039525691699605,0.0009881422924901185,0.0,0.0,0.00691699604743083,0.0,0.0,0.0,0.3527667984189723,0.0,0.0029644268774703555,0.0009881422924901185,0.0,0.0,0.001976284584980237,0.0,0.0,0.007905138339920948,0.0,0.0009881422924901185,0.0,0.0,0.0,0.0,0.0,0.0,0.0,0.001976284584980237,0.0,0.013833992094861658,0.0,0.0,0.0,0.0,0.0,0.0,0.0,0.0009881422924901185,0.011857707509881422,0.0009881422924901185,0.0,0.020750988142292492,0.0,0.15217391304347827,0.012845849802371542,0.001976284584980237,0.010869565217391304,0.0009881422924901185,0.0,0.0,0.048418972332015815,0.0,0.0,0.0,0.0,0.0,0.0,0.0,0.0,0.021739130434782608,0.0,0.005928853754940711
art_scher-009BFE,0.012861736334405145,0.0,0.006430868167202572,0.12861736334405144,0.001607717041800643,0.006430868167202572,0.0,0.0,0.12057877813504822,0.0,0.0,0.0,0.0,0.0,0.0,0.0,0.01929260450160772,0.0,0.0,0.0,0.0,0.0,0.0,0.0,0.0,0.0,0.0,0.01607717041800643,0.0,0.0,0.0,0.0,0.0,0.0,0.001607717041800643,0.067524115755627,0.1977491961414791,0.011254019292604502,0.0,0.001607717041800643,0.0,0.0,0.0,0.0,0.006430868167202572,0.0,0.001607717041800643,0.006430868167202572,0.0,0.04983922829581994,0.0,0.006430868167202572,0.006430868167202572,0.00964630225080386,0.008038585209003215,0.14308681672025725,0.003215434083601286,0.0,0.00482315112540193,0.008038585209003215,0.0,0.001607717041800643,0.0,0.0,0.0,0.0,0.0,0.008038585209003215,0.0,0.0
art_scher-008BFE,0.00129366106080207,0.00646830530401035,0.03751617076326003,0.22250970245795598,0.0,0.0,0.0,0.0,0.0,0.0,0.0,0.0,0.0,0.0,0.0,0.0,0.1384217335058215,0.0,0.0,0.0,0.0,0.0,0.0,0.0,0.0,0.0,0.0,0.00129366106080207,0.01034928848641656,0.00258732212160414,0.0,0.0,0.0,0.0,0.00646830530401035,0.019404915912031046,0.0,0.0,0.0,0.0,0.0,0.0,0.0,0.0,0.027166882276843465,0.0,0.0,0.03363518758085382,0.0,0.21216041397153945,0.0,0.08796895213454076,0.0,0.0,0.027166882276843468,0.0,0.0,0.00258732212160414,0.0,0.0,0.0,0.0,0.00129366106080207,0.0,0.0,0.0,0.0,0.06597671410090557,0.0,0.0
art_scher-005BFE,0.0,0.0,0.010256410256410256,0.041025641025641026,0.03205128205128205,0.0,0.001282051282051282,0.0,0.05384615384615385,0.0,0.0,0.015384615384615384,0.0,0.0,0.0,0.001282051282051282,0.05256410256410257,0.0,0.0,0.0,0.0,0.0,0.0,0.0,0.0,0.0,0.0,0.014102564102564101,0.0038461538461538464,0.0038461538461538464,0.0,0.0,0.0,0.0,0.001282051282051282,0.00641025641025641,0.3833333333333333,0.00641025641025641,0.0,0.0,0.0,0.0,0.0,0.0,0.00641025641025641,0.0,0.0,0.007692307692307692,0.0,0.0,0.0,0.0038461538461538464,0.0,0.005128205128205128,0.007692307692307692,0.015384615384615384,0.0,0.0,0.04871794871794872,0.0641025641025641,0.0,0.0,0.0,0.0,0.0,0.0,0.08333333333333333,0.03461538461538462,0.0,0.0
art_scher-049BFE,0.0,0.0,0.005637467476149177,0.1474414570685169,0.0,0.0008673026886383347,0.0,0.0,0.004336513443191674,0.0004336513443191674,0.0,0.0,0.0004336513443191674,0.0,0.0,0.0,0.10017346053772766,0.0,0.0013009540329575022,0.0,0.0,0.0,0.0013009540329575022,0.0,0.0,0.0,0.0,0.0039028620988725065,0.0004336513443191674,0.0017346053772766695,0.0,0.0,0.0,0.0004336513443191674,0.0,0.006504770164787511,0.6357328707718994,0.019947961838681697,0.0,0.0,0.0,0.0008673026886383347,0.0,0.0,0.0008673026886383347,0.004336513443191674,0.0,0.0017346053772766695,0.0,0.0,0.0,0.0,0.0,0.0,0.002168256721595837,0.006938421509106678,0.0004336513443191674,0.0,0.003469210754553339,0.016912402428447527,0.0,0.0004336513443191674,0.0,0.0,0.0,0.004336513443191674,0.0,0.008673026886383347,0.0,0.0
art_scher-051BFE,0.0,0.04860392967942089,0.002068252326783868,0.15098241985522234,0.0,0.005170630816959669,0.0,0.0,0.002068252326783868,0.0,0.0,0.0,0.010341261633919338,0.0,0.0,0.0,0.46018614270941055,0.0,0.0,0.0,0.0,0.0,0.002068252326783868,0.0,0.0,0.015511892450879007,0.0,0.004136504653567736,0.0,0.006204756980351603,0.0,0.0,0.0,0.0,0.022750775594622543,0.011375387797311273,0.0,0.01344364012409514,0.001034126163391934,0.0,0.0,0.0,0.0,0.0,0.005170630816959669,0.006204756980351603,0.0,0.005170630816959669,0.0,0.1375387797311272,0.0,0.0031023784901758017,0.0,0.0,0.004136504653567736,0.016546018614270942,0.0,0.0,0.007238883143743538,0.001034126163391934,0.0,0.0,0.0,0.0,0.0,0.0,0.0,0.011375387797311273,0.0,0.0
art_scher-052BFE,0.0015923566878980893,0.0,0.0021231422505307855,0.05573248407643312,0.0010615711252653928,0.0,0.0015923566878980893,0.0,0.02653927813163482,0.0015923566878980893,0.0,0.02813163481953291,0.004777070063694267,0.0,0.0,0.0,0.0021231422505307855,0.0,0.0,0.0,0.0,0.0,0.0,0.0,0.0,0.0,0.0,0.0037154989384288748,0.0,0.0005307855626326964,0.0010615711252653928,0.0,0.0,0.0,0.0005307855626326964,0.0037154989384288748,0.6390658174097665,0.0015923566878980893,0.0,0.004246284501061571,0.0037154989384288748,0.0,0.0,0.0,0.0,0.0,0.0,0.005307855626326964,0.0,0.0010615711252653928,0.0,0.0005307855626326964,0.0005307855626326964,0.0010615711252653928,0.0,0.006900212314225053,0.0,0.003184713375796178,0.004777070063694268,0.0,0.0,0.0,0.0,0.0,0.0,0.0,0.014861995753715499,0.0021231422505307855,0.0,0.0
art_scher-053BFE,0.0,0.0,0.0023685457129322598,0.02510658455708195,0.0,0.0009474182851729038,0.0028422548555187117,0.0,0.008053055423969684,0.0,0.0,0.0,0.0018948365703458077,0.0,0.0,0.0018948365703458077,0.03173851255329228,0.0,0.0,0.0,0.0,0.0,0.0,0.0004737091425864519,0.0,0.0,0.0,0.010895310279488394,0.0,0.0009474182851729038,0.0,0.0004737091425864519,0.0,0.0,0.0,0.0028422548555187117,0.723353860729512,0.0018948365703458077,0.0,0.0,0.0767408810990052,0.0,0.0004737091425864519,0.0,0.0009474182851729038,0.0018948365703458077,0.0004737091425864519,0.0033159639981051635,0.0,0.014211274277593559,0.0,0.005210800568450972,0.0,0.0009474182851729038,0.004263382283278067,0.004263382283278067,0.0,0.0,0.0071056371387967785,0.0,0.0,0.0,0.0,0.0,0.0,0.0,0.0,0.005210800568450971,0.0,0.0
art_scher-055BFE,0.0,0.0,0.0007331378299120235,0.00024437927663734115,0.0,0.0,0.0,0.0,0.009775171065493646,0.0,0.0,0.0,0.0,0.0,0.0,0.0,0.9794721407624634,0.0,0.0,0.0,0.0,0.0,0.0,0.0,0.0,0.0,0.0,0.0034213098729227757,0.0,0.0,0.0,0.0,0.0,0.0,0.00024437927663734115,0.0,0.0,0.00024437927663734115,0.0,0.0,0.0,0.0004887585532746823,0.00024437927663734115,0.0,0.0,0.0,0.0,0.001466275659824047,0.0,0.0,0.0,0.00024437927663734115,0.0,0.0,0.0,0.00024437927663734115,0.0,0.0,0.0,0.0,0.0,0.0,0.0,0.0,0.0,0.0,0.0,0.002932551319648094,0.0,0.0
art_scher-056BFE,0.0016853932584269663,0.0005617977528089888,0.0044943820224719105,0.04775280898876405,0.0,0.0,0.0022471910112359553,0.0,0.021348314606741574,0.0005617977528089888,0.0,0.0,0.01741573033707865,0.0,0.0,0.0011235955056179776,0.06741573033707865,0.0,0.0,0.0005617977528089888,0.0016853932584269663,0.0,0.0005617977528089888,0.0005617977528089888,0.0,0.0,0.0,0.02247191011235955,0.0,0.0016853932584269663,0.0,0.0,0.0,0.0,0.0,0.02247191011235955,0.4533707865168539,0.011797752808988763,0.0,0.0011235955056179776,0.0050561797752808986,0.0,0.0005617977528089888,0.0,0.0,0.0,0.0,0.0016853932584269663,0.0016853932584269663,0.010112359550561797,0.0,0.005056179775280899,0.0044943820224719105,0.0,0.003932584269662922,0.03651685393258427,0.0,0.0,0.011235955056179775,0.08764044943820225,0.0,0.0,0.0,0.0,0.0,0.0,0.0,0.0056179775280898875,0.0,0.0
art_scher-057BFE,0.0,0.0010615711252653928,0.0,0.0,0.0,0.09288747346072186,0.0,0.0,0.014861995753715499,0.0,0.0,0.0,0.007961783439490446,0.0,0.0,0.0,0.8248407643312102,0.0,0.0,0.0,0.0,0.0,0.0,0.0,0.0,0.0,0.0,0.0,0.0,0.0,0.0037154989384288748,0.0,0.0,0.0,0.0,0.006369426751592357,0.0,0.0,0.0,0.0,0.0,0.0,0.0015923566878980893,0.0,0.015392781316348195,0.0,0.0,0.0021231422505307855,0.0,0.0005307855626326964,0.0,0.0015923566878980893,0.0,0.0,0.0015923566878980893,0.0,0.0,0.0,0.0,0.0,0.0,0.0,0.0,0.0,0.0,0.0,0.0,0.004777070063694268,0.0,0.0
art_scher-060BFE,0.0,0.00043821209465381246,0.0039439088518843125,0.06529360210341806,0.0,0.0,0.0,0.0,0.27475898334794047,0.0,0.0,0.01971954425942156,0.0,0.0,0.0,0.0,0.007449605609114812,0.0,0.0,0.0,0.0,0.0,0.0,0.0,0.0,0.0,0.0,0.009202453987730062,0.0,0.0,0.0021910604732690623,0.0,0.0,0.0,0.00043821209465381246,0.0039439088518843125,0.476774758983348,0.00043821209465381246,0.0,0.0,0.04732690622261174,0.010517090271691499,0.0,0.0,0.0,0.0,0.0,0.0052585451358457495,0.0,0.0017528483786152498,0.0,0.0008764241893076249,0.0,0.0008764241893076249,0.0013146362839614374,0.00043821209465381246,0.0,0.0,0.0,0.0008764241893076249,0.0017528483786152498,0.00043821209465381246,0.0,0.0,0.0,0.0,0.0,0.0017528483786152498,0.0,0.00043821209465381246
art_scher-061BFE,0.0,0.0,0.0026200873362445414,0.007860262008733625,0.0,0.0034934497816593887,0.0,0.0,0.013100436681222707,0.0,0.0,0.0,0.0,0.0,0.0,0.0,0.15633187772925766,0.0,0.0026200873362445414,0.004366812227074236,0.0,0.0,0.0008733624454148472,0.0,0.0,0.0034934497816593887,0.0,0.02794759825327511,0.0,0.0,0.0008733624454148472,0.0008733624454148472,0.0,0.0,0.0,0.027947598253275106,0.4733624454148472,0.0,0.0,0.0,0.0,0.0,0.0,0.01222707423580786,0.0,0.0017467248908296944,0.0,0.0008733624454148472,0.0008733624454148472,0.0,0.0,0.0034934497816593887,0.0,0.0017467248908296944,0.0,0.006986899563318777,0.0,0.0069868995633187774,0.11703056768558952,0.0,0.0,0.0,0.0,0.0,0.0,0.0,0.0,0.0034934497816593887,0.0,0.0
art_scher-062BFE,0.0,0.0,0.002055921052631579,0.049342105263157895,0.0,0.0,0.0,0.0,0.0,0.0,0.0,0.0,0.02055921052631579,0.0,0.0,0.0,0.876233552631579,0.0,0.0,0.0,0.0,0.0,0.0,0.0,0.0008223684210526315,0.0,0.0,0.011101973684210526,0.0,0.0,0.0,0.0,0.00041118421052631577,0.002055921052631579,0.00041118421052631577,0.0008223684210526315,0.0,0.0012335526315789473,0.0,0.0,0.0,0.0,0.0012335526315789473,0.0,0.003700657894736842,0.0012335526315789473,0.0,0.002055921052631579,0.0,0.00041118421052631577,0.0,0.0,0.0,0.0,0.002055921052631579,0.0,0.0,0.0,0.0,0.0,0.0,0.00041118421052631577,0.0,0.0012335526315789473,0.0,0.0,0.0,0.007401315789473684,0.0,0.0008223684210526315
art_scher-063BFE,0.0,0.0,0.0036273701566364386,0.027205276174773294,0.0,0.006100577081615829,0.0,0.0,0.0,0.0,0.0,0.0,0.004286892003297609,0.0,0.0,0.0,0.80560593569662,0.0,0.0,0.00032976092333058534,0.0,0.0,0.0,0.0,0.0,0.02357790601813685,0.0,0.004286892003297609,0.0,0.0,0.0,0.0016488046166529267,0.0,0.0,0.0,0.004946413849958781,0.0,0.000989282769991756,0.0,0.0,0.0,0.0,0.00032976092333058534,0.0,0.0011541632316570487,0.00032976092333058534,0.0,0.002967848309975268,0.0,0.01599340478153339,0.0,0.0014839241549876342,0.0,0.0016488046166529267,0.004451772464962902,0.000494641384995878,0.0,0.0,0.04814509480626546,0.0,0.0,0.0,0.0,0.0,0.0,0.0,0.0,0.008079142621599342,0.00032976092333058534,0.000494641384995878
art_scher-064BFE,0.0002493143854400399,0.0004986287708800798,0.007230117177761156,0.02268760907504363,0.0002493143854400399,0.0,0.0,0.0,0.006232859636000997,0.0,0.0,0.0,0.044377960608327105,0.0,0.0,0.0,0.8603839441535777,0.0,0.0,0.0,0.0,0.0,0.0,0.0,0.0002493143854400399,0.0,0.0007479431563201197,0.005235602094240838,0.0,0.0,0.0,0.0,0.0,0.0,0.0,0.0039890301670406384,0.0,0.0,0.0,0.0,0.0,0.0,0.0007479431563201197,0.0,0.0,0.0,0.0,0.006482174021441037,0.0,0.0,0.0,0.0002493143854400399,0.0,0.0,0.004238344552480678,0.0002493143854400399,0.0,0.0,0.0,0.0,0.0,0.0004986287708800798,0.009972575417601595,0.0,0.0,0.0,0.0,0.013213662428322113,0.0,0.0
art_scher-066BFE,0.0,0.0007072135785007072,0.005657708628005658,0.17256011315417255,0.0,0.0,0.0,0.0,0.0,0.0,0.0,0.0,0.10042432814710042,0.0,0.0,0.0,0.055162659123055166,0.0,0.0,0.0,0.0,0.0,0.0,0.0,0.0,0.0,0.0,0.016265912305516265,0.0,0.0,0.0,0.0,0.0,0.0,0.012022630834512023,0.0,0.0,0.0,0.0021216407355021216,0.0,0.0,0.0,0.003536067892503536,0.0,0.0021216407355021216,0.0,0.0,0.33026874115983024,0.0,0.006364922206506365,0.0,0.0021216407355021216,0.0,0.0,0.01485148514851485,0.0021216407355021216,0.0,0.0,0.0,0.0,0.0,0.0,0.0,0.0,0.0,0.0,0.0,0.11386138613861387,0.0,0.007779349363507779
art_scher-067BFE,0.0,0.0023607176581680834,0.004721435316336166,0.019830028328611898,0.00047214353163361664,0.0,0.0,0.00047214353163361664,0.06373937677053824,0.0,0.0,0.0,0.0033050047214353163,0.0,0.0,0.0,0.025023607176581683,0.0,0.0,0.00047214353163361664,0.0,0.0,0.0,0.0,0.0,0.0,0.0,0.03446647780925402,0.0,0.0,0.0,0.0,0.0,0.0,0.0033050047214353167,0.03352219074598679,0.330028328611898,0.00141643059490085,0.0,0.0,0.0,0.0,0.0,0.0,0.0009442870632672333,0.00047214353163361664,0.0,0.006610009442870633,0.0,0.0,0.00047214353163361664,0.0023607176581680834,0.0,0.0,0.004721435316336167,0.049575070821529746,0.0,0.0,0.0023607176581680834,0.3361661945231351,0.0,0.0,0.0,0.0,0.0,0.0,0.0,0.005665722379603401,0.0,0.0009442870632672333
art_scher-068BFE,0.0,0.0,0.002388535031847134,0.030254777070063694,0.0,0.0,0.0,0.0,0.03105095541401274,0.0,0.0,0.0,0.01751592356687898,0.0,0.0,0.0,0.042993630573248405,0.0,0.0,0.0,0.0,0.0,0.0,0.0,0.0,0.0,0.0,0.004777070063694268,0.0,0.0015923566878980893,0.0007961783439490446,0.0015923566878980893,0.0,0.0,0.0007961783439490446,0.006369426751592357,0.7245222929936306,0.0,0.0,0.0,0.03901273885350318,0.0,0.0,0.0,0.0007961783439490446,0.0,0.0,0.0007961783439490446,0.0,0.022292993630573247,0.0,0.0,0.0,0.04697452229299363,0.0023885350318471337,0.0007961783439490446,0.0,0.0,0.0,0.0,0.0,0.0,0.007961783439490446,0.0,0.0,0.0,0.0,0.0007961783439490446,0.0,0.0
art_scher-069BFE,0.0012437810945273632,0.0009328358208955224,0.0,0.11038557213930347,0.0009328358208955224,0.0,0.0,0.0,0.0065298507462686565,0.0,0.0,0.0,0.0,0.0,0.0,0.0,0.7251243781094527,0.0,0.0,0.0,0.0,0.0,0.0,0.0,0.0,0.08022388059701492,0.0,0.0024875621890547263,0.0006218905472636816,0.0,0.0,0.0,0.0,0.0,0.003420398009950249,0.016480099502487564,0.0,0.0024875621890547263,0.0,0.0,0.0,0.0,0.0003109452736318408,0.0,0.0,0.0,0.0,0.0065298507462686565,0.0006218905472636816,0.0,0.0,0.00404228855721393,0.0,0.0,0.006840796019900497,0.0003109452736318408,0.0,0.0,0.0021766169154228856,0.0,0.0,0.0,0.0,0.0,0.0,0.0003109452736318408,0.0,0.010883084577114429,0.0,0.0012437810945273632
art_scher-070BFE,0.001384083044982699,0.0,0.000922722029988466,0.07612456747404844,0.0,0.0,0.000461361014994233,0.0,0.0,0.0,0.0,0.0,0.026066897347174166,0.0,0.0,0.000461361014994233,0.5411764705882353,0.0,0.0,0.01845444059976932,0.0,0.0,0.0006920415224913495,0.0,0.0,0.0,0.0,0.00922722029988466,0.000461361014994233,0.0,0.0,0.0,0.0,0.0,0.0002306805074971165,0.024452133794694346,0.0,0.027681660899653977,0.001845444059976932,0.0,0.0,0.0,0.000922722029988466,0.0,0.000461361014994233,0.002768166089965398,0.005074971164936563,0.00853517877739331,0.0002306805074971165,0.029988465974625147,0.0,0.050749711649365634,0.0,0.0032295271049596307,0.004844290657439447,0.048904267589388706,0.0,0.0,0.0223760092272203,0.0,0.0,0.000461361014994233,0.0,0.0006920415224913495,0.000461361014994233,0.0,0.0,0.00922722029988466,0.0,0.002306805074971165
art_scher-071BFE,0.000585308750365818,0.000292654375182909,0.004389815627743634,0.07755340942347087,0.0,0.0,0.0,0.0,0.0,0.0,0.0,0.0,0.00556043312847527,0.0,0.0,0.0,0.6286215978928885,0.0,0.000585308750365818,0.000585308750365818,0.0,0.0,0.000292654375182909,0.0,0.0,0.06965174129353235,0.0,0.005853087503658179,0.0,0.0,0.0,0.0,0.0,0.0,0.0,0.0556043312847527,0.0,0.0026338893766461808,0.0,0.0,0.0,0.0,0.000585308750365818,0.000585308750365818,0.003511852502194908,0.000585308750365818,0.0,0.009364940005853088,0.0,0.000292654375182909,0.0,0.000877963125548727,0.0,0.0,0.000877963125548727,0.012584138132865085,0.000292654375182909,0.0,0.04448346502780216,0.0,0.0,0.000292654375182909,0.0,0.0,0.0,0.0,0.0,0.012291483757682176,0.000292654375182909,0.000292654375182909
art_scher-072BFE,0.0,0.020068807339449542,0.0040137614678899085,0.014908256880733946,0.0,0.0,0.0,0.0,0.0194954128440367,0.0,0.0,0.0,0.011467889908256881,0.0,0.0,0.0,0.11811926605504587,0.0,0.0,0.0034403669724770644,0.0,0.0,0.0,0.0,0.0,0.0,0.0,0.0045871559633027525,0.0005733944954128441,0.0005733944954128441,0.005733944954128441,0.0011467889908256881,0.0,0.0,0.010321100917431193,0.022935779816513763,0.6387614678899083,0.01834862385321101,0.0,0.0,0.0,0.0,0.0,0.0,0.0005733944954128441,0.0045871559633027525,0.0,0.0017201834862385322,0.0011467889908256881,0.016055045871559634,0.0,0.02236238532110092,0.0,0.0,0.0,0.00974770642201835,0.0,0.0,0.0045871559633027525,0.007454128440366973,0.0,0.0,0.0,0.0,0.0,0.0,0.0,0.0040137614678899085,0.0,0.0
art_scher-073BFE,0.0,0.0009501187648456057,0.0,0.14045922406967537,0.0,0.04513064133016627,0.0,0.00015835312747426763,0.00031670625494853525,0.0,0.0,0.0,0.0,0.0,0.0,0.0,0.6259699129057799,0.0,0.0,0.003167062549485352,0.0,0.0,0.004908946951702296,0.0,0.00015835312747426763,0.01393507521773555,0.0,0.02644497228820269,0.0,0.0,0.0,0.0,0.00047505938242280285,0.00015835312747426763,0.00031670625494853525,0.008076009501187649,0.0,0.0006334125098970705,0.0,0.0,0.0,0.0,0.0012668250197941408,0.0,0.0006334125098970705,0.020110847189231985,0.0,0.01583531274742676,0.00015835312747426763,0.00015835312747426763,0.0,0.0015835312747426763,0.0,0.0,0.003483768804433888,0.011876484560570071,0.0,0.0,0.00870942201108472,0.0,0.0,0.0007917656373713382,0.0,0.0009501187648456057,0.0,0.0,0.0,0.009184481393507521,0.0026920031670625497,0.00601741884402217
art_scher-075BFE,0.000251004016064257,0.000251004016064257,0.00426706827309237,0.09011044176706827,0.0,0.0,0.0,0.0,0.0,0.0,0.0,0.0,0.004016064257028112,0.0,0.0,0.0,0.725401606425703,0.0,0.0015060240963855422,0.000251004016064257,0.0,0.000502008032128514,0.000502008032128514,0.0,0.0,0.02208835341365462,0.000251004016064257,0.0050200803212851405,0.0,0.0,0.0,0.0,0.0,0.0,0.000753012048192771,0.030622489959839357,0.0,0.001004016064257028,0.0,0.0,0.0,0.0,0.0,0.0,0.000251004016064257,0.002259036144578313,0.0,0.002259036144578313,0.0,0.0,0.0,0.001004016064257028,0.0,0.000251004016064257,0.006024096385542168,0.015562248995983935,0.0,0.0,0.0017570281124497991,0.0012550200803212851,0.0,0.0,0.0,0.0,0.0,0.0,0.0,0.004016064257028112,0.000502008032128514,0.002259036144578313
art_scher-076BFE,0.001957585644371941,0.0014138118542686242,0.005328983143012507,0.10375203915171288,0.0,0.0,0.0,0.0,0.0,0.0,0.0,0.0,0.0,0.0002175095160413268,0.0,0.0,0.49766177270255574,0.0002175095160413268,0.0,0.007395323545405111,0.0,0.0,0.0018488308863512776,0.0,0.0,0.0,0.005328983143012507,0.012289287656334965,0.0003262642740619902,0.0,0.0001087547580206634,0.0,0.0003262642740619902,0.0,0.0002175095160413268,0.016530723219140835,0.01500815660685155,0.002392604676454595,0.0014138118542686242,0.0,0.0,0.0,0.002175095160413268,0.001631321370309951,0.0,0.001957585644371941,0.0,0.012071778140293636,0.0,0.11995649809679174,0.0002175095160413268,0.0004350190320826536,0.0,0.001957585644371941,0.029907558455682437,0.0057640021750951604,0.0,0.015116911364872214,0.0001087547580206634,0.0030451332245785756,0.0,0.0006525285481239804,0.05144100054377379,0.0002175095160413268,0.0,0.0,0.0,0.02686242523110386,0.0,0.0
art_scher-077BFE,0.00041186161449752884,0.0012355848434925866,0.002883031301482702,0.051894563426688634,0.0,0.0,0.0,0.0,0.0,0.0,0.0,0.0,0.009472817133443162,0.0,0.0,0.0,0.8109555189456346,0.0,0.0,0.0,0.00041186161449752884,0.0,0.0008237232289950577,0.0,0.0,0.021416803953871497,0.0,0.016062602965403624,0.0,0.0,0.0,0.002059308072487644,0.00041186161449752884,0.0,0.0032948929159802307,0.016474464579901156,0.0,0.0,0.0,0.0,0.0,0.0,0.0008237232289950577,0.0,0.0032948929159802307,0.0,0.0,0.0032948929159802307,0.0008237232289950577,0.0,0.0,0.002059308072487644,0.0,0.0,0.002059308072487644,0.011532125205930808,0.0,0.0,0.0,0.0,0.0,0.0,0.0,0.0,0.0,0.0,0.0,0.004118616144975288,0.0,0.0012355848434925864
art_scher-078BFE,0.0,0.0,0.0009982530571499876,0.02221113052158722,0.0,0.0,0.0,0.0002495632642874969,0.0,0.00012478163214374845,0.0,0.0,0.0,0.0,0.0,0.0,0.2146244072872473,0.0,0.0021212877464437236,0.0008734714250062392,0.0,0.0,0.0014973795857249812,0.0002495632642874969,0.0,0.017469428500124784,0.0,0.004991265285749937,0.0003743448964312453,0.0,0.0,0.0024956326428749688,0.00012478163214374845,0.0,0.0007486897928624907,0.07050162216121787,0.2847516845520339,0.0007486897928624907,0.0,0.0,0.0,0.0,0.0,0.0,0.001123034689293736,0.0008734714250062391,0.0,0.001123034689293736,0.00037434489643124535,0.0,0.00012478163214374845,0.00037434489643124535,0.0,0.0,0.0039930122285999495,0.004616920389318693,0.0,0.0,0.004616920389318692,0.3130771150486648,0.0,0.00012478163214374845,0.0,0.0,0.0012478163214374844,0.0,0.0,0.004492138757174944,0.00012478163214374845,0.00012478163214374845
art_scher-079BFE,0.0,0.003917881209841718,0.0007835762419683435,0.03510421564018179,0.0,0.0,0.0,0.0,0.0001567152483936687,0.0,0.0,0.0,0.0,0.0,0.0,0.0,0.8700830590816485,0.0,0.0,0.003134304967873374,0.0,0.0,0.00971634540040746,0.0,0.0001567152483936687,0.005798464190565742,0.0012537219871493496,0.013790941858642845,0.0,0.0,0.0,0.0,0.0,0.0,0.0,0.02099984328475161,0.0,0.0001567152483936687,0.0,0.0,0.0,0.0,0.002664159222692368,0.0,0.0,0.0,0.0,0.0007835762419683435,0.0004701457451810061,0.0001567152483936687,0.0,0.0017238677323303557,0.0,0.0,0.0009402914903620123,0.005171603196991067,0.0,0.0007835762419683435,0.002664159222692368,0.0,0.0,0.0001567152483936687,0.0,0.0,0.0,0.0,0.0,0.002977589719479705,0.0,0.0003134304967873374
art_scher-080BFE,0.0014049877063575693,0.03266596417281349,0.0019318580962416577,0.046540217773094486,0.0,0.014927994380049174,0.0,0.0,0.0,0.00017562346329469617,0.0,0.0,0.006322444678609062,0.0,0.0,0.0,0.5985247629083245,0.0,0.01685985247629083,0.04636459430979979,0.0,0.0,0.014576747453459783,0.0,0.0,0.011766772040744642,0.00017562346329469617,0.0024587284861257463,0.0,0.0,0.0015806111696522655,0.00035124692658939234,0.0,0.0005268703898840885,0.0012293642430628731,0.016684229012996134,0.0,0.0014049877063575693,0.0,0.0,0.0,0.0,0.0007024938531787847,0.0,0.0,0.006498068141903758,0.0,0.004039339655778012,0.00017562346329469617,0.0015806111696522655,0.0,0.0026343519494204425,0.0,0.0,0.0014049877063575693,0.02388479100807868,0.0,0.0024587284861257463,0.051106427818756586,0.0,0.0,0.0007024938531787847,0.0,0.0012293642430628731,0.0,0.0,0.0,0.005444327362135581,0.0066736916051984545,0.0024587284861257463
art_scher-082BFE,0.0009780385880679293,0.0,0.006757357517560239,0.10402774073086156,0.0,0.0,0.00044456299457633147,0.00044456299457633147,0.0081799591002045,8.891259891526629e-05,0.0,0.0,0.003023028363119054,0.0,0.0,0.00017782519783053258,0.24104205565928694,0.0,0.0032897661598648527,0.000978038588067929,0.0006223881924068641,0.0014226015826442606,0.0008002133902373966,0.00044456299457633147,0.0,0.0005334755934915977,0.0,0.01271450164488308,0.0,0.012269938650306747,0.0,0.0008002133902373966,0.0,0.0,0.0,0.03352004979105539,0.1764915088468036,0.002044989775051125,0.0,0.0,0.0543255979372277,0.0,0.0008002133902373967,0.0,0.0008002133902373966,0.015737530008002133,0.0,0.006046056726238108,0.0,0.0008891259891526629,0.0,0.0044456299457633144,0.014848404018849471,0.006046056726238108,0.0020449897750511245,0.06650662398861919,8.891259891526629e-05,0.0,0.007646483506712902,0.020272072552680716,0.0,0.0005334755934915977,0.0,0.00026673779674579886,0.0,0.0,0.0,0.007201920512136569,8.891259891526629e-05,0.0
art_scher-084BFE,0.0004108463434675431,0.0005135579293344288,0.0031840591618734594,0.16290057518488088,0.0,0.0,0.0,0.00010271158586688578,0.039749383730484804,0.0,0.00010271158586688578,0.0,0.002054231717337716,0.0,0.0,0.0,0.38455217748562043,0.0,0.0006162695152013147,0.010579293344289236,0.0011298274445357436,0.0,0.0016433853738701727,0.0,0.0,0.0,0.0005135579293344288,0.03800328677074774,0.0,0.0,0.0,0.0,0.00010271158586688578,0.00020542317173377156,0.001540673788003287,0.034202958093672964,0.0,0.001027115858668858,0.0,0.0,0.0,0.0,0.0011298274445357436,0.0,0.005957271980279375,0.0,0.0,0.007497945768282662,0.0,0.00010271158586688578,0.00010271158586688578,0.009654889071487264,0.0,0.00020542317173377156,0.010065735414954808,0.008627773212818405,0.0,0.0,0.18118323746918652,0.0,0.0004108463434675431,0.0018488085456039441,0.0,0.0,0.00010271158586688578,0.00020542317173377156,0.0,0.01386606409202958,0.0018488085456039441,0.001027115858668858
art_scher-085BFE,0.00037504688086010754,0.0,0.00150018752344043,0.0016252031503937994,0.0,0.0,0.0,0.00012501562695336918,0.00012501562695336918,0.0,0.0,0.0,0.00037504688086010754,0.0,0.0,0.0,0.8748593574196775,0.0,0.0,0.00012501562695336918,0.0,0.0,0.002000250031253907,0.0,0.0,0.005625703212901613,0.0,0.00025003125390673836,0.0,0.0,0.0,0.0,0.0007500937617202151,0.0,0.0,0.0008751093886735842,0.0016252031503937994,0.0,0.00012501562695336918,0.0,0.0,0.0,0.0005000625078134767,0.07563445430678835,0.0,0.002125265658207276,0.0,0.0031253906738342293,0.0,0.003625453181647706,0.00012501562695336918,0.00037504688086010754,0.0,0.0,0.0007500937617202151,0.0007500937617202151,0.0,0.002000250031253907,0.0,0.0,0.0,0.00025003125390673836,0.015501937742217777,0.0,0.0,0.0,0.0,0.002000250031253907,0.0,0.00025003125390673836
art_scher-086BFE,0.0003690717844620779,0.0031371101679276616,0.004059789629082856,0.012548440671710648,0.0003690717844620779,0.00018453589223103894,0.00018453589223103894,0.0,0.00848865104262779,0.0,0.0,0.03985975272190441,0.025281417235652335,0.0,0.0,0.0007381435689241557,0.1869348588300424,0.0,0.003875253736851818,0.0022144307067724672,0.0,0.0,0.00018453589223103894,0.00018453589223103894,0.0,0.0,0.0,0.017899981546410777,0.00018453589223103894,0.004613397305775974,0.0007381435689241557,0.00018453589223103894,0.00018453589223103894,0.0,0.002029894814541428,0.024912345451190254,0.41409854216645137,0.004059789629082856,0.0,0.0014762871378483115,0.0,0.0,0.0,0.0,0.0,0.009042258719320908,0.0,0.0012917512456172725,0.002768038383465584,0.002952574275696623,0.0,0.014209263701789999,0.0005536076766931168,0.0027680383834655844,0.0014762871378483115,0.02398966599003506,0.00018453589223103894,0.0,0.0014762871378483115,0.016054622624100387,0.0,0.0005536076766931168,0.0,0.0,0.0,0.0005536076766931168,0.0,0.005351540874700128,0.0003690717844620779,0.0
art_scher-087BFE,0.0004059814601799851,6.766357669666418e-05,0.0051424318289464786,0.04032749171121186,0.0,0.028689356519385614,6.766357669666418e-05,0.00020299073008999254,0.00778131132011638,0.0012179443805399553,0.0024358887610799107,0.0,0.0,0.00013532715339332837,0.0,0.0,0.08079031057581704,0.0,6.766357669666418e-05,0.002841870221259896,6.766357669666418e-05,0.0,0.0006766357669666419,0.0,0.0,0.06394207997834767,0.0,0.0037214967183165303,0.0,0.0,0.006089721902699777,0.0026388794911699036,6.766357669666418e-05,6.766357669666418e-05,0.00033831788348332093,0.025441504837945734,0.33256647946410445,0.014277014682996143,0.0,0.0,0.09987143920427634,0.0,0.00013532715339332837,0.003789160295013194,0.0008796264970566345,0.004601123215373165,0.0,0.0008796264970566343,0.0,0.04946207456526152,6.766357669666418e-05,0.0,0.00040598146017998513,0.0,0.0033831788348332096,0.019825427972122608,0.00033831788348332093,0.0,0.006766357669666419,0.0027742066445632318,0.0,0.0,0.0,0.00013532715339332837,0.0,0.0,0.0829555450301103,0.01048785438798295,0.0,0.0
art_scher-088BFE,0.0004286326618088298,0.00014287755393627662,0.005429347049578512,0.09972853264752107,0.0,0.0,0.0,0.00028575510787255323,0.0031433061865980853,0.00014287755393627662,0.00014287755393627662,0.0,0.0004286326618088298,0.0,0.0,0.0,0.30204314902128876,0.0,0.0,0.004286326618088298,0.0,0.0,0.0,0.0,0.0,0.0,0.0,0.016002286040862977,0.0,0.0,0.0,0.0034290612944706386,0.00014287755393627662,0.00014287755393627662,0.00014287755393627662,0.051721674524932135,0.3224746392341763,0.0020002857551078726,0.0015716530932990426,0.0,0.0,0.0,0.00028575510787255323,0.0,0.00014287755393627662,0.012858979854264894,0.0,0.002286040862980426,0.0,0.012430347192456065,0.0,0.010287183883411917,0.0,0.0031433061865980853,0.0038576939562794685,0.019431347335333617,0.0,0.0004286326618088298,0.007858265466495214,0.026146592370338617,0.0038576939562794685,0.00014287755393627662,0.0,0.00014287755393627662,0.0,0.0,0.0,0.010715816545220747,0.0,0.0
art_scher-089BFE,0.0,0.0031868277785154693,0.0007967069446288673,0.02124551852343646,0.0001327844907714779,0.0,0.0,0.0001327844907714779,0.01460629398486257,0.0,0.0,0.0,0.0,0.0,0.0,0.0,0.011552250697118575,0.0,0.0007967069446288673,0.0003983534723144337,0.0,0.0,0.0001327844907714779,0.0,0.0,0.0,0.0,0.005045810649316159,0.0,0.0015934138892577346,0.002257336343115124,0.0010622759261718232,0.0,0.0,0.001195060416943301,0.013012880095604834,0.8680122161731509,0.004913026158544682,0.0,0.0010622759261718232,0.0,0.0,0.0001327844907714779,0.0,0.0001327844907714779,0.0017261983800292125,0.0,0.002788474306201036,0.0021245518523436463,0.00039835347231443366,0.0,0.0039835347231443365,0.0,0.0025229053246580797,0.0009294914354003453,0.0015934138892577346,0.0002655689815429558,0.0007967069446288673,0.0009294914354003452,0.0009294914354003452,0.0,0.0,0.0,0.0,0.002655689815429558,0.0,0.0,0.0014606293984862568,0.0001327844907714779,0.0
art_scher-090BFE,0.004498714652956298,0.0006426735218508997,0.003534704370179949,0.039845758354755775,0.0,0.0,0.0,0.00032133676092544985,0.0,0.00032133676092544985,0.0016066838046272494,0.0,0.0,0.0,0.0,0.0,0.6282133676092545,0.0,0.013174807197943445,0.011246786632390746,0.0,0.0,0.006105398457583548,0.0,0.0,0.0,0.0,0.005141388174807198,0.00032133676092544985,0.0,0.0,0.0,0.0,0.0,0.0,0.02377892030848329,0.0,0.002570694087403599,0.0,0.0,0.0,0.0,0.0,0.0,0.0012853470437017994,0.007069408740359897,0.00032133676092544985,0.0038560411311053984,0.0,0.0,0.0,0.00032133676092544985,0.0,0.0,0.006748071979434447,0.031169665809768633,0.0,0.0,0.0012853470437017994,0.0035347043701799484,0.0,0.0006426735218508997,0.00032133676092544985,0.00032133676092544985,0.0,0.00032133676092544985,0.0,0.017030848329048845,0.00032133676092544985,0.00032133676092544985
art_scher-091BFE,0.0,0.0,0.009770687936191425,0.0386839481555334,0.0,0.006779661016949152,0.0,0.0,0.0,0.0,0.0,0.0,0.0061814556331006975,0.0,0.0,0.0,0.773678963110668,0.0,0.0,0.014556331006979064,0.0,0.0,0.00259222333000997,0.0,0.0,0.017746759720837488,0.0,0.048055832502492526,0.0019940179461615153,0.0,0.0,0.0,0.0,0.001794616151545364,0.0007976071784646061,0.0,0.0,0.004985044865403789,0.0,0.0,0.0,0.0,0.0017946161515453637,0.0,0.0,0.0,0.0,0.006380857427716849,0.0019940179461615153,0.00039880358923230307,0.0,0.004586241276171486,0.0,0.00039880358923230307,0.0,0.0,0.0,0.0,0.006979062811565304,0.0,0.0,0.0005982053838484546,0.0,0.0005982053838484546,0.0,0.0,0.0,0.03110667996011964,0.0,0.0015952143569292125
art_scher-092BFE,0.0007867820613690008,0.0,0.0034093889325990034,0.03986362444269604,0.0,0.025439286650931026,0.0,0.0,0.0,0.00026226068712300026,0.0,0.0,0.0,0.0,0.0,0.0,0.6965643849986887,0.0,0.0,0.0015735641227380016,0.0,0.0,0.0034093889325990034,0.0,0.0,0.014686598478888015,0.0,0.00970364542355101,0.001049042748492001,0.0,0.0,0.012850773669027014,0.001049042748492001,0.0,0.0018358248098610018,0.05140309467610805,0.0,0.0034093889325990034,0.0,0.0,0.0,0.0,0.00026226068712300026,0.0,0.0007867820613690008,0.0034093889325990034,0.0,0.004982953055337005,0.0005245213742460005,0.008916863362182009,0.0,0.001049042748492001,0.0,0.0,0.0005245213742460005,0.00026226068712300026,0.0,0.0,0.0023603461841070024,0.0,0.0,0.0,0.0,0.0,0.0,0.0,0.0,0.025701547338054027,0.00026226068712300026,0.003147128245476003
art_scher-093BFE,0.00039888312724371757,0.00039888312724371757,0.00039888312724371757,0.06262465097726366,0.0,0.002792181890706023,0.00039888312724371757,0.00039888312724371757,0.005983246908655764,0.0,0.00039888312724371757,0.0,0.0019944156362185876,0.0,0.0,0.0,0.23932987634623057,0.0,0.0,0.0,0.0,0.0,0.0007977662544874351,0.0,0.0,0.0,0.0,0.007578779417630634,0.0007977662544874351,0.0,0.0,0.0,0.0,0.0,0.0,0.007179896290386917,0.5157558835261269,0.00039888312724371757,0.0,0.0,0.0,0.0,0.0,0.0,0.0019944156362185876,0.0,0.0,0.005983246908655763,0.0007977662544874351,0.0,0.0,0.002792181890706023,0.0,0.0,0.00039888312724371757,0.00997207818109294,0.0,0.0,0.004387714399680893,0.0,0.0,0.0,0.0,0.0,0.0,0.0,0.0,0.0035899481451934574,0.007977662544874352,0.0
art_scher-094BFE,0.0,0.0,0.0008382229673093043,0.0917854149203688,0.0,0.00041911148365465214,0.0,0.0,0.0,0.0,0.0,0.16638725901089688,0.0,0.0,0.0,0.0008382229673093043,0.02682313495389774,0.0,0.00041911148365465214,0.0,0.0,0.0,0.0,0.0,0.0,0.0,0.0,0.004191114836546521,0.0,0.01383067896060352,0.0,0.0,0.0,0.0008382229673093043,0.0,0.006286672254819782,0.6014249790444258,0.0012573344509639564,0.0,0.0,0.04777870913663034,0.0,0.0,0.0,0.00041911148365465214,0.0008382229673093043,0.0,0.004610226320201173,0.0,0.0,0.0,0.0020955574182732607,0.0,0.0,0.0008382229673093043,0.002514668901927913,0.0,0.0,0.002933780385582565,0.0,0.0,0.0,0.0,0.0,0.0,0.0,0.0,0.0016764459346186086,0.0008382229673093043,0.0
art_scher-096BFE,0.0,0.0009195402298850574,0.001379310344827586,0.016091954022988506,0.0,0.0,0.0,0.0,0.0,0.0,0.0,0.0,0.0,0.0,0.0,0.0,0.7710344827586207,0.0,0.0,0.0,0.0,0.0,0.0,0.0,0.0,0.0,0.03402298850574712,0.010114942528735632,0.0009195402298850574,0.07862068965517241,0.04183908045977011,0.0,0.0,0.0,0.0004597701149425287,0.0,0.0,0.0,0.0,0.0,0.0,0.0004597701149425287,0.0004597701149425287,0.0,0.0,0.0,0.0,0.01563218390804598,0.0,0.0,0.0,0.005057471264367816,0.0,0.0004597701149425287,0.0004597701149425287,0.0004597701149425287,0.0,0.0,0.0,0.0,0.0,0.0,0.0,0.0,0.0004597701149425287,0.0,0.0,0.0032183908045977008,0.0,0.0
art_scher-097BFE,0.004118858487790526,0.0035304501323918797,0.0023536334215945864,0.12385995881141512,0.0,0.020005884083553988,0.0,0.0002942041776993233,0.0,0.0,0.0,0.0,0.0,0.0,0.0,0.0,0.527802294792586,0.0,0.008531921153280376,0.0029420417769932335,0.0,0.0,0.0035304501323918797,0.0,0.0,0.0,0.0002942041776993233,0.01588702559576346,0.0002942041776993233,0.007649308620182407,0.024418946749043838,0.00353045013239188,0.0,0.0,0.0,0.04677846425419241,0.0,0.00353045013239188,0.0,0.0,0.0,0.0,0.0002942041776993233,0.0,0.0002942041776993233,0.028537805236834364,0.0,0.005589879376287143,0.0005884083553986466,0.05501618122977346,0.0005884083553986466,0.0011768167107972932,0.0,0.0002942041776993233,0.0035304501323918797,0.011179758752574286,0.0,0.0,0.0035304501323918797,0.0,0.0,0.0,0.0,0.0,0.0,0.0,0.0,0.012062371285672255,0.0,0.0011768167107972932
art_scher-099BFE,0.0,0.0,0.0009878169245966413,0.042146855449456705,0.0,0.0,0.0,0.00032927230819888045,0.011195258478761936,0.0,0.0,0.0,0.002963450773789924,0.0,0.0,0.0,0.8083635166282517,0.0,0.0,0.0016463615409944023,0.0,0.0,0.0029634507737899248,0.0,0.0,0.0,0.0,0.019427066183733948,0.00032927230819888045,0.0,0.0,0.02667105696410932,0.0,0.0,0.0,0.009878169245966415,0.0,0.0016463615409944023,0.0,0.0,0.0,0.0,0.00032927230819888045,0.0,0.0,0.005597629239380968,0.0,0.0032927230819888046,0.0,0.007243990780375371,0.0,0.0,0.0,0.0,0.0,0.00032927230819888045,0.0,0.0026341784655910436,0.0026341784655910436,0.0,0.0,0.0,0.019427066183733948,0.0,0.0,0.0,0.0,0.01481725386894962,0.0,0.0
art_scher-100BFE,0.00120312813314618,0.0,0.0008020854220974534,0.09925807098455985,0.0,0.0,0.0,0.00020052135552436334,0.0,0.0,0.00421094846601163,0.0,0.00020052135552436334,0.0,0.0,0.0,0.6093843994385402,0.0,0.0,0.0040104271104872665,0.00120312813314618,0.0,0.004411469821535993,0.0,0.0,0.0010026067776218166,0.0022057349107679966,0.00842189693202326,0.0008020854220974534,0.0,0.0,0.0,0.0,0.0,0.0,0.016242229797473428,0.0,0.03348706637256868,0.00300782033286545,0.0,0.0,0.0,0.0,0.0,0.0,0.012833366753559255,0.0,0.0060156406657309,0.0,0.0,0.0,0.02005213555243633,0.0,0.0026067776218167233,0.005013033888109084,0.025666733507118504,0.00020052135552436334,0.0,0.00962502506516944,0.0008020854220974534,0.0,0.0,0.0,0.0,0.0,0.0,0.0,0.005815119310206536,0.00120312813314618,0.0004010427110487267
art_scher-101BFE,0.002981029810298103,0.0,0.0024390243902439024,0.03414634146341464,0.0,0.0,0.0,0.00027100271002710027,0.0013550135501355014,0.0,0.0,0.0,0.00027100271002710027,0.0,0.0,0.0,0.7972899728997289,0.0,0.034959349593495934,0.004607046070460705,0.00027100271002710027,0.0,0.0,0.0,0.00027100271002710027,0.0,0.0016260162601626016,0.014634146341463414,0.00027100271002710027,0.0,0.00027100271002710027,0.0,0.0,0.0,0.0,0.016260162601626018,0.00027100271002710027,0.001084010840108401,0.0013550135501355014,0.0,0.0005420054200542005,0.0,0.001084010840108401,0.0,0.00027100271002710027,0.007046070460704608,0.0,0.0016260162601626016,0.0,0.00027100271002710027,0.0,0.003794037940379404,0.0,0.001897018970189702,0.004607046070460705,0.00027100271002710027,0.0,0.0,0.0,0.0,0.0,0.0,0.0,0.0,0.0,0.0005420054200542005,0.0,0.01084010840108401,0.0,0.003794037940379404
art_scher-102BFE,0.0006995452955578874,0.0003497726477789437,0.002448408534452606,0.0416229450856943,0.0,0.0,0.0,0.0,0.0006995452955578874,0.0013990905911157748,0.0,0.0,0.001049317943336831,0.0003497726477789437,0.0,0.0,0.4571528506470794,0.0,0.05491430570129416,0.0038474991255683807,0.0003497726477789437,0.0,0.010493179433368312,0.0,0.0,0.028681357117873382,0.0,0.0017488632388947185,0.0,0.0,0.0,0.0006995452955578874,0.0,0.0,0.0,0.007345225603357817,0.026232948583420776,0.006645680307799931,0.0,0.0,0.0,0.0,0.0017488632388947185,0.0013990905911157748,0.0,0.007694998251136761,0.002098635886673662,0.002448408534452606,0.0,0.09898565932144106,0.0,0.0013990905911157748,0.0,0.0003497726477789437,0.012591815320041973,0.008044770898915705,0.0,0.0,0.009094088842252537,0.02938090241343127,0.0,0.0,0.002448408534452606,0.0,0.0,0.0,0.001049317943336831,0.007694998251136761,0.001049317943336831,0.0
art_scher-103BFE,0.00042936882782310007,0.00042936882782310007,0.006225848003434951,0.09038213825676256,0.00021468441391155003,0.038428510090167456,0.0,0.0,0.034349506225848,0.00042936882782310007,0.0,0.0,0.024903392013739804,0.0,0.0,0.00042936882782310007,0.24817518248175183,0.0,0.06032632030914556,0.00021468441391155003,0.0,0.0,0.00021468441391155003,0.0,0.0,0.0,0.0,0.007299270072992702,0.00021468441391155003,0.008587376556462,0.0,0.00794332331472735,0.0,0.0,0.0,0.015242593387720053,0.1753971661657364,0.013310433662516103,0.0,0.0060111635895234005,0.0322026620867325,0.0,0.00021468441391155003,0.0,0.0010734220695577503,0.009016745384285102,0.00042936882782310007,0.0025762129669386004,0.0,0.0322026620867325,0.0,0.0010734220695577503,0.0040790038643194505,0.0012881064834693002,0.00794332331472735,0.012237011592958352,0.00042936882782310007,0.0,0.0034349506225848005,0.0,0.0,0.0006440532417346501,0.0,0.0,0.0,0.0,0.0,0.007513954486904251,0.0006440532417346501,0.0006440532417346501
art_scher-104BFE,0.005068574836016696,0.008944543828264758,0.0032796660703637444,0.05933214072748957,0.0014907573047107932,0.0020870602265951103,0.0011926058437686344,0.0,0.0,0.0,0.0,0.0,0.017590936195587357,0.0,0.0,0.0002981514609421586,0.5524746571258199,0.0,0.0029815146094215863,0.0008944543828264759,0.0002981514609421586,0.0,0.011627906976744188,0.0,0.0,0.0,0.0,0.0026833631484794273,0.0005963029218843172,0.0,0.004770423375074538,0.0,0.0002981514609421586,0.0,0.0,0.012224209898628505,0.003875968992248062,0.001490757304710793,0.0,0.0,0.0,0.0,0.0,0.0,0.0014907573047107932,0.023255813953488372,0.006261180679785331,0.0008944543828264759,0.0,0.014609421586165773,0.0,0.0008944543828264759,0.0,0.0,0.003279666070363745,0.08676207513416814,0.0,0.0,0.007453786523553965,0.03667262969588551,0.0008944543828264759,0.0005963029218843172,0.0,0.0002981514609421586,0.0,0.0,0.0,0.013118664281454978,0.0017889087656529517,0.0
art_scher-105BFE,0.0011652295502213937,0.0,0.00023304591004427873,0.05732929387089256,0.0,0.0,0.0,0.0,0.0,0.0,0.0,0.0,0.00023304591004427873,0.0,0.0,0.0,0.07970170123514332,0.0,0.004194826380797017,0.00023304591004427873,0.0,0.0,0.00023304591004427873,0.0,0.0,0.0,0.0,0.023770682824516432,0.00046609182008855747,0.0,0.00046609182008855747,0.00023304591004427873,0.0,0.0,0.0,0.00908879049172687,0.7196457702167327,0.0006991377301328362,0.0,0.0058261477511069686,0.0,0.0,0.0,0.0,0.0023304591004427873,0.0016313213703099511,0.00023304591004427873,0.0016313213703099511,0.0009321836401771149,0.005127010020974132,0.0,0.0016313213703099511,0.0,0.0009321836401771149,0.00023304591004427873,0.00559310184106269,0.0,0.0,0.0062922395711955265,0.0037287345607084597,0.0,0.0,0.0,0.0,0.0,0.0,0.0,0.0060591936611512475,0.0,0.00023304591004427873
art_scher-107BFE,0.0007754943776657619,0.00038774718883288094,0.0011632415664986429,0.017836370686312525,0.0,0.0,0.0,0.0,0.0023264831329972858,0.0,0.0,0.007367196587824738,0.0,0.0,0.0,0.0,0.014734393175649478,0.0,0.0,0.00038774718883288094,0.0,0.0,0.0,0.0,0.0,0.0,0.0,0.004265219077161691,0.0,0.0015509887553315238,0.0,0.00038774718883288094,0.0,0.0,0.0,0.009305932531989143,0.8282279953470337,0.004265219077161691,0.0,0.0015509887553315238,0.037999224505622334,0.0,0.0,0.0,0.0,0.0,0.0,0.0015509887553315238,0.0,0.009305932531989143,0.0,0.0034897246994959282,0.00038774718883288094,0.0058162078324932144,0.0015509887553315238,0.004265219077161691,0.0,0.0007754943776657619,0.0046529662659945716,0.0034897246994959287,0.0,0.0,0.0,0.00038774718883288094,0.0,0.0,0.0023264831329972858,0.0015509887553315238,0.00038774718883288094,0.0
art_scher-108BFE,0.0,0.003006872852233677,0.002147766323024055,0.054553264604811,0.0,0.00816151202749141,0.0,0.000429553264604811,0.013745704467353952,0.0,0.000429553264604811,0.0,0.0,0.0,0.0,0.007302405498281787,0.11297250859106528,0.0,0.0,0.000859106529209622,0.000429553264604811,0.0,0.0,0.0,0.0,0.001288659793814433,0.0,0.006013745704467354,0.0,0.003865979381443299,0.000429553264604811,0.0,0.0,0.0,0.001718213058419244,0.026632302405498284,0.45060137457044674,0.006013745704467353,0.000429553264604811,0.0,0.0,0.0,0.0,0.0,0.000859106529209622,0.0047250859106529215,0.0,0.00902061855670103,0.001718213058419244,0.00902061855670103,0.0,0.003865979381443299,0.0,0.000429553264604811,0.005154639175257733,0.027920962199312716,0.000429553264604811,0.0,0.020189003436426115,0.0,0.0,0.0,0.0,0.0,0.0,0.0,0.12113402061855669,0.005584192439862543,0.0,0.0
art_scher-109BFE,0.0,0.014476190476190476,0.0030476190476190477,0.062476190476190484,0.0,0.006857142857142857,0.001142857142857143,0.00038095238095238096,0.0,0.0,0.0,0.0,0.00038095238095238096,0.0,0.0,0.00038095238095238096,0.11847619047619047,0.0,0.01561904761904762,0.001142857142857143,0.00038095238095238096,0.0,0.0026666666666666666,0.0,0.0,0.0,0.0,0.007238095238095239,0.0,0.010666666666666668,0.011047619047619047,0.002666666666666667,0.0,0.0,0.0038095238095238095,0.022857142857142857,0.5177142857142857,0.010285714285714287,0.0,0.0,0.015238095238095238,0.0,0.0015238095238095239,0.0,0.00038095238095238096,0.018666666666666665,0.0,0.005333333333333334,0.0,0.0007619047619047619,0.0,0.0007619047619047619,0.0,0.001142857142857143,0.0007619047619047619,0.05066666666666667,0.0,0.007238095238095238,0.019809523809523808,0.0,0.0,0.0,0.0,0.0,0.0,0.0,0.0,0.010666666666666668,0.0,0.0
art_scher-110BFE,0.0,0.00115233924867481,0.0029960820465545056,0.09195667204424982,0.0,0.0,0.0,0.0,0.0,0.0,0.0,0.0,0.0,0.0,0.0,0.00023046784973496196,0.5598064070062226,0.0,0.004378889144964277,0.0018437427978796955,0.0004609356994699239,0.0,0.0011523392486748097,0.0,0.0,0.00023046784973496196,0.0,0.0806637474072367,0.0,0.0029960820465545056,0.0,0.0004609356994699239,0.00023046784973496196,0.0,0.0004609356994699239,0.014749942383037565,0.00023046784973496196,0.015441345932242452,0.0013828070984097719,0.0,0.00023046784973496196,0.0,0.0,0.0,0.00023046784973496196,0.00829684259045863,0.0,0.004148421295229316,0.0,0.0,0.0,0.028808481216870244,0.0,0.006453099792578936,0.005300760543904125,0.007374971191518783,0.0,0.0,0.010140585388338326,0.0,0.0,0.0,0.0,0.0,0.0,0.0,0.0,0.0029960820465545056,0.00023046784973496196,0.0009218713989398478
art_scher-112BFE,0.0009787129924149743,0.0,0.0,0.19402985074626863,0.0,0.021042329336921947,0.0,0.0,0.008074382187423538,0.00024467824810374357,0.0029361389772449226,0.0,0.004404208465867384,0.0,0.0,0.0,0.6151211157328114,0.0,0.012478590653290923,0.00024467824810374357,0.0,0.0,0.004404208465867384,0.0,0.0,0.0,0.001712747736726205,0.01859554685588451,0.0,0.0,0.0,0.0,0.0,0.0,0.0,0.0029361389772449226,0.0007340347443112307,0.0009787129924149743,0.0,0.0,0.0,0.0,0.0,0.0,0.0009787129924149743,0.011989234157083434,0.00024467824810374357,0.003914851969659897,0.0,0.0,0.0,0.0009787129924149743,0.0,0.0004893564962074871,0.0029361389772449226,0.018595546855884514,0.0,0.0,0.001712747736726205,0.0,0.0,0.0004893564962074871,0.0,0.0,0.0,0.0,0.0,0.0014680694886224613,0.0,0.0
art_scher-119BFE,0.006179775280898877,0.0011235955056179776,0.005617977528089888,0.07584269662921347,0.0,0.0,0.0,0.0,0.06797752808988763,0.0,0.0,0.0,0.0033707865168539327,0.0,0.0,0.0,0.45786516853932585,0.0,0.0022471910112359553,0.0016853932584269663,0.0005617977528089888,0.0,0.006741573033707865,0.0,0.0,0.0,0.0,0.0016853932584269663,0.0,0.0,0.0,0.0,0.0,0.0,0.0,0.05955056179775281,0.008426966292134831,0.007865168539325843,0.0,0.0,0.0,0.0,0.0005617977528089888,0.0,0.0,0.003932584269662922,0.0,0.0011235955056179776,0.0,0.06123595505617978,0.0,0.01966292134831461,0.0,0.002808988764044944,0.008426966292134831,0.043820224719101124,0.0,0.0,0.008988764044943821,0.0,0.0,0.0,0.0,0.0,0.0,0.0,0.0,0.027528089887640453,0.0,0.0011235955056179776
art_scher-126BFE,0.0,0.0,0.0,0.08040442946557534,0.0,0.0,0.0,0.0,0.006740491092922484,0.0,0.0,0.007221954742416947,0.0,0.0,0.014443909484833895,0.0,0.0009629272989889263,0.0,0.0,0.0,0.00048146364949446316,0.0,0.0,0.0,0.0,0.0,0.0,0.0009629272989889263,0.0,0.0,0.0,0.0,0.0,0.0,0.0,0.006259027443428021,0.8146364949446318,0.00048146364949446316,0.0,0.0,0.02888781896966779,0.0,0.0,0.0,0.00048146364949446316,0.0,0.0,0.0,0.0,0.0014443909484833895,0.0,0.0019258545979778526,0.0,0.0038517091959557053,0.0009629272989889263,0.0014443909484833895,0.0,0.0,0.00048146364949446316,0.0,0.0,0.00048146364949446316,0.0,0.0,0.0,0.0,0.007703418391911411,0.0,0.0,0.0
art_scher-128BFE,0.0,0.0,0.0009079903147699758,0.0475181598062954,0.0,0.0,0.0,0.0,0.0,0.0,0.0003026634382566586,0.0,0.0003026634382566586,0.0,0.0,0.0,0.008171912832929782,0.0,0.0,0.0003026634382566586,0.0,0.0,0.0,0.0,0.0,0.0,0.0,0.0018159806295399517,0.0,0.009079903147699759,0.0,0.0,0.0,0.0,0.0,0.005145278450363196,0.8096246973365617,0.0012106537530266344,0.0003026634382566586,0.0,0.028147699757869248,0.0,0.0003026634382566586,0.0,0.0,0.0,0.0,0.0003026634382566586,0.0,0.002421307506053269,0.0,0.0033292978208232446,0.0,0.00423728813559322,0.0,0.0033292978208232446,0.0,0.0,0.0012106537530266344,0.0003026634382566586,0.0,0.0006053268765133172,0.0,0.0,0.0,0.0,0.0,0.0018159806295399519,0.0,0.0
art_scher-140BFE,0.0,0.0002894356005788712,0.0002894356005788712,0.00231548480463097,0.0002894356005788712,0.0,0.0,0.0,0.0,0.0,0.0,0.0,0.0,0.0,0.0,0.0,0.9302460202604921,0.0,0.0023154848046309695,0.0,0.0,0.0,0.0,0.0,0.0,0.0,0.0,0.024891461649782922,0.0,0.0,0.0,0.004630969609261939,0.0002894356005788712,0.0,0.0005788712011577424,0.008104196816208394,0.0,0.0002894356005788712,0.0,0.0,0.0,0.0002894356005788712,0.0,0.0,0.0,0.0002894356005788712,0.0,0.0034732272069464545,0.0,0.0,0.0,0.001447178002894356,0.0,0.0002894356005788712,0.0023154848046309695,0.003183791606367583,0.0,0.0,0.0,0.0,0.0,0.0002894356005788712,0.0005788712011577424,0.0,0.0,0.0,0.0,0.0023154848046309695,0.0,0.0002894356005788712
art_scher-142BFE,0.0,0.006777363605557438,0.0006777363605557439,0.008132836326668925,0.0,0.0,0.0,0.0,0.005083022704168079,0.0,0.0,0.0,0.0,0.0,0.0,0.0,0.7228058285327007,0.0,0.0,0.0,0.00033886818027787193,0.0,0.0,0.0,0.0,0.0,0.0,0.00033886818027787193,0.0,0.0,0.005083022704168078,0.0016943409013893595,0.0,0.0,0.007793968146391055,0.004405286343612335,0.22195865808200607,0.0,0.0,0.0,0.0,0.0,0.0006777363605557439,0.0,0.0,0.0,0.0,0.0013554727211114877,0.0,0.0,0.0,0.0006777363605557439,0.0,0.0,0.0013554727211114877,0.0,0.0,0.0,0.0,0.0,0.0,0.0,0.0,0.0,0.0,0.0,0.0,0.003727549983056591,0.0,0.0
art_scher-144BFE,0.0,0.0026461390425787826,0.0009622323791195574,0.11113783978830888,0.0,0.01828241520327159,0.0,0.0,0.006013952369497233,0.0,0.0,0.0,0.0007216742843396681,0.0,0.0,0.00024055809477988935,0.019004089487611262,0.0,0.0,0.00024055809477988935,0.00024055809477988935,0.0,0.0,0.0,0.0,0.0,0.0,0.0014433485686793362,0.0,0.0021650228530190043,0.0,0.0,0.0,0.0,0.0007216742843396681,0.009381765696415684,0.6268943949963917,0.0019244647582391148,0.0,0.0,0.027423622804907385,0.0,0.0,0.0,0.0016839066634592255,0.0012027904738994468,0.0,0.0024055809477988937,0.0,0.0,0.0,0.0,0.0,0.0,0.0009622323791195574,0.01852297329805148,0.00024055809477988935,0.0,0.010825114265095019,0.010343998075535241,0.0,0.0,0.0,0.0,0.0,0.0,0.0,0.0007216742843396681,0.0,0.0
art_scher-147BFE,0.0,0.0,0.0,0.05099150141643059,0.0,0.0,0.0,0.0,0.0,0.0,0.0,0.0,0.02927289896128423,0.0,0.0,0.0,0.591123701605288,0.0,0.010387157695939566,0.0056657223796034,0.0,0.0,0.0,0.0,0.0,0.19452313503305002,0.0113314447592068,0.010387157695939566,0.0,0.0,0.0,0.0,0.0,0.0,0.0,0.021718602455146365,0.0,0.012275731822474033,0.0,0.0,0.0,0.0,0.0,0.0,0.0028328611898017,0.003777148253068933,0.0018885741265344666,0.014164305949008499,0.0,0.0009442870632672333,0.0,0.0009442870632672333,0.0,0.0,0.0009442870632672333,0.0018885741265344666,0.0,0.0,0.0018885741265344666,0.0,0.0,0.0,0.0,0.0,0.0,0.0009442870632672333,0.0,0.004721435316336167,0.0,0.0
art_scher-148BFE,0.0,0.0,0.0,0.0308300395256917,0.0,0.0,0.0,0.0,0.0,0.0,0.0,0.0,0.013438735177865611,0.0,0.0,0.0,0.8130434782608695,0.0,0.0,0.0,0.0003952569169960474,0.0,0.0,0.0,0.0,0.09011857707509881,0.0,0.016600790513833993,0.0,0.0,0.0,0.0,0.0,0.0003952569169960474,0.0,0.0,0.0,0.0,0.0011857707509881424,0.0,0.0,0.0,0.0003952569169960474,0.0,0.0003952569169960474,0.002766798418972332,0.0,0.003952569169960474,0.0,0.0,0.0,0.0,0.0,0.0007905138339920949,0.0,0.0,0.0,0.0,0.0,0.0,0.0,0.0,0.0,0.0,0.0,0.002766798418972332,0.0,0.005138339920948616,0.0,0.0
art_scher-150BFE,0.0,0.0,0.0,0.08872901678657075,0.0,0.014388489208633094,0.0,0.0,0.0,0.0,0.0,0.0,0.001199040767386091,0.0,0.0,0.0,0.6414868105515588,0.0,0.0,0.0,0.0,0.0,0.03117505995203837,0.0,0.0,0.013189448441247002,0.0,0.05755395683453237,0.0,0.0,0.0,0.0,0.0,0.0,0.0,0.013189448441247,0.0,0.008393285371702638,0.0,0.0,0.0,0.0,0.0,0.0,0.0,0.0,0.001199040767386091,0.014388489208633094,0.0,0.003597122302158273,0.0,0.049160671462829736,0.0,0.002398081534772182,0.001199040767386091,0.005995203836930455,0.0,0.0,0.019184652278177457,0.0,0.0,0.0,0.0,0.0,0.0,0.0,0.0,0.003597122302158273,0.001199040767386091,0.0
art_scher-169BFE,0.0364963503649635,0.0,0.0018248175182481751,0.043795620437956206,0.0,0.0,0.0,0.0,0.0018248175182481751,0.0018248175182481751,0.0,0.0036496350364963502,0.0018248175182481751,0.0,0.0,0.0,0.16970802919708028,0.0,0.0,0.0018248175182481751,0.0,0.0,0.0,0.0,0.0,0.07664233576642335,0.0036496350364963502,0.0,0.0,0.0,0.10948905109489052,0.0,0.0,0.0,0.0,0.021897810218978103,0.16058394160583941,0.005474452554744526,0.0,0.0,0.016423357664233577,0.0,0.0,0.0,0.0,0.01094890510948905,0.005474452554744526,0.0072992700729927005,0.0,0.021897810218978103,0.0,0.0072992700729927005,0.0,0.0,0.0,0.06204379562043796,0.0,0.0,0.021897810218978103,0.0036496350364963502,0.0,0.0,0.0,0.0018248175182481751,0.0,0.0,0.0,0.005474452554744526,0.0,0.0
art_scher-170BFE,0.0019694731659281144,0.009847365829640572,0.0014771048744460858,0.033973412112259974,0.0,0.0,0.0,0.0,0.008862629246676515,0.0,0.0004923682914820286,0.011324470704086657,0.0,0.0,0.0,0.0,0.022156573116691284,0.0,0.0,0.0009847365829640572,0.0,0.0,0.0,0.0,0.0,0.0,0.0,0.012801575578532745,0.0,0.0,0.0,0.0,0.0,0.0,0.005908419497784343,0.005908419497784343,0.8242245199409158,0.0019694731659281144,0.0,0.004431314623338257,0.0,0.0,0.0,0.0,0.0004923682914820286,0.0,0.0,0.0009847365829640572,0.0014771048744460858,0.012801575578532745,0.0004923682914820286,0.008862629246676513,0.0,0.0029542097488921715,0.0019694731659281144,0.0019694731659281144,0.0,0.0,0.0034465780403741997,0.0004923682914820286,0.0,0.0,0.0,0.0,0.0,0.0004923682914820286,0.0,0.004923682914820286,0.0,0.0
art_scher-172BFE,0.0021164021164021165,0.0,0.0031746031746031746,0.07195767195767196,0.0,0.0,0.0,0.0,0.0,0.0,0.0,0.0,0.015873015873015872,0.0,0.0,0.0,0.6095238095238095,0.0,0.0,0.009523809523809525,0.0010582010582010583,0.0,0.0031746031746031746,0.0,0.0,0.01164021164021164,0.0,0.006349206349206349,0.0,0.0,0.0,0.0,0.0,0.0,0.0010582010582010583,0.06243386243386244,0.0,0.0031746031746031746,0.0,0.0,0.03597883597883598,0.0,0.0,0.0,0.0,0.02433862433862434,0.0,0.0010582010582010583,0.0,0.0,0.0,0.025396825396825393,0.0,0.005291005291005292,0.0010582010582010583,0.013756613756613757,0.0,0.0,0.009523809523809525,0.0,0.0,0.0,0.0,0.0,0.0,0.0,0.0,0.008465608465608464,0.0,0.0
art_scher-174BFE,0.0,0.0,0.0,0.08088675853804674,0.0,0.0,0.0,0.0,0.0,0.0,0.0,0.0,0.0347513481126423,0.0,0.0,0.0,0.7735170760934691,0.0029958058717795086,0.0,0.0005991611743559018,0.0,0.0,0.0,0.0,0.0,0.050928699820251645,0.011384062312762133,0.0017974835230677054,0.0,0.0,0.0,0.0,0.0,0.0,0.0,0.0017974835230677054,0.0,0.0,0.0,0.0,0.0,0.0,0.0,0.0,0.0,0.0005991611743559018,0.0,0.0017974835230677054,0.0,0.0005991611743559018,0.0,0.0,0.0,0.004194128220491312,0.0,0.0011983223487118035,0.0,0.0,0.01078490113840623,0.0,0.0,0.0,0.0,0.0,0.0,0.0,0.0,0.007789095266626722,0.0005991611743559018,0.0
art_scher-176BFE,0.0,0.0,0.0,0.07361516034985423,0.0,0.0,0.0,0.0,0.0,0.0,0.0,0.0,0.0018221574344023323,0.0,0.0,0.0,0.7627551020408164,0.0,0.0,0.0,0.0,0.0,0.0010932944606413995,0.0,0.0,0.0,0.0,0.002186588921282799,0.0,0.0,0.0,0.00036443148688046647,0.0,0.00036443148688046647,0.0,0.01348396501457726,0.00036443148688046647,0.0,0.0,0.0,0.0,0.0,0.0,0.0,0.0,0.0025510204081632655,0.0,0.0018221574344023323,0.0,0.0,0.0,0.0010932944606413995,0.0,0.00036443148688046647,0.0,0.0018221574344023323,0.0,0.0,0.009839650145772596,0.0,0.0,0.0,0.0,0.0,0.0,0.0,0.0,0.006559766763848396,0.0,0.0036443148688046646
art_scher-178BFE,0.05515370705244123,0.0,0.0009041591320072332,0.081374321880651,0.0,0.0045207956600361665,0.0,0.0,0.0,0.0009041591320072332,0.0,0.0,0.0045207956600361665,0.0,0.0,0.0,0.11030741410488246,0.0,0.0,0.0009041591320072332,0.0,0.0,0.0,0.0,0.0,0.0,0.0,0.0018083182640144665,0.0,0.0,0.0,0.0009041591320072332,0.0,0.0,0.0,0.006329113924050633,0.6401446654611211,0.0027124773960217,0.0018083182640144665,0.0,0.0433996383363472,0.0,0.0,0.0,0.0,0.003616636528028933,0.0,0.0,0.0,0.0,0.0,0.0009041591320072332,0.0,0.0,0.0,0.0027124773960217,0.0,0.0,0.0,0.0054249547920434,0.0,0.0,0.0,0.0,0.0,0.0,0.0,0.0018083182640144665,0.0,0.0
art_scher-179BFE,0.0033624747814391394,0.0,0.0013449899125756557,0.05514458641560189,0.0,0.0,0.0,0.0,0.0013449899125756557,0.0,0.0,0.0,0.0,0.0,0.0,0.0,0.7646267652992602,0.0,0.013449899125756557,0.013449899125756556,0.0006724949562878278,0.0,0.0013449899125756557,0.0,0.0,0.0,0.0,0.0020174848688634837,0.0,0.0,0.0,0.0,0.0,0.0,0.0,0.020847343644922665,0.0,0.004034969737726967,0.0,0.0,0.0,0.0,0.0,0.0,0.0,0.003362474781439139,0.0,0.0,0.0,0.0,0.0,0.0013449899125756557,0.0,0.0,0.0020174848688634837,0.008069939475453935,0.0,0.0,0.005379959650302623,0.0,0.0,0.0,0.0,0.0,0.0,0.0,0.0,0.020174848688634835,0.0,0.0
art_scher-186BFE,0.0,0.0,0.0,0.021752265861027194,0.0,0.0,0.0,0.0,0.0,0.0,0.0,0.0,0.0018126888217522659,0.0,0.0,0.0,0.18731117824773413,0.0,0.0,0.0,0.0,0.0,0.002416918429003021,0.0,0.0,0.0,0.0,0.0006042296072507553,0.0,0.0,0.0,0.0006042296072507553,0.0,0.0,0.0,0.01631419939577039,0.7093655589123867,0.0,0.0,0.0,0.0,0.0,0.0006042296072507553,0.0072507552870090634,0.0,0.007854984894259818,0.0,0.0012084592145015106,0.0,0.0,0.0,0.0,0.0,0.0,0.0,0.0006042296072507553,0.0,0.0,0.0,0.0,0.0,0.0,0.004229607250755287,0.0,0.0,0.0,0.0,0.0018126888217522659,0.0,0.0
art_scher-187BFE,0.0,0.0,0.00041322314049586776,0.023553719008264463,0.0,0.0,0.0,0.0,0.00041322314049586776,0.0,0.0,0.0,0.0028925619834710746,0.0,0.0,0.0,0.8165289256198348,0.0,0.001652892561983471,0.001652892561983471,0.00041322314049586776,0.0,0.0024793388429752063,0.0,0.0008264462809917355,0.030578512396694214,0.0008264462809917355,0.008264462809917356,0.0,0.0,0.0,0.0,0.0,0.0,0.0,0.01983471074380165,0.0,0.0008264462809917355,0.0,0.0,0.0,0.0,0.0008264462809917355,0.0,0.001652892561983471,0.013636363636363636,0.0,0.001652892561983471,0.0,0.0,0.0,0.0008264462809917355,0.0,0.028512396694214875,0.00041322314049586776,0.002066115702479339,0.0,0.0,0.002066115702479339,0.0,0.0,0.0,0.0,0.0,0.0,0.0,0.0,0.01652892561983471,0.0,0.0
art_scher-502AFE,0.0,0.0,0.0009144947416552355,0.014631915866483767,0.0,0.0,0.0,0.0,0.008230452674897118,0.0,0.0,0.0,0.0004572473708276177,0.0,0.0,0.0,0.9071787837219937,0.0,0.0,0.009144947416552354,0.0,0.0,0.0,0.0,0.0,0.0,0.0,0.0013717421124828531,0.0,0.0,0.0,0.0009144947416552355,0.0,0.0004572473708276177,0.0,0.0009144947416552355,0.0,0.0022862368541380885,0.0,0.0,0.0,0.0,0.0009144947416552355,0.0,0.0004572473708276177,0.0004572473708276177,0.0,0.003200731595793324,0.0,0.0,0.0,0.0,0.0,0.0,0.005486968449931413,0.008687700045724738,0.0,0.007773205304069501,0.0036579789666209422,0.0,0.0,0.001828989483310471,0.0,0.0,0.0,0.0,0.0,0.007773205304069501,0.0,0.0
art_scher-503AFE,0.0,0.0003363605785401951,0.0,0.03632694248234107,0.0,0.0,0.0,0.0,0.0,0.0,0.0,0.0,0.0,0.0,0.0,0.0,0.6881937436932392,0.0,0.0,0.0,0.0,0.0,0.0030272452068617556,0.0,0.0,0.08577194752774975,0.0,0.04540867810292634,0.0,0.0,0.0003363605785401951,0.0,0.0,0.0,0.0,0.0,0.0,0.007399932727884292,0.0,0.0,0.0,0.0013454423141607804,0.006727211570803901,0.0,0.006390850992263707,0.0,0.0,0.03229061553985873,0.0,0.0006727211570803902,0.0,0.0003363605785401951,0.0,0.0,0.012781701984527414,0.0020181634712411706,0.0,0.0,0.0,0.0,0.0,0.0003363605785401951,0.0,0.0,0.0,0.0,0.0,0.04002690884628321,0.0006727211570803902,0.0006727211570803902
art_scher-504AFE,0.007651715039577836,0.0,0.0,0.00474934036939314,0.0,0.0,0.0,0.0,0.0,0.0007915567282321899,0.0,0.0,0.0029023746701846965,0.0013192612137203166,0.0,0.0,0.8102902374670184,0.0,0.0,0.0,0.0,0.0,0.00395778364116095,0.0,0.0,0.06517150395778364,0.0002638522427440633,0.0015831134564643799,0.0,0.0,0.0,0.0,0.0007915567282321899,0.0,0.0,0.0,0.0,0.0002638522427440633,0.0,0.0,0.0,0.0,0.0013192612137203166,0.0,0.0029023746701846965,0.003430079155672823,0.0,0.0010554089709762533,0.0,0.04907651715039577,0.0,0.0,0.0,0.0,0.005013192612137203,0.00712401055408971,0.0,0.0,0.0,0.0,0.0,0.00554089709762533,0.0,0.0007915567282321899,0.0,0.0,0.0,0.008970976253298152,0.0,0.0
art_scher-505AFE,0.00025075225677031093,0.0,0.0,0.0070210631895687055,0.0,0.0,0.0,0.0,0.0,0.0,0.0,0.0,0.0,0.0,0.0,0.0,0.9398194583751253,0.0,0.0,0.0,0.0,0.0,0.003259779338014042,0.0,0.0,0.020561685055165497,0.0,0.0012537612838515546,0.0,0.0,0.0,0.0,0.0,0.0,0.0,0.0,0.0,0.0,0.00025075225677031093,0.0,0.0,0.0,0.00025075225677031093,0.0,0.0022567703109327986,0.0,0.0,0.0030090270812437314,0.0,0.004012036108324975,0.0,0.00025075225677031093,0.0,0.0,0.0020060180541624875,0.0022567703109327986,0.0,0.0,0.0,0.0,0.0,0.00025075225677031093,0.0,0.00025075225677031093,0.0,0.0,0.0,0.0050150451354062184,0.0,0.00025075225677031093
art_scher-506AFE,0.005457025920873124,0.0,0.0,0.001364256480218281,0.0,0.0,0.0,0.0,0.0,0.04911323328785812,0.0,0.0,0.001364256480218281,0.0,0.0,0.0,0.5497953615279673,0.0,0.054570259208731244,0.0,0.0,0.0,0.03274215552523874,0.0,0.0,0.08594815825375171,0.0,0.002728512960436562,0.0,0.0,0.0,0.0,0.0,0.0,0.0,0.004092769440654843,0.0,0.0,0.001364256480218281,0.0,0.0,0.0,0.001364256480218281,0.0,0.0,0.0,0.0,0.001364256480218281,0.0,0.0,0.0,0.01227830832196453,0.0068212824010914054,0.002728512960436562,0.004092769440654843,0.0,0.0,0.0,0.005457025920873124,0.0,0.0,0.0,0.0,0.0,0.0,0.0,0.0,0.002728512960436562,0.0,0.002728512960436562
art_scher-507AFE,0.012,0.004,0.0,0.014666666666666668,0.0,0.0,0.0,0.0,0.0013333333333333333,0.0,0.0,0.0,0.032,0.0,0.0,0.0,0.6186666666666667,0.0,0.0,0.0026666666666666666,0.0,0.0,0.006666666666666666,0.0,0.0,0.0,0.0,0.009333333333333334,0.0,0.0,0.0,0.0,0.0,0.0,0.0,0.0013333333333333333,0.0,0.0,0.0,0.0,0.0,0.0,0.0,0.0,0.0013333333333333333,0.008,0.0,0.012,0.0,0.0,0.0,0.030666666666666665,0.0,0.0013333333333333333,0.008,0.005333333333333333,0.0,0.0,0.0013333333333333333,0.0,0.0,0.0013333333333333333,0.0,0.04,0.0,0.0,0.0,0.034666666666666665,0.0,0.008
art_scher-508AFE,0.0,0.0,0.0003194888178913738,0.038977635782747606,0.0,0.0,0.0,0.0,0.0,0.0,0.0,0.0,0.0044728434504792336,0.0,0.0,0.0,0.810223642172524,0.0,0.0,0.0,0.0012779552715654952,0.0,0.005111821086261981,0.0,0.0,0.03769968051118211,0.0,0.005431309904153355,0.0,0.0,0.0,0.0,0.0,0.0,0.0,0.007028753993610224,0.0,0.0,0.001597444089456869,0.0,0.0,0.0,0.0012779552715654952,0.0,0.003514376996805112,0.0,0.0,0.0044728434504792336,0.0,0.0003194888178913738,0.0,0.005431309904153355,0.0,0.0003194888178913738,0.0006389776357827476,0.009904153354632588,0.0,0.0,0.0,0.0,0.0,0.0003194888178913738,0.0,0.0009584664536741214,0.0,0.0,0.0,0.011182108626198083,0.0,0.0
art_scher-509AFE,0.0,0.0,0.0009272137227630969,0.030134445989800647,0.0,0.0,0.0,0.0,0.0,0.0,0.0018544274455261937,0.0,0.0018544274455261937,0.0,0.0,0.0,0.89522484932777,0.0,0.007881316643486324,0.0,0.0,0.0,0.0018544274455261937,0.0,0.0,0.0023180343069077423,0.0,0.0037088548910523874,0.0,0.0,0.0,0.0,0.0,0.0,0.0,0.004636068613815485,0.0,0.0013908205841446453,0.0004636068613815484,0.0,0.0,0.0,0.0,0.0,0.0,0.004636068613815485,0.0,0.0004636068613815484,0.0,0.0004636068613815484,0.0,0.0,0.0,0.0,0.0013908205841446453,0.0009272137227630969,0.0,0.0,0.0050996754751970325,0.0,0.0,0.0009272137227630969,0.0018544274455261937,0.0,0.0,0.0,0.0,0.007881316643486323,0.0,0.0
