,k__Bacteria;p__Firmicutes;c__Clostridia;o__Clostridiales;f__Lachnospiraceae;g__Marvinbryantia,k__Bacteria;p__Firmicutes;c__Clostridia;o__Clostridiales;f__Ruminococcaceae;g__Clostridium_IV,k__Bacteria;p__Proteobacteria;c__Epsilonproteobacteria;o__Campylobacterales;f__Campylobacteraceae;g__Campylobacter,k__Bacteria;p__Firmicutes;c__Clostridia;o__Clostridiales;f__Lachnospiraceae;g__Syntrophococcus,k__Bacteria;p__Firmicutes;c__Clostridia;o__Clostridiales;f__Lachnospiraceae;g__Clostridium_XlVa,k__Bacteria;p__Proteobacteria;c__Gammaproteobacteria;o__Pseudomonadales;f__Pseudomonadaceae;g__Pseudomonas,k__Bacteria;p__Proteobacteria;c__Betaproteobacteria;o__Burkholderiales;f__Burkholderiaceae;g__Ralstonia,k__Bacteria;p__Firmicutes;c__Clostridia;o__Clostridiales;f__Lachnospiraceae;g__Lachnospiracea_incertae_sedis,k__Bacteria;p__Firmicutes;c__Clostridia;o__Clostridiales;f__Lachnospiraceae;g__Dorea,k__Bacteria;p__Firmicutes;c__Erysipelotrichia;o__Erysipelotrichales;f__Erysipelotrichaceae;g__Turicibacter,k__Bacteria;p__Firmicutes;c__Clostridia;o__Clostridiales;f__Ruminococcaceae;g__Butyricicoccus,k__Bacteria;p__Firmicutes;c__Negativicutes;o__Selenomonadales;f__Veillonellaceae;g__Dialister,k__Bacteria;p__Firmicutes;c__Clostridia;o__Clostridiales;f__Clostridiales_Incertae_Sedis_XIII;g__Anaerovorax,k__Bacteria;p__Firmicutes;c__Clostridia;o__Clostridiales;f__Ruminococcaceae;g__Anaerofilum,k__Bacteria;p__Firmicutes;c__Clostridia;o__Clostridiales;f__Clostridiaceae_1;g__Sarcina,k__Bacteria;p__Lentisphaerae;c__Lentisphaeria;o__Victivallales;f__Victivallaceae;g__Victivallis,k__Bacteria;p__Bacteroidetes;c__Bacteroidia;o__Bacteroidales;f__Porphyromonadaceae;g__Parabacteroides,k__Bacteria;p__Firmicutes;c__Negativicutes;o__Selenomonadales;f__Veillonellaceae;g__Veillonella,k__Bacteria;p__Proteobacteria;c__Gammaproteobacteria;o__Enterobacteriales;f__Enterobacteriaceae;g__Pluralibacter,k__Bacteria;p__Cyanobacteria/Chloroplast;c__Chloroplast;o__;f__Chloroplast;g__Streptophyta,k__Bacteria;p__Bacteroidetes;c__Bacteroidia;o__Bacteroidales;f__Bacteroidaceae;g__Bacteroides,k__Bacteria;p__Firmicutes;c__Clostridia;o__Clostridiales;f__Ruminococcaceae;g__Ethanoligenens,k__Bacteria;p__Bacteroidetes;c__Bacteroidia;o__Bacteroidales;f__Porphyromonadaceae;g__Barnesiella,k__Bacteria;p__Firmicutes;c__Clostridia;o__Clostridiales;f__Ruminococcaceae;g__Subdoligranulum,k__Bacteria;p__Bacteroidetes;c__Bacteroidia;o__Bacteroidales;f__Rikenellaceae;g__Alistipes,k__Bacteria;p__Verrucomicrobia;c__Opitutae;o__Puniceicoccales;f__Puniceicoccaceae;g__Coraliomargarita,k__Bacteria;p__Firmicutes;c__Negativicutes;o__Selenomonadales;f__Acidaminococcaceae;g__Phascolarctobacterium,k__Bacteria;p__Proteobacteria;c__Betaproteobacteria;o__Burkholderiales;f__Sutterellaceae;g__Parasutterella,k__Bacteria;p__Firmicutes;c__Clostridia;o__Clostridiales;f__Lachnospiraceae;g__Roseburia,k__Bacteria;p__Proteobacteria;c__Betaproteobacteria;o__Burkholderiales;f__Sutterellaceae;g__Sutterella,k__Bacteria;p__Firmicutes;c__Erysipelotrichia;o__Erysipelotrichales;f__Erysipelotrichaceae;g__Catenibacterium,k__Bacteria;p__Firmicutes;c__Bacilli;o__Lactobacillales;f__Lactobacillaceae;g__Lactobacillus,k__Bacteria;p__Proteobacteria;c__Gammaproteobacteria;o__Enterobacteriales;f__Enterobacteriaceae;g__Escherichia/Shigella,k__Bacteria;p__Firmicutes;c__Erysipelotrichia;o__Erysipelotrichales;f__Erysipelotrichaceae;g__Holdemania,k__Bacteria;p__Proteobacteria;c__Betaproteobacteria;o__Burkholderiales;f__Comamonadaceae;g__Delftia,k__Bacteria;p__Actinobacteria;c__Actinobacteria;o__Coriobacteriales;f__Coriobacteriaceae;g__Collinsella,k__Bacteria;p__Firmicutes;c__Clostridia;o__Clostridiales;f__Lachnospiraceae;g__Lachnospira,k__Bacteria;p__Firmicutes;c__Clostridia;o__Clostridiales;f__Ruminococcaceae;g__Faecalibacterium,k__Bacteria;p__Bacteroidetes;c__Bacteroidia;o__Bacteroidales;f__Prevotellaceae;g__Prevotella,k__Bacteria;p__Firmicutes;c__Clostridia;o__Clostridiales;f__Lachnospiraceae;g__Coprococcus,k__Bacteria;p__Bacteroidetes;c__Bacteroidia;o__Bacteroidales;f__Prevotellaceae;g__Alloprevotella,k__Bacteria;p__Tenericutes;c__Mollicutes;o__Anaeroplasmatales;f__Anaeroplasmataceae;g__Anaeroplasma,k__Bacteria;p__Firmicutes;c__Clostridia;o__Clostridiales;f__Ruminococcaceae;g__Flavonifractor,k__Bacteria;p__Proteobacteria;c__Deltaproteobacteria;o__Desulfovibrionales;f__Desulfovibrionaceae;g__Bilophila,k__Bacteria;p__Actinobacteria;c__Actinobacteria;o__Bifidobacteriales;f__Bifidobacteriaceae;g__Bifidobacterium,k__Bacteria;p__Firmicutes;c__Erysipelotrichia;o__Erysipelotrichales;f__Erysipelotrichaceae;g__Clostridium_XVIII,k__Bacteria;p__Verrucomicrobia;c__Verrucomicrobiae;o__Verrucomicrobiales;f__Verrucomicrobiaceae;g__Akkermansia,k__Bacteria;p__Firmicutes;c__Bacilli;o__Lactobacillales;f__Streptococcaceae;g__Streptococcus,k__Bacteria;p__Proteobacteria;c__Gammaproteobacteria;o__Pasteurellales;f__Pasteurellaceae;g__Haemophilus,k__Bacteria;p__Firmicutes;c__Erysipelotrichia;o__Erysipelotrichales;f__Erysipelotrichaceae;g__Erysipelotrichaceae_incertae_sedis,k__Bacteria;p__Proteobacteria;c__Deltaproteobacteria;o__Desulfovibrionales;f__Desulfovibrionaceae;g__Desulfovibrio,k__Bacteria;p__Firmicutes;c__Bacilli;o__Lactobacillales;f__Streptococcaceae;g__Lactococcus,k__Bacteria;p__Firmicutes;c__Clostridia;o__Clostridiales;f__Peptostreptococcaceae;g__Clostridium_XI,k__Bacteria;p__Proteobacteria;c__Gammaproteobacteria;o__Enterobacteriales;f__Enterobacteriaceae;g__Citrobacter,k__Bacteria;p__Firmicutes;c__Clostridia;o__Clostridiales;f__Clostridiaceae_1;g__Clostridium_sensu_stricto,k__Bacteria;p__Firmicutes;c__Clostridia;o__Clostridiales;f__Lachnospiraceae;g__Ruminococcus2,k__Bacteria;p__Firmicutes;c__Clostridia;o__Clostridiales;f__Ruminococcaceae;g__Oscillibacter,k__Bacteria;p__Bacteroidetes;c__Bacteroidia;o__Bacteroidales;f__Prevotellaceae;g__Paraprevotella,k__Bacteria;p__Firmicutes;c__Negativicutes;o__Selenomonadales;f__Veillonellaceae;g__Megasphaera,k__Bacteria;p__Firmicutes;c__Clostridia;o__Clostridiales;f__Ruminococcaceae;g__Ruminococcus,k__Bacteria;p__Firmicutes;c__Clostridia;o__Clostridiales;f__Ruminococcaceae;g__Anaerotruncus,k__Bacteria;p__Firmicutes;c__Negativicutes;o__Selenomonadales;f__Veillonellaceae;g__Megamonas,k__Bacteria;p__Firmicutes;c__Clostridia;o__Clostridiales;f__Ruminococcaceae;g__Pseudoflavonifractor,k__Bacteria;p__Firmicutes;c__Clostridia;o__Clostridiales;f__Lachnospiraceae;g__Lachnobacterium,k__Bacteria;p__Firmicutes;c__Negativicutes;o__Selenomonadales;f__Acidaminococcaceae;g__Acidaminococcus,k__Bacteria;p__Firmicutes;c__Erysipelotrichia;o__Erysipelotrichales;f__Erysipelotrichaceae;g__Coprobacillus,k__Bacteria;p__Firmicutes;c__Clostridia;o__Clostridiales;f__Lachnospiraceae;g__Clostridium_XlVb,k__Bacteria;p__Actinobacteria;c__Actinobacteria;o__Coriobacteriales;f__Coriobacteriaceae;g__Eggerthella,k__Bacteria;p__Firmicutes;c__Clostridia;o__Clostridiales;f__Lachnospiraceae;g__Blautia,k__Bacteria;p__Bacteroidetes;c__Bacteroidia;o__Bacteroidales;f__Porphyromonadaceae;g__Butyricimonas,k__Bacteria;p__Bacteroidetes;c__Bacteroidia;o__Bacteroidales;f__Porphyromonadaceae;g__Odoribacter
asd_son-F-021C1A,0.00015216068167985393,0.0006086427267194157,0.0,0.0013694461351186854,0.0007608034083992697,0.0,0.00015216068167985393,0.04686548995739501,0.0010651247717589777,0.003804017041996348,0.00015216068167985393,0.005782105903834449,0.00030432136335970786,0.00030432136335970786,0.0077601947656725494,0.0,0.00015216068167985393,0.0,0.0,0.0,0.5832318928788801,0.0,0.00015216068167985393,0.0016737674984783932,0.0036518563603164943,0.0,0.0,0.0016737674984783932,0.04869141813755326,0.0,0.0,0.0,0.0,0.0015216068167985394,0.0,0.0,0.0,0.09099208764455265,0.0,0.0012172854534388314,0.0,0.0,0.00030432136335970786,0.0,0.00015216068167985393,0.006695069993913572,0.0,0.0010651247717589774,0.0,0.0,0.0,0.0009129640900791236,0.04686548995739501,0.0,0.004412659768715764,0.01247717589774802,0.0065429093122337184,0.0,0.0,0.017041996348143636,0.0,0.0,0.0,0.0,0.0,0.00015216068167985393,0.00030432136335970786,0.00030432136335970786,0.00502130249543518,0.0,0.0
asd_son-F066-C2U,0.0,0.00026763013515321824,0.0,0.0006690753378830456,0.0016057808109193094,0.0,0.0,0.0234176368259066,0.001204335608189482,0.012444801284624649,0.00040144520272982734,0.002007226013649137,0.0,0.0005352602703064365,0.006289308176100628,0.0,0.037869664124180386,0.0,0.0,0.0,0.5554663455105044,0.0,0.0,0.00013381506757660912,0.0018734109460725277,0.0,0.0,0.00026763013515321824,0.020072260136491372,0.00013381506757660912,0.0,0.0,0.0,0.0,0.0,0.0,0.0,0.01378295196039074,0.0,0.001070520540612873,0.0,0.0,0.0009367054730362639,0.00013381506757660912,0.0016057808109193096,0.00040144520272982734,0.003345376689415228,0.00013381506757660912,0.00013381506757660912,0.00026763013515321824,0.004014452027298274,0.0,0.16686738926803157,0.0,0.04067978054328917,0.006289308176100628,0.0006690753378830456,0.0,0.0,0.01886792452830189,0.0,0.0,0.00026763013515321824,0.0,0.0,0.0,0.0,0.0,0.0034791917569918372,0.00013381506757660912,0.0
asd_son-F066-C1A,0.0,0.006356641017062564,0.0,0.0020073603211776514,0.0013382402141184342,0.0,0.0,0.0234192037470726,0.003680160588825694,0.00234192037470726,0.00033456005352960856,0.038474406155904986,0.00033456005352960856,0.0016728002676480427,0.022080963532954166,0.0,0.0234192037470726,0.0,0.0,0.0,0.2723318835731014,0.0,0.0,0.0006691201070592171,0.017062562730010035,0.0,0.0,0.00033456005352960856,0.005687520910003345,0.0010036801605888257,0.0,0.0,0.0,0.0006691201070592171,0.0,0.0,0.0,0.017731682837069253,0.0,0.005687520910003345,0.0,0.0,0.0010036801605888257,0.00033456005352960856,0.0016728002676480427,0.0006691201070592171,0.0006691201070592171,0.0,0.0,0.00033456005352960856,0.008698561391769824,0.0,0.08497825359652059,0.0,0.005352960856473737,0.0026764804282368685,0.06423553027768485,0.003011040481766477,0.0,0.038808966209434595,0.0,0.0,0.0,0.0,0.0,0.0,0.0,0.0,0.010036801605888258,0.00033456005352960856,0.0
asd_son-F065-C1A,0.0,0.0005215123859191656,0.0,0.00469361147327249,0.002607561929595828,0.0,0.0,0.028943937418513692,0.0015645371577574967,0.0028683181225554106,0.0002607561929595828,0.0007822685788787483,0.0,0.001303780964797914,0.0,0.0,0.058148631029986964,0.0,0.0,0.0,0.45267275097783577,0.0,0.007301173402868318,0.0002607561929595828,0.021903520208604955,0.0,0.01694915254237288,0.0,0.008344198174706649,0.0049543676662320724,0.0,0.0,0.0,0.0,0.0,0.0,0.0,0.01303780964797914,0.04797913950456323,0.0005215123859191656,0.0,0.0,0.0007822685788787483,0.0,0.0018252933507170795,0.0018252933507170795,0.0,0.0018252933507170795,0.0,0.0002607561929595828,0.0,0.0,0.07718383311603651,0.0,0.0005215123859191656,0.019295958279009127,0.0041720990873533245,0.0,0.0,0.0,0.0,0.0,0.0005215123859191656,0.0010430247718383311,0.0,0.0,0.0002607561929595828,0.0,0.023728813559322035,0.001303780964797914,0.003650586701434159
asd_son-F064-C1A,0.0,0.0,0.0,0.0030731407498463424,0.0018438844499078055,0.0,0.0,0.0069145666871542714,0.001229256299938537,0.0007682851874615857,0.0,0.0,0.00030731407498463427,0.00046097111247695143,0.0,0.0,0.014443761524277812,0.0,0.0,0.0,0.6458205285802089,0.00015365703749231714,0.021665642286416716,0.0,0.085279655808236,0.0,0.007221880762138906,0.0,0.0009219422249539028,0.0004609711124769514,0.0,0.0,0.0,0.0,0.0,0.00015365703749231714,0.0,0.009219422249539028,0.0,0.0016902274124154884,0.0,0.0,0.0007682851874615857,0.0004609711124769514,0.00015365703749231714,0.0006146281499692685,0.00015365703749231714,0.0004609711124769514,0.0,0.001997541487400123,0.0061462814996926865,0.0,0.05055316533497234,0.0,0.0030731407498463433,0.0053779963122311,0.004763368162261831,0.0,0.0,0.012292562999385371,0.0,0.0,0.00015365703749231714,0.0,0.0,0.0,0.0,0.0,0.009526736324523662,0.0,0.0016902274124154886
asd_son-F063-C1U,0.0,0.00025056376847907793,0.0,0.003507892758707091,0.004009020295665247,0.0,0.0,0.060886995740415936,0.004259584064144325,0.01453269857178652,0.00025056376847907793,0.0,0.00025056376847907793,0.0005011275369581559,0.011024805813079429,0.0,0.010273114507642195,0.0,0.0,0.0,0.45402154848408915,0.0,0.04710598847406665,0.00025056376847907793,0.024555249310949635,0.0,0.0065146579804560255,0.0017539463793535455,0.04184414933600601,0.0,0.0,0.0,0.0,0.00025056376847907793,0.0,0.0,0.0,0.022550739163117013,0.0007516913054372337,0.0010022550739163117,0.0,0.0,0.0010022550739163117,0.0005011275369581559,0.0,0.008018040591330494,0.0,0.0,0.0,0.0,0.0,0.0,0.0816837885241794,0.0,0.026810323227261335,0.012027060886995742,0.0010022550739163117,0.0,0.0,0.008769731896767727,0.00025056376847907793,0.0,0.0,0.004760711601102481,0.0,0.0,0.0,0.0,0.010022550739163118,0.0,0.003758456527186169
asd_son-F-055-C1U,0.00015405946695424435,0.0,0.0,0.00046217840086273303,0.002464951471267909,0.0,0.0,0.012324757356339547,0.006162378678169774,0.0013865352025881992,0.00015405946695424435,0.00015405946695424435,0.0,0.0,0.0,0.0,0.027422585117855496,0.0,0.0,0.0,0.6438145124017871,0.0,0.0,0.00015405946695424435,0.0010784162686797104,0.0,0.002464951471267909,0.0,0.00015405946695424435,0.007240794946849484,0.025265752580496067,0.0,0.0,0.0,0.0,0.0,0.0,0.002156832537359421,0.20998305345863502,0.0,0.0,0.0,0.0,0.0,0.00046217840086273303,0.00015405946695424435,0.0,0.00046217840086273303,0.0,0.0,0.0,0.0010784162686797104,0.01525188722847019,0.0,0.0,0.010321984285934371,0.0003081189339084887,0.0030811893390848867,0.0,0.0,0.0,0.0,0.0,0.0,0.0,0.0,0.0003081189339084887,0.0,0.016946541364966875,0.0,0.0
asd_son-F-056-C1A,0.0,0.002464709836432893,0.0,0.00044812906116961686,0.0452610351781313,0.0,0.0,0.0006721935917544253,0.0013443871835088505,0.0033609679587721262,0.0,0.001120322652924042,0.00022406453058480843,0.00044812906116961686,0.0,0.0,0.002240645305848084,0.0,0.00044812906116961686,0.0,0.4568675778624244,0.0,0.0,0.0,0.03764284113824781,0.0,0.0017925162446784674,0.00022406453058480843,0.0,0.0,0.0,0.0,0.002688774367017701,0.0,0.0,0.0,0.0,0.0038090970199417436,0.0,0.001568451714093659,0.0,0.0,0.0029128388976025097,0.0,0.0013443871835088505,0.00044812906116961686,0.0,0.0,0.0,0.00044812906116961686,0.0,0.0,0.18395697961012772,0.0,0.006721935917544253,0.0047053551422809765,0.010755097468070803,0.0,0.0,0.044588841586376875,0.0,0.0,0.0,0.0,0.0,0.007618194039883486,0.0,0.0,0.002240645305848084,0.0,0.007170064978713869
asd_son-F-057-C1A,0.0006093845216331506,0.00020312817387771684,0.0,0.008937639650619542,0.00385943530367662,0.0,0.0,0.017265894779605932,0.0034531789559211863,0.00020312817387771684,0.0006093845216331506,0.0020312817387771686,0.0,0.0006093845216331506,0.0,0.0,0.04042250660166565,0.0,0.0,0.0,0.7056672760511882,0.0,0.00020312817387771684,0.0,0.02254722730042657,0.0,0.005281332520820638,0.0,0.01665651025797278,0.0,0.0,0.0,0.0,0.0,0.0,0.0,0.0,0.03128173877716839,0.0006093845216331506,0.0,0.0,0.0,0.0,0.0,0.0016250253910217347,0.0,0.0004062563477554337,0.0004062563477554337,0.0,0.0,0.0,0.0004062563477554337,0.02539102173471461,0.0,0.0004062563477554337,0.028844200690635795,0.0018281535648994515,0.0,0.0075157424334755234,0.0168596384318505,0.0,0.0,0.0004062563477554337,0.00020312817387771684,0.0,0.00020312817387771684,0.0,0.00020312817387771684,0.01990656104001625,0.0,0.0022344099126548854
asd_son-F-057-C2U,0.0,0.014705882352941176,0.0,0.011176470588235293,0.001176470588235294,0.0,0.0,0.03411764705882353,0.002647058823529412,0.000588235294117647,0.0002941176470588235,0.0,0.0,0.0,0.0,0.0008823529411764705,0.045000000000000005,0.0,0.0,0.0,0.42294117647058826,0.0,0.012058823529411764,0.0035294117647058825,0.04088235294117647,0.0,0.0,0.013235294117647059,0.001176470588235294,0.0,0.0,0.0,0.0,0.0,0.0,0.0,0.0,0.043823529411764706,0.0,0.000588235294117647,0.0,0.0,0.0002941176470588235,0.000588235294117647,0.001176470588235294,0.018823529411764704,0.0014705882352941176,0.0020588235294117644,0.0,0.0002941176470588235,0.0,0.0002941176470588235,0.08882352941176472,0.0,0.0,0.02588235294117647,0.020294117647058824,0.0,0.0,0.021176470588235293,0.0,0.0,0.0,0.0,0.0,0.0,0.000588235294117647,0.0,0.020882352941176473,0.000588235294117647,0.009705882352941177
asd_son-F-058-C1A,0.0,0.013048635824436536,0.0,0.010676156583629894,0.0039541320680110716,0.0015816528272044287,0.0007908264136022143,0.042704626334519574,0.0007908264136022143,0.0007908264136022143,0.002372479240806643,0.0,0.0011862396204033216,0.0,0.00039541320680110717,0.0,0.02451561882166864,0.0,0.0,0.0,0.5073151443258205,0.0,0.0,0.0031633056544088573,0.031237643337287464,0.0,0.0027678924476077504,0.0,0.007512850929221037,0.0015816528272044287,0.0,0.0,0.0,0.00039541320680110717,0.0,0.0,0.0,0.053776196124950576,0.0,0.005931198102016607,0.0,0.0,0.0007908264136022143,0.0,0.0007908264136022143,0.003558718861209965,0.0,0.0011862396204033216,0.0,0.0007908264136022143,0.004744958481613286,0.0,0.007908264136022143,0.0,0.0011862396204033216,0.015025701858442073,0.011071569790431,0.0,0.0,0.002372479240806643,0.0,0.0,0.0,0.00039541320680110717,0.0,0.0,0.0,0.0,0.011862396204033215,0.0,0.009489916963226572
asd_son-F-058-C2U,0.0,0.008064516129032258,0.0,0.012096774193548385,0.005865102639296188,0.0,0.0,0.04435483870967742,0.00036656891495601173,0.00439882697947214,0.003299120234604106,0.0,0.0,0.00036656891495601173,0.0,0.0,0.026392961876832842,0.0,0.0,0.0,0.3057184750733138,0.0,0.0,0.001099706744868035,0.07074780058651026,0.0,0.002932551319648094,0.001099706744868035,0.02565982404692082,0.005498533724340175,0.0,0.00036656891495601173,0.0,0.0007331378299120235,0.0,0.00036656891495601173,0.0,0.10923753665689148,0.0,0.004032258064516129,0.0,0.0,0.001099706744868035,0.00036656891495601173,0.0,0.0007331378299120235,0.0,0.004032258064516129,0.001099706744868035,0.0007331378299120235,0.0,0.00036656891495601173,0.024193548387096774,0.0,0.004032258064516129,0.00439882697947214,0.006964809384164223,0.0,0.0,0.014296187683284459,0.0,0.0,0.00036656891495601173,0.0007331378299120235,0.0,0.00036656891495601173,0.0,0.0,0.011363636363636364,0.0,0.006964809384164223
asd_son-F-059-C1A,0.0,0.004283022100394038,0.0,0.0017132088401576153,0.0034264176803152314,0.0,0.0,0.02381360287819085,0.004625663868425561,0.0,0.00017132088401576153,0.007709439780709268,0.00017132088401576153,0.00017132088401576153,0.0,0.0,0.023128319342127807,0.0,0.0,0.0,0.7450745245845468,0.0,0.0,0.00017132088401576153,0.04214493746787734,0.0,0.0,0.0017132088401576153,0.0006852835360630461,0.0,0.0,0.0,0.0,0.0,0.0,0.0,0.00017132088401576153,0.005824910056535892,0.00017132088401576153,0.0008566044200788076,0.0,0.0,0.000685283536063046,0.00017132088401576153,0.0,0.011821140997087544,0.004454342984409799,0.00017132088401576153,0.0,0.0,0.0,0.0,0.006852835360630461,0.0,0.0005139626520472846,0.017817371937639197,0.0032550967962994694,0.0,0.0,0.016104163097481583,0.0,0.0,0.00034264176803152307,0.0,0.0,0.00017132088401576153,0.0,0.0,0.0342641768031523,0.0,0.0027411341442521845
asd_son-F-060-C1A,0.0,0.0,0.0,0.00027344818156959256,0.0035548263604047036,0.0,0.0005468963631391851,0.09980858627290129,0.0008203445447087776,0.0005468963631391851,0.0005468963631391851,0.0,0.0,0.00027344818156959256,0.0,0.0,0.043751709051134804,0.0,0.0,0.0,0.4276729559748428,0.0,0.0,0.0,0.010937927262783703,0.0,0.004648619086683074,0.0008203445447087776,0.036642056330325405,0.0,0.0,0.015039649986327591,0.009570686354935739,0.0005468963631391851,0.00027344818156959256,0.0,0.0,0.07191687175280284,0.0,0.0019141372709871479,0.0,0.0,0.00027344818156959256,0.0,0.00027344818156959256,0.002461033634126333,0.0,0.00847689362865737,0.0005468963631391851,0.0,0.0,0.0,0.034454470877768664,0.0,0.053595843587640135,0.02980585179108559,0.0008203445447087777,0.0,0.0,0.00027344818156959256,0.0,0.0,0.00027344818156959256,0.0,0.0,0.0,0.0,0.0,0.025977577249111292,0.00027344818156959256,0.0013672409078479626
asd_son-F-061-C1A,0.0,0.009311950336264873,0.0,0.004397309881013968,0.0020693222969477496,0.0,0.0,0.011639937920331092,0.009570615623383343,0.0346611484738748,0.0,0.0010346611484738748,0.0010346611484738748,0.01189860320744956,0.0,0.0,0.015519917227108122,0.0,0.0,0.0,0.38618727366787375,0.0,0.0,0.007759958613554061,0.040869115364718045,0.0,0.0,0.0007759958613554061,0.0020693222969477496,0.0,0.0002586652871184687,0.0,0.0005173305742369374,0.0005173305742369374,0.0,0.0,0.0,0.008535954474909468,0.0007759958613554061,0.00982928091050181,0.0,0.0,0.006466632177961717,0.0007759958613554061,0.008277289187790998,0.0028453181583031556,0.00982928091050181,0.0012933264355923435,0.0,0.02405587170201759,0.0,0.0,0.0775995861355406,0.0,0.009570615623383343,0.015519917227108122,0.07294361096740817,0.0,0.0,0.07889291257113296,0.0,0.0,0.0023279875840662182,0.0018106570098292809,0.0,0.0,0.0,0.0,0.00982928091050181,0.0,0.0023279875840662182
asd_son-F-061-C2U,0.0,0.0,0.0,0.0036055143160127253,0.0,0.0,0.0,0.02926829268292683,0.004029692470837752,0.002545068928950159,0.00021208907741251324,0.004665959703075292,0.0,0.0,0.0,0.0,0.004878048780487805,0.0,0.0,0.0,0.3679745493107105,0.0006362672322375398,0.0,0.001484623541887593,0.033934252386002124,0.0,0.0,0.00021208907741251324,0.005302226935312831,0.0,0.0,0.0,0.0,0.000848356309650053,0.0004241781548250265,0.0,0.0,0.20530222693531283,0.0,0.0033934252386002123,0.0,0.0,0.0004241781548250265,0.0,0.00021208907741251324,0.0,0.0,0.0010604453870625662,0.0,0.0019088016967126191,0.0,0.0,0.015906680805938496,0.012089077412513256,0.005090137857900319,0.00911983032873807,0.014422057264050901,0.0,0.0,0.12258748674443266,0.0,0.0,0.0,0.000848356309650053,0.0,0.0,0.0,0.0,0.01633085896076352,0.0,0.0006362672322375398
asd_son-F-062-C1A,0.0,0.009009009009009009,0.0,0.0010395010395010396,0.0,0.0,0.0,0.05509355509355509,0.002079002079002079,0.0003465003465003465,0.0010395010395010396,0.0,0.0,0.0,0.0,0.0,0.009355509355509358,0.0,0.0,0.0,0.11469161469161471,0.0,0.001386001386001386,0.002079002079002079,0.01386001386001386,0.0,0.00796950796950797,0.0,0.01871101871101871,0.0,0.005544005544005544,0.0,0.0,0.0,0.0003465003465003465,0.0003465003465003465,0.0,0.21171171171171171,0.019057519057519057,0.023908523908523906,0.0,0.0,0.000693000693000693,0.0,0.0,0.0003465003465003465,0.0024255024255024253,0.005197505197505198,0.0,0.0024255024255024258,0.0003465003465003465,0.0,0.013513513513513513,0.0,0.0003465003465003465,0.022522522522522525,0.002772002772002772,0.0,0.0,0.0,0.0,0.001386001386001386,0.0,0.0003465003465003465,0.000693000693000693,0.0,0.0,0.0,0.021483021483021482,0.0,0.0003465003465003465
asd_son-F-062-C2U,0.0,0.00044609665427509297,0.0,0.00044609665427509297,0.001338289962825279,0.0,0.0,0.006245353159851301,0.0016356877323420074,0.00029739776951672863,0.0013382899628252788,0.014126394052044609,0.0,0.0,0.0,0.0,0.0005947955390334573,0.0,0.0,0.0,0.09680297397769518,0.0,0.0,0.0026765799256505576,0.0011895910780669145,0.0,0.002825278810408922,0.0,0.0016356877323420076,0.0011895910780669145,0.0,0.0,0.0,0.00014869888475836432,0.0,0.00014869888475836432,0.0,0.04401486988847584,0.7823048327137545,0.0005947955390334573,0.0,0.0,0.0,0.0,0.002825278810408922,0.0005947955390334573,0.0,0.0011895910780669145,0.0,0.0,0.0,0.0,0.008029739776951674,0.0,0.0005947955390334573,0.003717472118959108,0.0005947955390334573,0.0,0.0,0.0,0.0,0.0,0.0,0.0,0.0,0.0,0.0005947955390334573,0.0,0.009516728624535314,0.0,0.00014869888475836432
asd_son-F-039-C1A,0.00021021652301870928,0.00021021652301870928,0.0,0.0008408660920748371,0.0023123817532058016,0.0,0.0,0.01786840445659029,0.0016817321841496743,0.0,0.0,0.0,0.0,0.00021021652301870928,0.00021021652301870928,0.0,0.004204330460374185,0.0,0.0,0.0,0.3729241118351902,0.0,0.0,0.00294303132226193,0.03783897414336766,0.0,0.0,0.00021021652301870928,0.002312381753205802,0.010300609627916754,0.00042043304603741857,0.0,0.0,0.0,0.0,0.0,0.0,0.012192558335085136,0.3018709270548665,0.018288837502627706,0.03973092285053605,0.0,0.00042043304603741857,0.0006306495690561278,0.00021021652301870928,0.0,0.00021021652301870928,0.0,0.0,0.00882909396678579,0.0,0.0,0.012402774858103847,0.0,0.00021021652301870928,0.01429472356527223,0.0018919487071683836,0.0,0.0,0.023964683624132857,0.0,0.006096279167542569,0.0,0.0,0.0,0.0,0.0,0.0,0.011351692243010301,0.0,0.002102165230187093
asd_son-F-039-C2U,0.0,0.0007944915254237289,0.0,0.003972457627118644,0.0034427966101694915,0.0,0.0,0.015889830508474576,0.0007944915254237289,0.0,0.001059322033898305,0.015625,0.0,0.00026483050847457627,0.06408898305084745,0.0,0.014300847457627119,0.0,0.0,0.0,0.3098516949152542,0.0,0.0,0.0007944915254237289,0.035487288135593216,0.0,0.0,0.0,0.006885593220338984,0.008739406779661016,0.0,0.0,0.0,0.0,0.0,0.0,0.0,0.023040254237288137,0.3024364406779661,0.0026483050847457626,0.0,0.0,0.00026483050847457627,0.0005296610169491525,0.0,0.001059322033898305,0.001059322033898305,0.0013241525423728813,0.0007944915254237289,0.0005296610169491525,0.0,0.0,0.05349576271186441,0.0,0.00026483050847457627,0.024894067796610166,0.0005296610169491525,0.0,0.0,0.01350635593220339,0.0,0.0,0.0,0.0,0.0,0.0,0.0,0.0,0.010858050847457626,0.0,0.003972457627118644
asd_son-F-040-C1A,0.0,0.03076923076923077,0.0,0.0002958579881656805,0.000591715976331361,0.0,0.0,0.010355029585798817,0.0002958579881656805,0.0020710059171597634,0.0,0.0,0.0,0.0,0.0,0.0,0.20828402366863907,0.0,0.0,0.0,0.26242603550295857,0.0,0.0,0.0,0.06893491124260355,0.0,0.0,0.0,0.000591715976331361,0.011242603550295858,0.028106508875739646,0.0,0.0002958579881656805,0.0,0.0,0.0,0.0,0.027218934911242602,0.03313609467455621,0.0002958579881656805,0.0,0.06035502958579882,0.0002958579881656805,0.0,0.001183431952662722,0.0017751479289940828,0.001183431952662722,0.0008875739644970415,0.0,0.010355029585798817,0.0,0.0,0.07130177514792899,0.0,0.0014792899408284023,0.022189349112426038,0.002366863905325444,0.0,0.0,0.0,0.0,0.003254437869822485,0.0002958579881656805,0.0002958579881656805,0.0,0.0,0.0,0.0,0.0068047337278106515,0.0,0.0
asd_son-F-041-C1A,0.0,0.0005320563979781857,0.0,0.015163607342378291,0.002926310188880021,0.0,0.0,0.017025804735301943,0.001596169193934557,0.0005320563979781857,0.003192338387869114,0.0,0.0,0.0007980845969672786,0.0026602819898909284,0.0,0.01569566374035648,0.0,0.0,0.0,0.48736366054801805,0.0,0.010109071561585529,0.0023942537909018356,0.035913806863527534,0.0,0.0,0.00558659217877095,0.03511572226656026,0.0,0.0,0.0,0.00026602819898909286,0.0005320563979781857,0.0,0.0,0.0,0.03830806065442938,0.0,0.001596169193934557,0.0,0.0,0.00026602819898909286,0.0,0.00558659217877095,0.0031923383878691143,0.0013301409949454642,0.0026602819898909284,0.00026602819898909286,0.0010641127959563714,0.0,0.0,0.11997871774408086,0.0,0.005852620377760043,0.03564777866453844,0.0015961691939345571,0.0,0.0,0.011439212556530992,0.0,0.0,0.0,0.0005320563979781857,0.0,0.0,0.0,0.0,0.015429635541367386,0.0005320563979781857,0.0005320563979781857
asd_son-F-041-C2U,0.0,0.0,0.0,0.0927266459841434,0.0003447087211306446,0.0,0.0,0.005170630816959669,0.0,0.0,0.0027576697690451573,0.0,0.0,0.001034126163391934,0.0006894174422612892,0.0,0.011030679076180628,0.0003447087211306446,0.0,0.0,0.47845570492933476,0.0,0.008617718028266115,0.005515339538090314,0.045501551189245086,0.0,0.0,0.004825922095829025,0.008617718028266115,0.0,0.0,0.0,0.0,0.0,0.0,0.0,0.0,0.17407790417097552,0.0,0.0003447087211306446,0.0,0.0003447087211306446,0.0006894174422612892,0.004825922095829025,0.04619096863150638,0.0003447087211306446,0.0013788348845225785,0.0006894174422612892,0.0,0.0,0.0,0.0,0.016890727335401583,0.0,0.00448121337469838,0.008617718028266115,0.0034470872113064465,0.0,0.0,0.001723543605653223,0.0003447087211306446,0.0,0.0003447087211306446,0.0,0.0,0.0,0.0,0.0003447087211306446,0.002757669769045157,0.002757669769045157,0.0006894174422612892
asd_son-F-042-C1A,0.0003785011355034065,0.0,0.0,0.0011355034065102195,0.0018925056775170325,0.0,0.0,0.09348978046934141,0.009462528387585163,0.0,0.000757002271006813,0.0348221044663134,0.0,0.0,0.01286903860711582,0.0026495079485238456,0.023088569265707796,0.0,0.0,0.0,0.1790310370931113,0.0,0.01778955336866011,0.0011355034065102195,0.010598031794095382,0.0,0.0,0.0,0.003028009084027252,0.003028009084027252,0.07797123391370174,0.0,0.0,0.0003785011355034065,0.0,0.0,0.0,0.031037093111279335,0.002271006813020439,0.0034065102195306586,0.0,0.0,0.0011355034065102195,0.0003785011355034065,0.0,0.0003785011355034065,0.0,0.006434519303557911,0.0,0.013626040878122634,0.003785011355034065,0.0,0.014383043149129448,0.0,0.042392127176381536,0.011733535200605601,0.02043906131718395,0.0,0.0,0.07305071915215745,0.0,0.000757002271006813,0.0,0.0011355034065102195,0.0,0.0,0.0,0.0,0.030280090840272524,0.0,0.002271006813020439
asd_son-F-042-C2U,0.0,0.0,0.0,0.005226025607525477,0.0036582179252678338,0.0,0.0,0.07264175594460415,0.006793833289783119,0.0005226025607525476,0.0005226025607525476,0.0036582179252678338,0.0,0.0002613012803762738,0.0,0.0002613012803762738,0.0778677815521296,0.0,0.0,0.0,0.4677292918735302,0.0,0.013587666579566239,0.0007839038411288214,0.06349621113143454,0.0,0.0013065064018813691,0.009668147373922133,0.015155474261823884,0.0,0.0,0.0,0.0,0.0,0.0,0.0010452051215050953,0.0,0.03814998693493598,0.0,0.0026130128037627383,0.0,0.0,0.0,0.0,0.0018291089626339167,0.0020904102430101905,0.0005226025607525476,0.0005226025607525476,0.0005226025607525476,0.0,0.0,0.0,0.014110269140318784,0.0,0.08622942252417036,0.013587666579566237,0.0026130128037627383,0.0,0.0,0.006793833289783119,0.0,0.0,0.0,0.0,0.0,0.0,0.0,0.0,0.01855239090671544,0.0,0.0026130128037627383
asd_son-F-043-C1A,0.0,0.003370245546461242,0.0,0.0031295137217140106,0.0019258545979778526,0.0,0.0,0.05873856523832451,0.0009629272989889263,0.0014443909484833895,0.0009629272989889263,0.0031295137217140106,0.0,0.00048146364949446316,0.0,0.0,0.020221473278767454,0.0,0.0,0.0,0.5515166104959076,0.0,0.0,0.0,0.01203659123736158,0.0,0.0,0.0014443909484833895,0.0031295137217140106,0.0,0.0,0.0,0.00048146364949446316,0.0,0.0,0.0,0.0,0.07149735194992779,0.0,0.0009629272989889263,0.0,0.0,0.00024073182474723158,0.0,0.001685122773230621,0.0,0.002407318247472316,0.024313914299470392,0.00024073182474723158,0.0,0.0,0.0,0.02720269619643717,0.0,0.001685122773230621,0.030091478093403946,0.00048146364949446316,0.0,0.0,0.09725565719788155,0.0,0.0,0.00024073182474723158,0.00024073182474723158,0.0,0.0019258545979778526,0.0,0.0,0.013962445835339432,0.0,0.0
asd_son-F-044-C1A,0.0,0.0,0.0,0.003371327660940761,0.001765933536683256,0.0,0.0,0.013485310643763043,0.002408091186386258,0.006742655321881521,0.0,0.0016053941242575051,0.0,0.0,0.0,0.0,0.003692406485792262,0.00016053941242575052,0.0,0.0,0.6747471504254294,0.0,0.0,0.0,0.041098089580992134,0.0,0.00016053941242575052,0.0011237758869802536,0.025686305988120082,0.0,0.0,0.0,0.00016053941242575052,0.00016053941242575052,0.0,0.0,0.0,0.008187510033713277,0.0,0.0009632364745545031,0.0,0.0,0.00016053941242575052,0.00048161823727725157,0.00016053941242575052,0.0019264729491090065,0.00016053941242575052,0.005618879434901269,0.0,0.00032107882485150104,0.0,0.0,0.06517900144485471,0.0,0.0064215764970300205,0.01236153475678279,0.0008026970621287527,0.0,0.0,0.019906887140793063,0.0,0.0,0.00032107882485150104,0.00032107882485150104,0.0,0.0,0.0,0.0,0.010916680044951036,0.0,0.003692406485792262
asd_son-F-044-C2U,0.0,0.0,0.0,0.01008249312557287,0.0030553009471432934,0.0,0.0,0.04155209288114879,0.0030553009471432934,0.0021387106630003055,0.0009165902841429881,0.0021387106630003055,0.00030553009471432935,0.0,0.0,0.0,0.008249312557286892,0.0,0.00030553009471432935,0.0,0.36816376413076685,0.0,0.0,0.0,0.01008249312557287,0.0,0.00488848151542927,0.0030553009471432934,0.012832263978001834,0.0,0.0,0.00030553009471432935,0.0,0.0,0.0,0.0006110601894286587,0.0,0.022609227008860373,0.0,0.0018331805682859762,0.0,0.0,0.0,0.0006110601894286587,0.0021387106630003055,0.00030553009471432935,0.0,0.013443324167430493,0.0015276504735716467,0.0006110601894286587,0.0,0.0006110601894286587,0.09532538955087075,0.0,0.017109685304002444,0.03544149098686221,0.001527650473571647,0.0,0.0,0.014054384356859151,0.0,0.0,0.0,0.0,0.0,0.0,0.0,0.0,0.031775129850290254,0.0,0.0
asd_son-F-045-C1A,0.0,0.0,0.0,0.0053590568060021436,0.000765579543714592,0.0,0.0,0.028785790843668654,0.0027560863573725313,0.0010718113612004287,0.0003062318174858368,0.0,0.0,0.0,0.0,0.0,0.02281427040269484,0.0,0.0,0.0,0.7658857755320777,0.0,0.0,0.0004593477262287552,0.017455213596692696,0.0,0.009799418159546778,0.0,0.006737099984688409,0.007502679528403001,0.0,0.0,0.0,0.0003062318174858368,0.0,0.0,0.0,0.04103506354310213,0.0,0.0006124636349716736,0.0,0.0,0.0,0.0,0.0010718113612004287,0.000765579543714592,0.0,0.0,0.0001531159087429184,0.0001531159087429184,0.0,0.0012249272699433472,0.005512172714745062,0.0,0.0004593477262287552,0.01531159087429184,0.001531159087429184,0.0,0.0,0.0,0.0,0.0,0.0,0.0,0.0,0.0,0.0,0.0,0.014852243148063085,0.0,0.0022967386311437757
asd_son-F-046-C1A,0.0,0.0,0.0,0.001734390485629336,0.0002477700693756194,0.0,0.0,0.013627353815659068,0.0022299306243805748,0.02081268582755203,0.0004955401387512388,0.027750247770069375,0.0002477700693756194,0.0004955401387512388,0.0,0.0007433102081268583,0.024281466798810707,0.0,0.0,0.005203171456888008,0.2745292368681863,0.0,0.0,0.0007433102081268583,0.07680872150644202,0.0,0.0022299306243805748,0.0,0.008919722497522299,0.002973240832507433,0.0,0.0,0.0,0.0,0.0,0.002973240832507433,0.0,0.018830525272547076,0.03196233894945491,0.0007433102081268583,0.0,0.0,0.0007433102081268583,0.0002477700693756194,0.0007433102081268583,0.0019821605550049554,0.0,0.0007433102081268583,0.0,0.0,0.001238850346878097,0.0,0.17170465807730426,0.0,0.011149653121902874,0.005203171456888008,0.0777998017839445,0.001238850346878097,0.0,0.0014866204162537165,0.0,0.0,0.0002477700693756194,0.0002477700693756194,0.0,0.0,0.0,0.0,0.005698711595639247,0.0,0.005450941526263627
asd_son-F-046-C2U,0.0,0.00016556291390728477,0.0,0.004635761589403973,0.0006622516556291391,0.0,0.0,0.027814569536423844,0.0014900662251655628,0.007119205298013245,0.0006622516556291391,0.0,0.0,0.00016556291390728477,0.0,0.0026490066225165563,0.004801324503311258,0.0,0.0008278145695364238,0.0,0.6173841059602649,0.0,0.0,0.0011589403973509935,0.02533112582781457,0.0,0.00016556291390728477,0.0,0.0041390728476821195,0.0041390728476821195,0.0,0.0,0.0,0.0,0.0,0.0,0.00016556291390728477,0.014403973509933776,0.0,0.0039735099337748336,0.0,0.0,0.0,0.0,0.00033112582781456954,0.00033112582781456954,0.0006622516556291391,0.0013245033112582781,0.00016556291390728477,0.0,0.0,0.00033112582781456954,0.13145695364238413,0.0,0.019370860927152317,0.014900662251655629,0.0011589403973509935,0.0,0.0,0.008112582781456955,0.0,0.0,0.0,0.0,0.0,0.0013245033112582781,0.0,0.0,0.007119205298013245,0.00016556291390728477,0.010927152317880795
asd_son-F-047-C1A,0.0,0.0063641394576646375,0.0,0.007747648035417819,0.014388489208633093,0.0,0.0,0.021582733812949638,0.0008301051466519092,0.001936912008854455,0.0002767017155506364,0.0030437188710570003,0.0002767017155506364,0.001383508577753182,0.0,0.0,0.013281682346430549,0.0,0.0002767017155506364,0.0,0.21278361925843942,0.0,0.0,0.001383508577753182,0.03818483674598782,0.0,0.0,0.0,0.0008301051466519092,0.004150525733259546,0.0,0.002213613724405091,0.001936912008854455,0.0002767017155506364,0.0,0.0027670171555063644,0.0,0.02047592695074709,0.0,0.004980630879911455,0.0,0.0,0.0002767017155506364,0.0011068068622025456,0.002213613724405091,0.00387382401770891,0.0011068068622025456,0.0005534034311012728,0.0,0.0005534034311012728,0.0,0.0019369120088544548,0.20835639180962923,0.0,0.027946873270614278,0.020475926950747094,0.015218594355285003,0.0,0.0,0.09075816270060874,0.0,0.0,0.0005534034311012728,0.0,0.0,0.0,0.0,0.0,0.02767017155506364,0.0033204205866076367,0.0
asd_son-F-048-C1A,0.0,0.0,0.0,0.010298919869379553,0.0025119316754584273,0.0,0.0,0.03943732730469731,0.0015071590052750563,0.002009545340366742,0.0012559658377292136,0.0025119316754584273,0.0,0.00025119316754584274,0.006028636021100225,0.0,0.016829942225571465,0.0,0.0005023863350916855,0.0,0.39311730720924387,0.0,0.003014318010550113,0.002260738507912585,0.029891986937955285,0.0,0.0,0.00025119316754584274,0.023109771414217536,0.05953278070836473,0.0,0.0,0.002260738507912585,0.0,0.0,0.0005023863350916855,0.0,0.18487817131374026,0.0,0.0022607385079125844,0.0,0.0,0.0007535795026375283,0.00025119316754584274,0.014820396885204723,0.001004772670183371,0.00025119316754584274,0.00025119316754584274,0.0,0.00025119316754584274,0.0,0.0,0.06279829188646069,0.0037678975131876413,0.045717156493343375,0.015071590052750567,0.00728460185882944,0.0,0.0,0.0012559658377292136,0.0,0.0,0.0,0.00025119316754584274,0.0,0.0,0.0,0.0,0.01180607887465461,0.0,0.002260738507912585
asd_son-F-049-C1U,0.0,0.005502461627570229,0.0,0.0026064291920069502,0.002316825948450622,0.0,0.0,0.018245004344048653,0.006081668114682885,0.011294526498696784,0.0,0.0,0.0011584129742253113,0.0,0.0,0.0005792064871126556,0.028381117868520128,0.0,0.0,0.0,0.19287576020851432,0.0,0.0,0.0002896032435563278,0.007529684332464524,0.0034752389226759338,0.0,0.0002896032435563278,0.013032145960034753,0.0,0.15870257746886765,0.002027222704894295,0.0026064291920069507,0.0,0.0,0.0,0.0,0.05444540978858964,0.0156385751520417,0.0023168259484506225,0.0,0.0,0.0,0.0005792064871126556,0.0002896032435563278,0.0002896032435563278,0.0,0.0,0.0,0.0,0.0,0.0,0.05039096437880104,0.0,0.005792064871126555,0.012452939472922094,0.014769765421372719,0.0023168259484506225,0.0,0.009556907037358817,0.0,0.015059368664929048,0.0,0.0008688097306689834,0.0,0.0,0.0,0.0,0.010715320011584126,0.0002896032435563278,0.00926730379380249
asd_son-F-050-C1A,0.0,0.0005625879043600563,0.0,0.014064697609001406,0.0030942334739803095,0.0,0.0,0.05372714486638537,0.002250351617440225,0.0,0.00028129395218002813,0.005625879043600563,0.0016877637130801688,0.0,0.0,0.0,0.12067510548523205,0.0,0.0,0.0,0.30042194092827,0.0,0.0,0.0005625879043600563,0.09592123769338959,0.0,0.0,0.002250351617440225,0.02419127988748242,0.0,0.0,0.0,0.0,0.00028129395218002813,0.0,0.0,0.0,0.05260196905766526,0.0,0.001969057665260197,0.0,0.0,0.0005625879043600563,0.0005625879043600563,0.0005625879043600563,0.0,0.0005625879043600563,0.0,0.0,0.0,0.0,0.0,0.012095639943741208,0.0,0.0,0.028691983122362867,0.011251758087201125,0.0,0.0,0.029817158931082985,0.00028129395218002813,0.0,0.00028129395218002813,0.0,0.0,0.00028129395218002813,0.0,0.0,0.03037974683544304,0.0,0.0
asd_son-F-050-C2U,0.0,0.0,0.0,0.04174362763206502,0.009974141115626155,0.0,0.0,0.004802364240857037,0.0,0.0639083856667898,0.0,0.0014776505356483192,0.0,0.004432951606944958,0.0,0.0,0.015145917990395273,0.0003694126339120798,0.0,0.0,0.0033247137052087182,0.0,0.0,0.0,0.0003694126339120798,0.0,0.0,0.0003694126339120798,0.053195419283339485,0.0,0.0,0.008865903213889914,0.004063538973032878,0.0,0.0,0.0,0.0,0.0,0.0,0.0,0.0,0.0,0.0003694126339120798,0.0,0.0,0.02290358330254895,0.0,0.012929442186922793,0.011082379017362393,0.03583302548947174,0.0,0.0,0.16808274842999632,0.0,0.004063538973032878,0.0,0.0059106021425932775,0.0,0.0,0.0,0.0,0.0,0.0003694126339120798,0.0,0.0,0.0003694126339120798,0.0,0.0007388252678241596,0.4680458071666051,0.0,0.0
asd_son-F-051-C1A,0.0,0.00021172983273343214,0.0,0.001482108829134025,0.003175947491001482,0.0,0.0,0.02350201143341097,0.008257463476603853,0.0,0.0012703789964005929,0.00021172983273343214,0.00021172983273343214,0.0,0.0,0.0,0.0006351894982002964,0.0,0.0,0.0,0.4173195003175947,0.0,0.0,0.0,0.01799703578234173,0.0,0.020537793775142917,0.0,0.010163031971204745,0.0046580563201355065,0.0,0.0,0.0,0.00021172983273343214,0.0,0.0,0.0,0.01799703578234173,0.2333262756722422,0.0076222739784035575,0.0,0.0,0.00021172983273343214,0.0006351894982002964,0.0006351894982002964,0.0010586491636671606,0.0008469193309337286,0.0,0.0,0.0,0.0,0.0,0.03472369256828287,0.0,0.008892652974804151,0.01206860046580563,0.006140165149269533,0.0,0.0,0.014609358458606817,0.0,0.0,0.0,0.0,0.0,0.0,0.0016938386618674571,0.0,0.009527842473004446,0.00021172983273343214,0.004234596654668642
asd_son-F-051-C2U,0.0,0.0,0.0,0.009820309235269536,0.0027162557459256167,0.0,0.0,0.028834099456748852,0.0025073129962390308,0.002298370246552445,0.0002089427496865859,0.0,0.0,0.0,0.0,0.0,0.0002089427496865859,0.0004178854993731718,0.0,0.0,0.5589218554116171,0.0,0.0008357709987463436,0.0,0.004387797743418304,0.0,0.002298370246552445,0.0,0.031132469703301295,0.005223568742164647,0.0,0.0,0.0006268282490597577,0.0,0.0,0.0,0.0002089427496865859,0.08754701211867949,0.0,0.0050146259924780615,0.0,0.0,0.0,0.0,0.0008357709987463436,0.003343083994985374,0.0,0.0010447137484329294,0.0004178854993731718,0.007730881738403678,0.0,0.0,0.08859172586711242,0.0,0.004178854993731718,0.03969912244045132,0.0012536564981195154,0.0,0.0,0.0071040534893439195,0.0,0.0,0.0,0.0010447137484329294,0.0,0.0,0.0,0.0,0.01567070622649394,0.0004178854993731718,0.0
asd_son-F-052-C1U,0.0,0.00012941633234114146,0.0,0.009317975928562186,0.0015529959880936973,0.0,0.0,0.029248091109097967,0.003105991976187394,0.0,0.00012941633234114146,0.0,0.0,0.0007764979940468488,0.0,0.0,0.010482722919632457,0.00012941633234114146,0.0,0.0,0.6152452439497865,0.0,0.0,0.0,0.050342953280704025,0.0,0.0036236573055519606,0.001164746991070273,0.002458910314481687,0.0,0.0,0.0,0.0,0.00012941633234114146,0.0,0.0,0.0,0.03054225443250938,0.0,0.0009059143263879903,0.0,0.0,0.0005176653293645658,0.0,0.0,0.005435485958327942,0.0005176653293645658,0.003364824640869678,0.00012941633234114146,0.00012941633234114146,0.0,0.0002588326646822829,0.08735602433027047,0.0,0.00012941633234114146,0.03908373236702472,0.0018118286527759803,0.0,0.0,0.0007764979940468486,0.0,0.0,0.00012941633234114146,0.0,0.0,0.0,0.0,0.0,0.02575385013588715,0.0,0.002588326646822829
asd_son-F-053-C1U,0.0,0.0006142506142506142,0.0,0.004095004095004095,0.002866502866502867,0.0,0.0,0.018222768222768224,0.0022522522522522522,0.0006142506142506142,0.0,0.0,0.0,0.0006142506142506142,0.0,0.0,0.017403767403767405,0.0,0.0,0.0,0.3859541359541359,0.0,0.0,0.0,0.058149058149058144,0.0,0.003480753480753481,0.0,0.002457002457002457,0.0,0.0,0.0,0.00020475020475020476,0.0006142506142506142,0.0,0.0,0.0,0.07227682227682228,0.0,0.003276003276003276,0.0,0.0,0.0006142506142506143,0.0,0.0004095004095004095,0.0,0.0,0.004095004095004095,0.0,0.002457002457002457,0.0,0.0,0.08804258804258804,0.0,0.014946764946764947,0.029893529893529894,0.006961506961506961,0.0,0.0,0.07411957411957411,0.0,0.0,0.001638001638001638,0.0,0.0,0.0006142506142506142,0.0,0.0,0.0300982800982801,0.0,0.0010237510237510238
asd_son-F-054-C1A,0.0,0.0006211180124223603,0.0,0.005383022774327123,0.004347826086956523,0.0,0.0,0.017598343685300208,0.0035196687370600416,0.0,0.0006211180124223603,0.027329192546583853,0.0,0.00020703933747412008,0.0,0.0,0.027536231884057974,0.0,0.0,0.0,0.516977225672878,0.0,0.012215320910973085,0.0,0.02753623188405797,0.0,0.0,0.002484472049689441,0.010766045548654244,0.0,0.0,0.0,0.0,0.00020703933747412008,0.0,0.00020703933747412008,0.0,0.13209109730848861,0.0,0.002484472049689441,0.0,0.0,0.00041407867494824016,0.0006211180124223603,0.0026915113871635614,0.00020703933747412008,0.00020703933747412008,0.0,0.0,0.0,0.0,0.0,0.0012422360248447205,0.0,0.0,0.02008281573498965,0.0010351966873706005,0.0,0.0,0.020703933747412008,0.00020703933747412008,0.0,0.0,0.0,0.0,0.0,0.0,0.0,0.020496894409937887,0.0,0.0
asd_son-F-054-C2U,0.00022972662531587412,0.009418791637950839,0.0,0.003216172754422237,0.002526992878474615,0.0,0.0,0.04456696531127958,0.0027567195037904893,0.0,0.0011486331265793705,0.005972892258212727,0.0,0.0,0.0,0.0,0.010567424764530209,0.0,0.0,0.0,0.6110728233402251,0.0,0.004364805881001608,0.00022972662531587412,0.03445899379738112,0.0,0.0,0.006432345508844475,0.013324144268320697,0.0,0.0,0.0006891798759476223,0.00022972662531587412,0.0,0.0,0.00022972662531587412,0.0,0.05099931082012405,0.0,0.013324144268320699,0.0,0.0,0.00045945325063174823,0.0006891798759476223,0.002067539627842867,0.0009189065012634965,0.0,0.00022972662531587412,0.00022972662531587412,0.0,0.0,0.0011486331265793705,0.020675396278428668,0.0,0.0195267631518493,0.013094417643004824,0.0009189065012634965,0.0,0.0,0.02549965541006203,0.0,0.0,0.0,0.0,0.0,0.0,0.0,0.0,0.017229496898690556,0.0,0.0
asd_son-F-008C1A,0.0,0.0010506960861570791,0.0,0.02416600998161282,0.0007880220646178094,0.0,0.0,0.0007880220646178094,0.0,0.004465458366167586,0.0007880220646178094,0.005253480430785395,0.0,0.0,0.0010506960861570791,0.004990806409246125,0.028631468347780405,0.0,0.0028894142369319674,0.0,0.10533228263724718,0.0,0.030732860520094562,0.0,0.6272655634357763,0.0,0.0,0.005253480430785395,0.008668242710795903,0.0,0.0,0.0,0.0002626740215392698,0.0,0.0,0.0015760441292356187,0.0,0.04176516942474389,0.0,0.0,0.0,0.0,0.0005253480430785396,0.007880220646178092,0.002626740215392698,0.0,0.005253480430785396,0.0,0.0002626740215392698,0.0,0.0,0.0,0.0005253480430785396,0.0,0.0036774363015497765,0.0018387181507748885,0.012608353033884948,0.0,0.0018387181507748883,0.0002626740215392698,0.0,0.0,0.0,0.0,0.0,0.0,0.0,0.0,0.005778828473863936,0.0,0.0031520882584712374
asd_son-F-009C1A,0.0,0.00048792388387411563,0.0,0.0007318858258111734,0.00024396194193705782,0.0,0.0,0.015369602342034643,0.0024396194193705783,0.0009758477677482313,0.001219809709685289,0.00048792388387411563,0.0,0.0007318858258111735,0.0,0.0,0.015857526225908757,0.0,0.0,0.0,0.6435716028299585,0.0,0.0,0.0,0.030739204684069286,0.0,0.0,0.0017077335935594047,0.00902659185167114,0.0,0.0,0.0,0.0,0.0,0.0,0.0,0.0,0.03366674798731398,0.00024396194193705782,0.00024396194193705782,0.0,0.0,0.0019516955354964625,0.00048792388387411563,0.0026835813613076357,0.0,0.0,0.003171505245181752,0.00024396194193705782,0.00024396194193705782,0.0,0.00048792388387411563,0.09782873871676019,0.0,0.005367162722615272,0.01927299341302757,0.0,0.0,0.0,0.058550866064893875,0.0,0.0,0.0,0.0012198097096852891,0.0,0.0,0.0,0.0,0.0068309343742376195,0.0,0.0017077335935594049
asd_son-F-009C2U,0.0,0.006045340050377834,0.0,0.004534005037783375,0.0020151133501259445,0.0,0.0,0.11435768261964735,0.0,0.0005037783375314861,0.0005037783375314861,0.007052896725440806,0.004030226700251889,0.0,0.0,0.0,0.012090680100755667,0.0,0.0,0.0,0.2811083123425693,0.0,0.0,0.0010075566750629723,0.027204030226700253,0.0,0.0,0.0,0.00654911838790932,0.0010075566750629723,0.0,0.0,0.0,0.0005037783375314861,0.0,0.0,0.0,0.03476070528967254,0.0005037783375314861,0.0010075566750629723,0.0,0.0,0.0005037783375314861,0.0005037783375314861,0.0010075566750629723,0.003022670025188917,0.0005037783375314861,0.005037783375314861,0.0,0.0015113350125944584,0.0,0.0005037783375314861,0.10377833753148615,0.0,0.01914357682619647,0.017128463476070527,0.007556675062972292,0.0,0.0,0.0181360201511335,0.0,0.0,0.0010075566750629723,0.0,0.0015113350125944584,0.0,0.0,0.0,0.012594458438287152,0.0,0.0010075566750629723
asd_son-F-010C1A,0.0,0.0,0.0,0.00701219512195122,0.0006097560975609756,0.0,0.0,0.04542682926829268,0.003353658536585366,0.0,0.0,0.0024390243902439024,0.0003048780487804878,0.0003048780487804878,0.0,0.0,0.0024390243902439024,0.0,0.0,0.0,0.701829268292683,0.0,0.0,0.0003048780487804878,0.02774390243902439,0.0,0.0,0.0006097560975609756,0.003658536585365854,0.0,0.0,0.0,0.0,0.0,0.0,0.0,0.0,0.05,0.0,0.003048780487804878,0.0,0.0,0.0,0.0,0.0006097560975609756,0.003048780487804878,0.014329268292682927,0.0,0.0,0.0,0.0,0.0,0.03780487804878049,0.0,0.0009146341463414634,0.01920731707317073,0.0,0.0,0.0,0.0,0.0,0.0,0.0,0.0,0.0,0.001829268292682927,0.0,0.0,0.016463414634146342,0.0,0.0012195121951219512
asd_son-F-011C1A,0.0,0.02261904761904762,0.0,0.0004329004329004329,0.0007575757575757576,0.0,0.0,0.03062770562770563,0.00010822510822510823,0.0,0.0,0.00021645021645021645,0.0,0.00010822510822510823,0.0,0.0,0.011904761904761904,0.0,0.0,0.0,0.834090909090909,0.00010822510822510823,0.0,0.0,0.012337662337662335,0.0,0.0,0.0,0.00010822510822510823,0.000974025974025974,0.0,0.0,0.0,0.0,0.0,0.0,0.00021645021645021645,0.007683982683982684,0.0,0.0003246753246753247,0.0,0.0,0.0,0.0,0.00010822510822510823,0.0003246753246753247,0.004545454545454545,0.0,0.0,0.0,0.0,0.0,0.0005411255411255411,0.0,0.0,0.004978354978354979,0.0020562770562770564,0.0,0.0,0.009956709956709957,0.0,0.0,0.00021645021645021645,0.0,0.0,0.0,0.0,0.0,0.023376623376623377,0.0,0.0
asd_son-F-012C1A,0.0,0.0003681207436039021,0.0,0.0018406037180195105,0.00018406037180195104,0.0,0.0,0.03313086692435119,0.0014724829744156083,0.0,0.00018406037180195104,0.005889931897662433,0.0003681207436039021,0.0,0.0,0.0,0.00349714706423707,0.0,0.0005521811154058532,0.0,0.23228418921406221,0.0,0.0042333885514448735,0.0005521811154058532,0.0031290263206331676,0.0,0.0027609055770292656,0.0007362414872078042,0.008282716731087797,0.0,0.0,0.0,0.0003681207436039021,0.0,0.0,0.00018406037180195104,0.0,0.01251610528253267,0.0,0.005153690410454629,0.0,0.0,0.0,0.0003681207436039021,0.00018406037180195104,0.00018406037180195104,0.0,0.0,0.0,0.00018406037180195104,0.0,0.0,0.02263942573163998,0.0,0.017301674949383398,0.004049328179642923,0.009571139333701455,0.0,0.0,0.0014724829744156083,0.0,0.0,0.0,0.0,0.0,0.0,0.00018406037180195104,0.0,0.004969630038652678,0.0,0.0009203018590097553
asd_son-F-013C1U,0.0,0.032865027596588055,0.0,0.008529854490717512,0.0,0.0,0.0,0.025338685398896135,0.001254390366281987,0.01731058705469142,0.0,0.003512293025589563,0.0,0.0007526342197691922,0.0,0.0,0.01154039136979428,0.0,0.0,0.0,0.30832915203211236,0.0,0.0,0.0062719518314099335,0.032112393376818864,0.0,0.0,0.0,0.0017561465127947816,0.0,0.0,0.0,0.0,0.0002508780732563974,0.0,0.0,0.0,0.02007024586051179,0.0,0.0030105368790767687,0.0,0.0,0.0005017561465127947,0.0002508780732563974,0.0,0.0002508780732563974,0.0,0.003261414952333166,0.0005017561465127947,0.0010035122930255895,0.0,0.0,0.1630707476166583,0.0,0.06171600602107375,0.006522829904666331,0.03487205218263924,0.0,0.0,0.14676367285499248,0.0,0.0,0.0002508780732563974,0.0005017561465127947,0.0,0.0002508780732563974,0.0,0.0,0.0015052684395383841,0.0,0.0010035122930255895
asd_son-F-014C1A,0.0,0.0,0.0,0.008635578583765112,0.0005757052389176741,0.0,0.0,0.03838034926117828,0.0007676069852235655,0.0007676069852235655,0.0,0.0,0.0,0.0,0.0,0.0,0.044137401650355026,0.0,0.0,0.0,0.4691997697179044,0.0,0.00959508731529457,0.0,0.03127998464786029,0.0,0.00422183841872961,0.0007676069852235655,0.002686624448282479,0.0,0.0,0.0,0.0,0.0,0.0,0.0,0.00019190174630589137,0.0445212051429668,0.0,0.0005757052389176741,0.0,0.0,0.00038380349261178274,0.0,0.0036461331798119364,0.0,0.0,0.0,0.0,0.00019190174630589137,0.0,0.0,0.011706006524659375,0.0,0.0,0.0069084628670120895,0.0009595087315294569,0.0,0.0,0.2181922855497985,0.0,0.0,0.00038380349261178274,0.0,0.0,0.0,0.0,0.0,0.027441949721742468,0.0,0.0
asd_son-F-014C2U,0.0,0.0032745984718540464,0.0,0.0018711991267737408,0.0,0.0,0.0,0.054264774676438476,0.000779666302822392,0.0,0.0,0.0,0.0,0.0,0.0,0.0,0.00296273195072509,0.0,0.0,0.0,0.7916731638858567,0.0,0.0,0.0,0.014657726493060972,0.0,0.000779666302822392,0.0001559332605644784,0.0003118665211289568,0.0,0.0,0.0,0.0,0.0001559332605644784,0.0,0.0,0.0,0.06174957118353344,0.0001559332605644784,0.0003118665211289568,0.0,0.0,0.0,0.0,0.0004677997816934352,0.0,0.0001559332605644784,0.0006237330422579137,0.0,0.0001559332605644784,0.0,0.0,0.0018711991267737408,0.0,0.0003118665211289568,0.007952596288788399,0.0,0.0,0.0,0.01668485888039919,0.0,0.0,0.0,0.0,0.0,0.0003118665211289568,0.0,0.0,0.024949321690316547,0.0,0.0004677997816934352
asd_son-F-015C1A,0.0,0.008438818565400843,0.0,0.001969057665260197,0.0036568213783403658,0.0,0.0,0.02334739803094233,0.00028129395218002813,0.0,0.0,0.01659634317862166,0.0,0.0,0.0,0.0,0.0005625879043600563,0.0,0.0,0.0,0.0751054852320675,0.0,0.0,0.0005625879043600563,0.00450070323488045,0.0,0.0005625879043600563,0.00028129395218002813,0.0016877637130801688,0.0,0.0,0.0,0.0,0.0005625879043600563,0.0,0.0,0.0,0.1021097046413502,0.0,0.007313642756680732,0.0,0.0,0.0,0.0,0.0,0.0030942334739803095,0.00028129395218002813,0.0,0.0,0.0,0.0,0.0,0.0011251758087201125,0.0,0.012939521800281295,0.009845288326300983,0.1406469760900141,0.0,0.0,0.017440225035161742,0.0,0.0,0.0,0.0,0.0,0.0,0.0,0.0,0.007313642756680731,0.0,0.0
asd_son-F-015C2U,0.0,0.001385361348418379,0.0,0.0032325098129762178,0.004156084045255137,0.0,0.0,0.02839990764257677,0.001616254906488109,0.0009235742322789194,0.00023089355806972986,0.00023089355806972986,0.0,0.0,0.0,0.0,0.010851997229277302,0.0,0.00023089355806972986,0.0,0.5359039482798429,0.0,0.0,0.0006926806742091896,0.022396675132763798,0.0,0.012006465019625953,0.0034634033710459478,0.025860078503809742,0.0,0.0,0.0,0.0,0.0006926806742091896,0.0,0.0,0.0,0.05910875086585084,0.0,0.020087739552066497,0.0,0.0,0.0004617871161394597,0.0004617871161394597,0.0023089355806972986,0.0011544677903486493,0.0,0.0009235742322789194,0.0,0.0004617871161394597,0.0,0.0,0.07596398060494113,0.0,0.030247056107134608,0.016393442622950817,0.002770722696836758,0.0,0.0,0.023551142923112445,0.0,0.0,0.0004617871161394597,0.0,0.0,0.0,0.0020780420226275687,0.0,0.009928422996998384,0.0009235742322789194,0.0004617871161394597
asd_son-F-016C1A,0.0,0.008646491519787164,0.0,0.0016627868307283005,0.002660458929165281,0.0,0.0,0.05121383438643166,0.002327901563019621,0.0,0.0,0.0,0.0003325573661456601,0.0,0.0,0.0,0.007316262055204523,0.0003325573661456601,0.0,0.0,0.03890921183904224,0.0003325573661456601,0.0,0.002327901563019621,0.0009976720984369804,0.0,0.005986032590621883,0.0,0.02593947455936149,0.0006651147322913202,0.0,0.0,0.0,0.0009976720984369804,0.0,0.0,0.0,0.03691386764216828,0.0,0.0006651147322913202,0.0,0.0,0.0003325573661456601,0.0,0.0,0.002327901563019621,0.0016627868307283007,0.0009976720984369804,0.0,0.0,0.0,0.0,0.0,0.0,0.0003325573661456601,0.024276687728633194,0.16361822414366478,0.0019953441968739607,0.0,0.002660458929165281,0.0,0.0,0.0,0.0,0.0,0.0,0.0,0.0,0.0033255736614566014,0.0,0.0
asd_son-F-016C2U,0.0,0.015859030837004406,0.0,0.012995594713656387,0.0011013215859030838,0.0,0.0,0.012995594713656388,0.004845814977973569,0.0,0.00022026431718061675,0.0,0.0,0.0004405286343612335,0.0,0.0,0.00947136563876652,0.0,0.0,0.0,0.3251101321585903,0.0,0.0,0.0,0.05616740088105727,0.0,0.046696035242290754,0.0015418502202643172,0.0030837004405286344,0.0,0.0,0.0,0.0,0.0022026431718061676,0.0,0.0,0.0,0.008590308370044052,0.0006607929515418502,0.0028634361233480176,0.0,0.0,0.00022026431718061675,0.00022026431718061675,0.0013215859030837004,0.0006607929515418502,0.001762114537444934,0.000881057268722467,0.0,0.0,0.0,0.0,0.12444933920704845,0.0,0.0013215859030837004,0.009691629955947138,0.2726872246696035,0.0028634361233480176,0.0,0.01079295154185022,0.0,0.0,0.0,0.0,0.0,0.0,0.0,0.0,0.001982378854625551,0.0,0.0011013215859030838
asd_son-F-017C1A,0.0,0.0022867904223836427,0.0,0.0,0.0010761366693570083,0.0,0.0,0.009819747107882701,0.0002690341673392521,0.00013451708366962604,0.0,0.0009416195856873823,0.0,0.0006725854183481302,0.0,0.0,0.01224105461393597,0.0,0.0,0.0,0.8866020984665053,0.0,0.0,0.0,0.01224105461393597,0.0,0.0,0.0017487220877051386,0.0022867904223836427,0.0,0.0,0.0,0.0,0.0005380683346785041,0.0,0.0,0.0,0.038606403013182675,0.0,0.0,0.0,0.0,0.00013451708366962604,0.0008071025020177562,0.0,0.0022867904223836427,0.007532956685499058,0.0006725854183481302,0.0,0.0002690341673392521,0.0,0.0,0.0029593758407317726,0.0,0.00013451708366962604,0.0006725854183481302,0.0002690341673392521,0.0,0.0,0.0,0.0,0.0,0.0002690341673392521,0.0,0.0,0.0,0.0,0.0,0.0022867904223836427,0.0,0.008340059187516815
asd_son-F-017C2U,0.0,0.0004656938838869916,0.0,0.0015523129462899719,0.0004656938838869916,0.0,0.0,0.0029493945979509467,0.0007761564731449859,0.0,0.0,0.0027941633033219497,0.0,0.0,0.0,0.0,0.0,0.0,0.0,0.0,0.8902514746972989,0.0,0.0,0.0,0.005743557901272896,0.0,0.0,0.0,0.004346476249611922,0.0010866190624029804,0.0,0.0,0.0,0.0001552312946289972,0.0,0.0,0.0,0.027010245265445515,0.0,0.0,0.0,0.0,0.0,0.0,0.0,0.0001552312946289972,0.0001552312946289972,0.0,0.0,0.0,0.0,0.0,0.016609748525302698,0.0,0.0,0.007606333436820863,0.0001552312946289972,0.0,0.0,0.0001552312946289972,0.0,0.0,0.0001552312946289972,0.0,0.0,0.0,0.0,0.0,0.025768394908413532,0.0,0.0001552312946289972
asd_son-F-018C1A,0.0,0.010294639687610935,0.0,0.0001774937877174299,0.001597444089456869,0.0,0.0,0.012424565140220093,0.0010649627263045794,0.0,0.0001774937877174299,0.0,0.0003549875754348598,0.0,0.0,0.0,0.022541711040113595,0.0,0.0,0.0023074192403265887,0.7525736599219026,0.0,0.0,0.0,0.05324813631522896,0.0,0.005857294994675187,0.0012424565140220093,0.0040823571175008875,0.0,0.0,0.0001774937877174299,0.0,0.0,0.0,0.0,0.0,0.007454739084132055,0.0,0.0003549875754348598,0.0,0.0,0.0003549875754348598,0.0005324813631522897,0.0003549875754348598,0.0003549875754348598,0.0010649627263045794,0.0007099751508697196,0.0,0.0005324813631522897,0.0,0.0,0.009052183173588925,0.0,0.0012424565140220093,0.0023074192403265883,0.005324813631522897,0.0,0.0,0.0012424565140220093,0.0,0.0,0.0001774937877174299,0.0001774937877174299,0.0,0.0,0.0,0.0,0.009052183173588925,0.0,0.0008874689385871494
asd_son-F-018C2U,0.0,0.0,0.0,0.0017040241184952155,0.0010486302267662866,0.0,0.0,0.012452483942849655,0.0011797090051120724,0.000786472670074715,0.00026215755669157164,0.0,0.0,0.0,0.0,0.0,0.006029623803906149,0.0,0.0,0.0,0.8564687377113647,0.0,0.0,0.0,0.009175514484205007,0.0,0.0013107877834578582,0.00039323633503735744,0.007209332809018219,0.0,0.0,0.0,0.0,0.0,0.0,0.0,0.0,0.016647004849914798,0.0,0.00013107877834578582,0.0,0.0,0.0,0.0006553938917289291,0.0009175514484205007,0.0017040241184952155,0.0,0.007602569144055577,0.00039323633503735744,0.0,0.0,0.0,0.017695635076681086,0.0,0.007995805479092935,0.014942980731419584,0.0024904967885699303,0.0,0.0,0.0,0.0,0.0,0.0005243151133831433,0.0,0.0,0.0,0.0,0.0,0.007209332809018221,0.0,0.0005243151133831433
asd_son-F-019C1A,0.0,0.002919380193128228,0.0,0.0,0.007635302043566135,0.0,0.0,0.004940489557601617,0.00022456770716370987,0.003593083314619358,0.0,0.0,0.0,0.0011228385358185494,0.006063328093420166,0.0,0.020884796766225018,0.0,0.0,0.0,0.29642937345609705,0.0,0.04221872894677745,0.0,0.08017067145744443,0.0029193801931282283,0.0,0.0,0.0,0.0,0.0,0.0,0.00022456770716370987,0.0,0.0,0.0,0.0,0.0011228385358185494,0.0,0.00022456770716370987,0.0,0.0,0.0008982708286548395,0.0,0.00044913541432741973,0.0015719739501459692,0.0029193801931282283,0.0,0.0,0.001571973950145969,0.0,0.0,0.11183471816752752,0.0,0.0038176510217830676,0.04176959353245004,0.01908825510891534,0.0008982708286548395,0.0,0.005838760386256456,0.0,0.0,0.0,0.0,0.0,0.00022456770716370987,0.0,0.0,0.0013474062429822593,0.0,0.001347406242982259
asd_son-F-019C2U,0.0007360157016683023,0.0,0.0,0.01619234543670265,0.0024533856722276743,0.0,0.0,0.014474975466143278,0.008832188420019626,0.0022080471050049066,0.0007360157016683023,0.0,0.0,0.0,0.0,0.0,0.038272816486751716,0.0,0.0,0.0,0.4281157998037291,0.0,0.0014720314033366045,0.0,0.0004906771344455348,0.0,0.0,0.004416094210009814,0.04023552502453386,0.0,0.0,0.0,0.0,0.0,0.0,0.0,0.0,0.05103042198233562,0.0,0.0031894013738959764,0.0,0.0,0.0,0.0,0.008341511285574092,0.0022080471050049066,0.0,0.011040235525024533,0.001226692836113837,0.0004906771344455348,0.0,0.0,0.20706575073601574,0.0,0.04882237487733071,0.025760549558390577,0.0,0.0009813542688910696,0.0,0.0002453385672227674,0.0,0.0,0.0,0.0,0.0,0.0,0.0,0.0,0.01496565260058881,0.0,0.0
asd_son-F-020C1A,0.0,0.0006380263717566993,0.0,0.01169715014887282,0.0027647809442790305,0.0,0.0,0.05742237345810294,0.011909825606125052,0.0002126754572522331,0.0014887282007656317,0.0008507018290089324,0.0,0.0,0.0,0.0,0.0006380263717566993,0.0,0.0,0.0,0.5946405784772436,0.0,0.0002126754572522331,0.0004253509145044662,0.024245002126754574,0.0,0.0,0.01509995746490855,0.005104210974053594,0.0002126754572522331,0.0,0.0,0.0,0.0002126754572522331,0.0,0.0,0.0002126754572522331,0.022543598468736707,0.0,0.0,0.0,0.0,0.0012760527435133986,0.0002126754572522331,0.0017014036580178648,0.0012760527435133986,0.0,0.015525308379413016,0.0,0.0014887282007656317,0.0,0.0010633772862611655,0.03424074861760953,0.0,0.0,0.07294768183751595,0.0012760527435133986,0.0,0.0,0.0,0.0,0.0,0.0004253509145044662,0.0,0.0,0.0012760527435133986,0.0,0.0002126754572522331,0.04849000425350914,0.0,0.0
asd_son-F-020C2U,0.0,0.00044014084507042255,0.0,0.00044014084507042255,0.018339201877934273,0.0,0.0,0.04386737089201878,0.00029342723004694836,0.0,0.0,0.011590375586854459,0.0,0.00044014084507042255,0.0,0.0,0.006161971830985916,0.0,0.0,0.0,0.08201291079812206,0.0,0.0,0.00014671361502347418,0.00029342723004694836,0.0,0.0,0.0005868544600938967,0.0,0.0,0.0,0.0,0.0,0.0,0.0,0.0,0.0,0.19278169014084506,0.0,0.0,0.0,0.0,0.00014671361502347418,0.0,0.00014671361502347418,0.022300469483568078,0.00044014084507042255,0.00029342723004694836,0.0,0.0,0.0,0.0,0.0,0.0,0.00044014084507042255,0.0044014084507042256,0.007335680751173709,0.0,0.0030809859154929575,0.003961267605633803,0.0,0.0,0.0022007042253521128,0.0,0.0,0.001613849765258216,0.00014671361502347418,0.0,0.0030809859154929575,0.0,0.0011737089201877935
asd_son-F-021C2U,0.0,0.0004991265285749938,0.0,0.01996506114299975,0.0027451959071624656,0.0,0.0,0.030696281507362116,0.003493885700024956,0.0014973795857249812,0.003493885700024956,0.004242575492887447,0.0,0.0,0.004492138757174943,0.0,0.03443973047167457,0.0,0.0,0.0,0.3578737209882705,0.0,0.0,0.0019965061142999748,0.027202395807337156,0.0,0.0,0.004741702021462441,0.05490391814324932,0.0,0.0,0.0,0.0002495632642874969,0.0002495632642874969,0.0,0.0,0.0,0.1914150237085101,0.0,0.007486897928624907,0.0,0.0,0.003244322435737459,0.0004991265285749938,0.0029947591714499623,0.0049912652857499375,0.0004991265285749938,0.005989518342899925,0.0002495632642874969,0.0004991265285749938,0.0,0.0,0.025954579485899673,0.0,0.010731220364362366,0.03918143249313701,0.004492138757174944,0.0,0.0,0.008734714250062392,0.0,0.0,0.0,0.0017469428500124782,0.0,0.0004991265285749938,0.0,0.0,0.02295982031444971,0.0,0.0014973795857249812
asd_son-F-022C1A,0.0,0.0005296610169491525,0.0,0.00211864406779661,0.001765536723163842,0.0,0.0,0.013771186440677968,0.0,0.0014124293785310734,0.0,0.00017655367231638418,0.0,0.0012358757062146892,0.0022951977401129945,0.0,0.010946327683615819,0.0,0.0,0.0,0.534957627118644,0.0,0.017655367231638415,0.0008827683615819209,0.11864406779661017,0.0,0.0,0.00035310734463276836,0.0008827683615819209,0.0,0.0,0.0,0.0,0.00017655367231638418,0.0,0.0012358757062146894,0.0,0.02277542372881356,0.0,0.0005296610169491525,0.0,0.0,0.0005296610169491525,0.00035310734463276836,0.00017655367231638418,0.0,0.00017655367231638418,0.00035310734463276836,0.0,0.00017655367231638418,0.0,0.0,0.05455508474576271,0.0,0.0005296610169491525,0.0030014124293785307,0.027895480225988697,0.0,0.0,0.012711864406779662,0.0,0.0,0.00017655367231638418,0.0,0.0,0.0,0.0,0.0,0.003001412429378531,0.0,0.0015889830508474577
asd_son-F-022C2U,0.0,0.0002044153720359771,0.0,0.016353229762878167,0.013286999182338513,0.0,0.0,0.012264922322158625,0.00490596892886345,0.017375306623058057,0.0006132461161079313,0.0,0.0,0.0012264922322158627,0.0,0.0,0.017579721995094034,0.0,0.0,0.0,0.491005723630417,0.0006132461161079313,0.014309076042518397,0.002248569092395748,0.03454619787408013,0.0,0.005928045789043336,0.0002044153720359771,0.0024529844644317253,0.0,0.0,0.0,0.0,0.0,0.0,0.0,0.0,0.005110384300899428,0.0,0.0006132461161079313,0.0,0.0,0.006950122649223221,0.0,0.0008176614881439084,0.0,0.0,0.0010220768601798855,0.0004088307440719542,0.004701553556827474,0.0,0.0,0.07706459525756337,0.0,0.005928045789043335,0.017579721995094034,0.027596075224856915,0.0,0.0,0.008176614881439084,0.0004088307440719542,0.0,0.0006132461161079313,0.0,0.0,0.0004088307440719542,0.0,0.0002044153720359771,0.02350776778413737,0.004292722812755519,0.004701553556827474
asd_son-F-023C1A,0.0,0.003139976863328376,0.0,0.0003305238803503553,0.0004957858205255329,0.0,0.0,0.03288712609486035,0.000495785820525533,0.0006610477607007106,0.00016526194017517766,0.0,0.0,0.0006610477607007106,0.0,0.0,0.005288382085605685,0.0,0.0,0.0,0.7853247397124443,0.0,0.005123120145430507,0.0016526194017517765,0.01685671789786812,0.0,0.0,0.0,0.007602049248058172,0.006114691786481573,0.0,0.0,0.0,0.00016526194017517766,0.0,0.0,0.0,0.01338621715418939,0.0,0.000495785820525533,0.0,0.0,0.00016526194017517766,0.0003305238803503553,0.0009915716410510659,0.0003305238803503553,0.0004957858205255329,0.0013220955214014213,0.0,0.00016526194017517766,0.006114691786481573,0.0,0.013882002974714923,0.0,0.001322095521401421,0.00776731118823335,0.0016526194017517763,0.0,0.0,0.0,0.0,0.0,0.0,0.0008263097008758883,0.0,0.0003305238803503553,0.0,0.0,0.006445215666831929,0.0,0.00016526194017517766
asd_son-F-023C2U,0.0003913894324853229,0.0019569471624266144,0.0,0.007045009784735812,0.0035225048923679062,0.0,0.0,0.05283757338551859,0.0035225048923679062,0.0027397260273972603,0.0019569471624266144,0.007827788649706457,0.0,0.0,0.0,0.0,0.0015655577299412916,0.0,0.0,0.0,0.1585127201565558,0.0,0.03091976516634051,0.005479452054794521,0.019569471624266144,0.0,0.0,0.0003913894324853229,0.017221135029354205,0.03209393346379647,0.0,0.0,0.0,0.0,0.0,0.0,0.0,0.18317025440313112,0.0003913894324853229,0.0015655577299412916,0.0,0.0,0.0011741682974559687,0.0011741682974559687,0.005088062622309198,0.0007827788649706458,0.0015655577299412916,0.0011741682974559687,0.0,0.0,0.0,0.0,0.1929549902152642,0.0,0.006653620352250488,0.014090019569471623,0.02426614481409002,0.0,0.0,0.0,0.0,0.0,0.0003913894324853229,0.0007827788649706458,0.0,0.0,0.0,0.0,0.016829745596868884,0.0,0.0
asd_son-F-024C1A,0.000423728813559322,0.000423728813559322,0.0,0.02055084745762712,0.012076271186440677,0.0,0.0,0.02055084745762712,0.001906779661016949,0.001906779661016949,0.004661016949152543,0.0031779661016949155,0.000211864406779661,0.0019067796610169492,0.0,0.0,0.01059322033898305,0.0,0.0,0.0,0.2277542372881356,0.0,0.0,0.0,0.0201271186440678,0.0,0.0,0.000211864406779661,0.05741525423728814,0.015254237288135594,0.0,0.0,0.0,0.000635593220338983,0.0,0.0,0.0,0.40127118644067794,0.000211864406779661,0.000211864406779661,0.0,0.0,0.0023305084745762713,0.000635593220338983,0.005084745762711864,0.001271186440677966,0.0023305084745762713,0.006355932203389831,0.000211864406779661,0.001059322033898305,0.0,0.0,0.02733050847457627,0.0,0.001271186440677966,0.020338983050847456,0.004872881355932203,0.0,0.0,0.000211864406779661,0.000211864406779661,0.0,0.0,0.001059322033898305,0.0,0.0,0.000211864406779661,0.0,0.07457627118644067,0.0,0.000423728813559322
asd_son-F-024C2U,0.0,0.0,0.0,0.0025438100621820235,0.0022611644997173543,0.0,0.0,0.035472018089316,0.0016958733747880158,0.0002826455624646693,0.00042396834369700395,0.0002826455624646693,0.0,0.0,0.0,0.0,0.019219898247597515,0.00014132278123233464,0.0,0.0,0.47060486150367437,0.0,0.0,0.00014132278123233464,0.002685132843414358,0.0,0.0,0.0,0.02459016393442623,0.008338044092707744,0.0,0.0,0.0,0.0005652911249293386,0.0,0.0,0.00014132278123233464,0.036743923120407015,0.0,0.0,0.0,0.0,0.0,0.00014132278123233464,0.0025438100621820235,0.0026851328434143585,0.00014132278123233464,0.003674392312040701,0.0002826455624646693,0.0008479366873940079,0.0,0.0,0.09567552289429057,0.0,0.16393442622950818,0.0313736574335783,0.0002826455624646693,0.0,0.0,0.00014132278123233464,0.0,0.0,0.00014132278123233464,0.0,0.0,0.0,0.0,0.0,0.02388355002826456,0.0,0.0
asd_son-F-025C1A,0.0,0.0004841442749939482,0.0060518034374243525,0.008230452674897118,0.010167029774872912,0.0,0.0,0.0764947954490438,0.0016945049624788188,0.0033890099249576375,0.0009682885499878964,0.0002420721374969741,0.0002420721374969741,0.0004841442749939482,0.0,0.0,0.022754780924715563,0.0007262164124909223,0.0,0.0,0.51440329218107,0.0,0.0,0.0004841442749939482,0.032679738562091505,0.0,0.0014524328249818446,0.010167029774872912,0.006778019849915274,0.0,0.0,0.0,0.0002420721374969741,0.0014524328249818446,0.0,0.0,0.0,0.04526748971193416,0.0002420721374969741,0.007020091987412249,0.0,0.0,0.0012103606874848704,0.0,0.001936577099975793,0.0007262164124909223,0.0,0.008956669087388042,0.0,0.0014524328249818446,0.0,0.0,0.020334059549745827,0.0,0.01839748244977003,0.0382473977245219,0.0021786492374727667,0.0,0.0,0.02348099733720649,0.0,0.0,0.0,0.0009682885499878964,0.0,0.0,0.0,0.0,0.02565964657467926,0.0,0.0
asd_son-F-025C2U,0.0,0.000380517503805175,0.0,0.0045662100456621,0.0020928462709284626,0.0,0.0,0.0197869101978691,0.0005707762557077625,0.0,0.0,0.0,0.0001902587519025875,0.0005707762557077625,0.0,0.0,0.0015220700152207,0.0,0.0,0.0,0.5058980213089802,0.0,0.0,0.0,0.028729071537290714,0.0,0.001141552511415525,0.0,0.0,0.0020928462709284626,0.0,0.0,0.0,0.0,0.0,0.000380517503805175,0.0,0.17009132420091322,0.0,0.0017123287671232876,0.0,0.0,0.000380517503805175,0.0,0.007039573820395738,0.0009512937595129375,0.0030441400304414,0.0001902587519025875,0.0,0.0005707762557077625,0.0,0.0,0.017313546423135463,0.0,0.00532724505327245,0.03900304414003044,0.023211567732115676,0.0,0.0,0.11015981735159817,0.0,0.0,0.0,0.0,0.000380517503805175,0.0005707762557077625,0.0,0.0,0.020357686453576863,0.0,0.001141552511415525
asd_son-F-026C1A,0.0,0.00020933640360058616,0.0,0.002930709650408206,0.0010466820180029307,0.0,0.0,0.010885492987230478,0.0031400460540087923,0.0008373456144023446,0.0,0.02156164957086037,0.0,0.001465354825204103,0.0,0.0,0.012769520619635755,0.0,0.0,0.0,0.44735189449445256,0.0,0.010676156583629894,0.006280092108017585,0.07933849696462214,0.0,0.0,0.0025120368432070338,0.0,0.0,0.0,0.0,0.0,0.0008373456144023446,0.0,0.0,0.0,0.030981787732886748,0.0,0.00020933640360058616,0.0,0.0,0.009420138162026376,0.0,0.02972576931128323,0.00020933640360058616,0.022608331588863304,0.0004186728072011723,0.0,0.004396064475612309,0.0,0.0,0.054008792128951225,0.0,0.0020933640360058614,0.018840276324052753,0.00544274649361524,0.0,0.0,0.08101318819342684,0.0004186728072011723,0.0,0.0018840276324052752,0.0,0.0,0.00020933640360058616,0.0,0.00020933640360058616,0.0035587188612099642,0.0,0.0020933640360058614
asd_son-F-027C1A,0.0,0.0,0.0,0.001323529411764706,0.0002941176470588235,0.0,0.0,0.03867647058823529,0.0002941176470588235,0.00014705882352941175,0.00044117647058823526,0.0,0.0,0.0002941176470588235,0.0,0.0,0.004705882352941176,0.0,0.0,0.0,0.7755882352941177,0.0,0.0045588235294117645,0.0002941176470588235,0.0058823529411764705,0.0,0.003382352941176471,0.00014705882352941175,0.0029411764705882353,0.0,0.0,0.0,0.0,0.0002941176470588235,0.0,0.0,0.0,0.07588235294117647,0.0,0.0002941176470588235,0.0,0.0,0.00044117647058823526,0.0002941176470588235,0.0,0.0017647058823529412,0.001176470588235294,0.0002941176470588235,0.0,0.00044117647058823526,0.0,0.0,0.013382352941176472,0.0,0.0,0.012499999999999999,0.00014705882352941175,0.0,0.0,0.00014705882352941175,0.0,0.0,0.0004411764705882353,0.000588235294117647,0.0,0.00044117647058823526,0.0,0.00014705882352941175,0.016176470588235292,0.0,0.00044117647058823526
asd_son-F-027C2U,0.00016283992835043154,0.0003256798567008631,0.0,0.0037453183520599256,0.0039081582804103565,0.0,0.0,0.017423872333496175,0.0016283992835043155,0.0003256798567008631,0.0011398794984530207,0.0004885197850512946,0.0,0.00016283992835043154,0.0,0.0,0.01791239211854747,0.0,0.0,0.0,0.6388210389187429,0.0,0.0,0.0003256798567008631,0.019377951473701353,0.0,0.008304836345872008,0.0008141996417521578,0.013515714053085815,0.0,0.0,0.0,0.0,0.0,0.0,0.00016283992835043154,0.00016283992835043154,0.10568311349943006,0.0,0.00016283992835043154,0.0,0.0,0.001139879498453021,0.00016283992835043154,0.001465559355153884,0.0,0.002442598925256473,0.0014655593551538837,0.0,0.0003256798567008631,0.0,0.00016283992835043154,0.04298974108451392,0.0,0.0009770395701025891,0.028822667318026383,0.0009770395701025891,0.0,0.0,0.011073115127829346,0.0,0.0,0.0009770395701025891,0.0,0.0,0.0004885197850512946,0.00016283992835043154,0.0,0.013352874124735384,0.0,0.0003256798567008631
asd_son-F-028C1A,0.0,0.0,0.0,0.0006414368184733804,0.0023091725465041696,0.0,0.0,0.0020525978191148174,0.0021808851828094937,0.0008980115458627325,0.0,0.0005131494547787043,0.0001282873636946761,0.0043617703656189865,0.0001282873636946761,0.0,0.0,0.0,0.0,0.0,0.617447081462476,0.0,0.0,0.0001282873636946761,0.2814624759461194,0.0,0.0,0.0005131494547787043,0.0005131494547787043,0.0,0.0,0.0,0.0,0.0010262989095574087,0.0,0.0,0.0,0.004233483001924311,0.0,0.001796023091725465,0.0,0.0,0.0008980115458627326,0.00038486209108402826,0.0007697241821680565,0.0003848620910840282,0.0,0.0005131494547787043,0.0,0.0016677357280307891,0.0,0.0,0.016549069916613215,0.0,0.0005131494547787043,0.017960230917254648,0.001667735728030789,0.0,0.0,0.015522771007055805,0.0,0.0,0.0001282873636946761,0.0,0.0,0.0003848620910840282,0.0,0.0,0.007184092366901861,0.0,0.001411161000641437
asd_son-F-028C2U,0.0,0.0023670506548840145,0.0,0.00015780337699226762,0.001262427015938141,0.0,0.0,0.005838724948713903,0.002051443900899479,0.00031560675398453525,0.0,0.001735837146914944,0.0009468202619536059,0.0026826574088685494,0.0,0.0,0.0,0.0,0.0,0.0,0.5595707748145811,0.0,0.0,0.0,0.14738835411077797,0.0,0.0,0.0,0.0011046236389458735,0.0,0.0,0.0,0.0,0.00015780337699226762,0.0,0.0,0.0,0.00852138235758245,0.0015780337699226763,0.0023670506548840145,0.0,0.0,0.00047341013097680287,0.00047341013097680287,0.002209247277891747,0.003945084424806691,0.0,0.0009468202619536057,0.0,0.0011046236389458735,0.0,0.00047341013097680287,0.039608647625059175,0.0,0.0007890168849613382,0.01388669717531955,0.0053653148177371,0.0,0.0,0.017042764715164905,0.0,0.0,0.0,0.0,0.0,0.0,0.0,0.0,0.0011046236389458735,0.0,0.01278207353637368
asd_son-F-029C1A,0.0,0.0,0.0,0.0036153289949385397,0.0017353579175704988,0.0,0.0,0.011569052783803328,0.0008676789587852494,0.00028922631959508316,0.00014461315979754158,0.0005784526391901663,0.0,0.0,0.0,0.0,0.01359363702096891,0.0,0.0,0.0,0.5978308026030369,0.0,0.0,0.002458423716558207,0.03933477946493131,0.0,0.0,0.00043383947939262476,0.00274765003615329,0.0,0.0,0.0,0.0,0.00014461315979754158,0.0,0.0,0.0,0.04743311641359364,0.0,0.0023138105567606653,0.0,0.0,0.00014461315979754158,0.00014461315979754158,0.001012292118582791,0.001012292118582791,0.0013015184381778742,0.0005784526391901663,0.0,0.0,0.0,0.00014461315979754158,0.0011569052783803326,0.0,0.00014461315979754158,0.014461315979754157,0.0008676789587852495,0.0,0.0,0.014027476500361532,0.0,0.0,0.0,0.0,0.0,0.00014461315979754158,0.00014461315979754158,0.0,0.017208966015907448,0.0007230657989877079,0.0026030368763557484
asd_son-F-029C2U,0.0,0.0016342539630658604,0.0,0.006373590455956856,0.0009805523778395164,0.0,0.0,0.034482758620689655,0.0006537015852263442,0.0013074031704526884,0.00016342539630658605,0.0014708285667592745,0.0003268507926131721,0.0003268507926131721,0.0,0.0006537015852263442,0.006863866644876614,0.0,0.0,0.0,0.66203628043798,0.0,0.0,0.0008171269815329303,0.04706651413629678,0.0,0.00016342539630658605,0.0003268507926131721,0.0017976793593724465,0.0,0.0,0.0,0.0,0.00016342539630658605,0.0,0.0,0.0,0.047556790325216536,0.0003268507926131721,0.0024513809445987906,0.0,0.0,0.0,0.0,0.00016342539630658605,0.0003268507926131721,0.0003268507926131721,0.0004902761889197581,0.0,0.00016342539630658605,0.0,0.0,0.021245301519856187,0.0,0.0034319333224383072,0.009968949174701749,0.0034319333224383072,0.0,0.0,0.02353325706814839,0.0,0.0,0.0,0.0,0.0,0.0,0.0,0.0,0.0052296126818107535,0.0003268507926131721,0.0017976793593724465
asd_son-F-030C1A,0.0,0.0006712535660345696,0.0,0.007551602617888908,0.003020641047155563,0.0,0.0,0.011746937405604967,0.0,0.0006712535660345696,0.0003356267830172848,0.0,0.0006712535660345696,0.0008390669575432119,0.0,0.0,0.01829165967444202,0.0,0.0,0.0,0.5066286289645914,0.0,0.0,0.0001678133915086424,0.03658331934888404,0.0,0.006880349051854338,0.0,0.002181574089612351,0.0005034401745259272,0.0001678133915086424,0.0,0.0,0.0005034401745259272,0.0,0.0,0.0001678133915086424,0.011746937405604969,0.0001678133915086424,0.0013425071320691392,0.0,0.0,0.0010068803490518544,0.0005034401745259272,0.0015103205235777815,0.007215975834871623,0.0003356267830172848,0.009397549924483974,0.0001678133915086424,0.0026850142641382784,0.0001678133915086424,0.0001678133915086424,0.02685014264138278,0.0,0.00419533478771606,0.022151367679140794,0.006544722268837053,0.0,0.0,0.0016781339150864238,0.0,0.0,0.0001678133915086424,0.0003356267830172848,0.0,0.0001678133915086424,0.0,0.0,0.02903171673099513,0.0,0.0013425071320691392
asd_son-F-030C2U,0.0,0.0,0.0,0.00031620553359683795,0.006007905138339921,0.0,0.0,0.02403162055335968,0.0052173913043478265,0.0,0.00015810276679841898,0.00015810276679841898,0.0,0.0015810276679841897,0.0,0.0,0.005849802371541502,0.0,0.0,0.0,0.5492490118577076,0.0,0.0,0.00015810276679841898,0.027826086956521737,0.0,0.0020553359683794467,0.00031620553359683795,0.0025296442687747036,0.0,0.0,0.0,0.0,0.0,0.0,0.0,0.00031620553359683795,0.009328063241106719,0.0,0.00031620553359683795,0.0,0.0,0.00031620553359683795,0.00031620553359683795,0.0011067193675889327,0.011067193675889327,0.0,0.005533596837944664,0.0,0.00047430830039525695,0.0,0.00015810276679841898,0.08284584980237153,0.0,0.009486166007905139,0.03683794466403162,0.0009486166007905138,0.0,0.0,0.0,0.0,0.0,0.0004743083003952569,0.0,0.0,0.0,0.0,0.0,0.1075098814229249,0.0,0.0025296442687747036
asd_son-F-031C1U,0.0,0.0,0.0,0.0015138135486312604,0.005929103065472436,0.0,0.0,0.07177999243093225,0.005046045162104201,0.0,0.0008830579033682351,0.0,0.0,0.00012615112905260502,0.0,0.0,0.014633530970102181,0.0,0.0,0.0,0.7191875867289013,0.0,0.0,0.0005046045162104201,0.02838400403683613,0.0,0.0035322316134729407,0.0020184180648416803,0.004541440645893781,0.0,0.0,0.0,0.0,0.0005046045162104201,0.0,0.0,0.0,0.022454900971363694,0.0,0.0017661158067364703,0.0,0.0,0.00025230225810521004,0.0010092090324208402,0.0006307556452630251,0.0017661158067364706,0.0,0.0006307556452630251,0.0,0.00025230225810521004,0.0,0.00012615112905260502,0.019048820486943358,0.0,0.007064463226945881,0.03317774694083512,0.0003784533871578151,0.0,0.0,0.0,0.0,0.0,0.0003784533871578151,0.0,0.0,0.0,0.0,0.0,0.01867036709978554,0.0,0.0036583827425255453
asd_son-F-032C1A,0.0,0.0,0.0,0.0053075666848121945,0.0010887316276537834,0.0,0.0,0.01156777354382145,0.004627109417528579,0.00013609145345672293,0.00027218290691344586,0.0016330974414806752,0.0,0.0,0.0,0.0,0.006668481219379423,0.0,0.0,0.0,0.741154055525313,0.0,0.0,0.003538377789874796,0.003946652150244965,0.0,0.0,0.0008165487207403375,0.002857920522591181,0.0,0.0,0.0,0.0,0.0009526401741970605,0.0,0.0,0.0,0.009118127381600435,0.0,0.0,0.0,0.0,0.0010887316276537834,0.00040827436037016874,0.03783342406096897,0.00027218290691344586,0.0036744692433315186,0.0005443658138268917,0.0,0.0004082743603701688,0.0,0.0,0.004763200870985303,0.0,0.00013609145345672293,0.08900381056069678,0.0009526401741970605,0.0,0.0,0.024904735982580292,0.0,0.0,0.0006804572672836147,0.0,0.0,0.00027218290691344586,0.0,0.0,0.015378334240609689,0.0,0.0008165487207403376
asd_son-F-033C1A,0.0,0.0005723006486074018,0.0,0.018313620755436855,0.00019076688286913393,0.0,0.0,0.011064479206409766,0.0011446012972148034,0.03471957268218237,0.0,0.016405951926745516,0.0,0.0,0.0,0.003624570774513544,0.008966043494849295,0.0,0.0,0.0,0.5091568103777184,0.0,0.0,0.0013353681800839375,0.08183899275085844,0.0,0.004387638305990081,0.0,0.0326211369706219,0.024608927890118277,0.0,0.0,0.0,0.00019076688286913393,0.0,0.0,0.0,0.02689813048454788,0.0,0.0036245707745135446,0.0,0.0,0.0013353681800839375,0.0017169019458222053,0.0032430370087752768,0.013735215566577641,0.005532239603204884,0.0,0.0,0.0,0.0,0.0,0.04025181228538725,0.0,0.07115604731018696,0.004006104540251813,0.0026707363601678746,0.0,0.0,0.0049599389545974815,0.0,0.0,0.00038153376573826786,0.0,0.0,0.00038153376573826786,0.0,0.0,0.007630675314765356,0.0024799694772987407,0.0005723006486074018
asd_son-F-034C1A,0.0,0.0011134086209638938,0.0,0.0017496421186575474,0.0009543502465404804,0.0,0.0,0.006521393351359949,0.004930809607125815,0.0046126928582789885,0.0,0.0,0.0,0.0011134086209638938,0.0,0.0,0.0,0.0,0.0,0.0,0.1342452680133609,0.0,0.0332432002544934,0.002067758867504374,0.24908541434706538,0.0,0.0001590583744234134,0.0017496421186575474,0.0006362334976936536,0.0,0.0,0.0,0.0,0.0004771751232702402,0.0,0.0,0.0,0.0019087004930809608,0.0,0.0025449339907746144,0.0,0.0,0.0012724669953873072,0.0,0.003976459360585335,0.0017496421186575474,0.0,0.0009543502465404804,0.0,0.0030221091140448545,0.0,0.0003181167488468268,0.34229362175918565,0.0,0.0077938603467472565,0.018927946556386195,0.0077938603467472565,0.0,0.0,0.0558294894226181,0.0001590583744234134,0.0,0.0,0.0001590583744234134,0.015110545570224272,0.0,0.0,0.0,0.014633370446954033,0.0,0.011293144584062352
asd_son-F-035-C1A,0.0,0.0,0.0,0.0034252440486384657,0.0022264086316150025,0.0,0.0,0.09008391847919164,0.001198835417023463,0.0032539818462065423,0.000685048809727693,0.0005137866072957698,0.0,0.0,0.0,0.0,0.004966603870525775,0.0,0.0,0.0,0.5382771022435349,0.0,0.0005137866072957698,0.0,0.04315807501284467,0.0,0.010104469943483473,0.0,0.0147285494091454,0.0003425244048638465,0.0,0.0,0.0,0.0008563110121596163,0.0,0.0,0.0,0.07398527145059086,0.0,0.006165439287549238,0.0,0.0,0.0017126220243192326,0.0,0.0003425244048638465,0.015413598218873094,0.0003425244048638465,0.00017126220243192326,0.0,0.0005137866072957698,0.0,0.0,0.04675458126391506,0.0,0.0008563110121596163,0.020893988696694638,0.004110292858366159,0.0,0.0,0.04041787977393389,0.0,0.0,0.0010275732145915396,0.0,0.00017126220243192326,0.0,0.0,0.0,0.029114574413426953,0.0,0.0015413598218873095
asd_son-F-036-C1A,0.0,0.0,0.0,0.004083081839162081,0.0026628794603230956,0.0,0.0,0.026273744008521213,0.0033729806497425885,0.010829043138647257,0.0,0.0037280312444523344,0.0,0.0,0.0,0.0,0.002662879460323096,0.0003550505947097461,0.0,0.0,0.7161370495295579,0.0,0.0023078288656133497,0.00017752529735487306,0.0062133854074205574,0.0,0.0,0.0024853541629682226,0.02787147168471507,0.0,0.0,0.0,0.0,0.00017752529735487306,0.0,0.0,0.0,0.017752529735487306,0.0,0.002130303568258477,0.0,0.0,0.0,0.0,0.0,0.0008876264867743654,0.0,0.0019527782709036039,0.003195455352387715,0.0,0.0,0.0003550505947097461,0.05787324693768862,0.0,0.020947985087875022,0.020592934493165276,0.0008876264867743653,0.0,0.0,0.012959346706905734,0.0,0.0,0.0,0.0,0.0,0.0,0.0,0.0,0.02467601633232736,0.00017752529735487306,0.0
asd_son-F-037-C1A,0.0,0.011052937754508437,0.0,0.0031995346131471784,0.004363001745200697,0.0,0.0,0.024432809773123912,0.003490401396160558,0.0075625363583478765,0.002617801047120419,0.015125072716695753,0.0,0.0008726003490401396,0.0,0.0005817335660267597,0.003490401396160558,0.00029086678301337986,0.0,0.0,0.3403141361256545,0.0,0.00029086678301337986,0.0008726003490401395,0.025014543339150673,0.0,0.0,0.004363001745200698,0.02821407795229785,0.00029086678301337986,0.0,0.0,0.0,0.0011634671320535194,0.0,0.0,0.0,0.0433391506689936,0.009016870273414777,0.015415939499709132,0.0011634671320535194,0.0,0.0005817335660267597,0.0005817335660267597,0.0,0.002036067481093659,0.0,0.009598603839441536,0.002617801047120419,0.00029086678301337986,0.00029086678301337986,0.0011634671320535194,0.16579406631762653,0.0,0.036358347876672484,0.01861547411285631,0.004363001745200698,0.0,0.0,0.009307737056428157,0.0,0.0,0.00029086678301337986,0.0008726003490401396,0.00029086678301337986,0.0,0.0,0.0,0.01977894124490983,0.0,0.0
asd_son-F-037-C2U,0.0,0.0010378827192527244,0.0,0.0072651790347690705,0.0033731188375713548,0.0,0.0,0.027244421380384017,0.0072651790347690705,0.0,0.0002594706798131811,0.01193565127140633,0.0,0.0,0.0,0.0,0.010638297872340425,0.0,0.0,0.0,0.5749870264660093,0.0,0.007784120394395433,0.0007784120394395433,0.025947067981318107,0.0,0.0,0.0096004151530877,0.005708354955889984,0.0,0.0,0.0,0.0,0.0005189413596263622,0.0,0.0002594706798131811,0.0,0.09003632589517384,0.0,0.0036325895173845357,0.0,0.0,0.0005189413596263622,0.0,0.024909185262065387,0.0007784120394395433,0.0,0.005448884276076803,0.0,0.0002594706798131811,0.0,0.0,0.0010378827192527244,0.0,0.0,0.056824078879086665,0.0015568240788790865,0.0,0.0,0.00467047223663726,0.0,0.0,0.0,0.0,0.0,0.0,0.002594706798131811,0.0,0.029579657498702647,0.0041515308770108976,0.0
asd_son-F-038-C1A,0.0,0.0007151796888968353,0.0,0.006257822277847309,0.0019667441444662973,0.0,0.0,0.00768818165564098,0.003218308600035759,0.0005363847666726265,0.0005363847666726265,0.011621669944573575,0.0,0.0007151796888968353,0.0,0.0,0.0,0.0,0.0,0.0,0.7148220990523869,0.0,0.0,0.00017879492222420883,0.03414983014482389,0.0,0.0,0.002324333988914715,0.019309851600214555,0.0,0.0,0.0,0.0,0.0,0.0,0.0,0.0,0.03683175397818702,0.00017879492222420883,0.00035758984444841767,0.0,0.0,0.00035758984444841767,0.0,0.002324333988914715,0.0,0.0,0.009833720722331485,0.0,0.0008939746111210441,0.0,0.0,0.060969068478455214,0.0,0.0005363847666726265,0.010906490255676738,0.0026819238333631325,0.0,0.0,0.0019667441444662973,0.0,0.0,0.0,0.0,0.0,0.00035758984444841767,0.0,0.0,0.008403361344537816,0.0,0.0
asd_son-F-001C1A,0.0,0.00015101177891875566,0.00015101177891875566,0.0,0.0024161884627000906,0.0,0.0,0.04620960434913923,0.0015101177891875565,0.0003020235578375113,0.0,0.043642404107520384,0.0,0.00015101177891875566,0.0,0.0,0.0012080942313500453,0.0003020235578375113,0.0,0.0,0.0504379341588644,0.0,0.0,0.00015101177891875566,0.0021141649048625794,0.0,0.0,0.0019631531259438235,0.0003020235578375113,0.0,0.0,0.0,0.0006040471156750226,0.00015101177891875566,0.0,0.0,0.0,0.21322863183328297,0.0,0.0,0.0,0.0,0.0010570824524312897,0.00015101177891875566,0.008909694956206585,0.00015101177891875566,0.00015101177891875566,0.0019631531259438235,0.0,0.000906070673512534,0.0,0.007399577167019028,0.0040773180308064025,0.0,0.0003020235578375113,0.032316520688613716,0.000906070673512534,0.0,0.0,0.006946541830262761,0.0,0.0,0.0003020235578375113,0.0,0.0,0.0,0.0,0.0,0.045454545454545456,0.0,0.0
asd_son-F-001C2U,0.0,0.00795691027053495,0.0,0.0023258660790794468,0.0009793120332966092,0.0015913820541069898,0.001713796058269066,0.019831068674256335,0.008936222303831558,0.0003672420124862284,0.0004896560166483046,0.0014689680499449138,0.0013465540457828376,0.0,0.0,0.0,0.037458685273595305,0.0,0.0,0.0,0.4714163300281552,0.0,0.0,0.0,0.040151793365160976,0.0,0.0,0.001713796058269066,0.008446566287183254,0.0,0.0,0.0,0.0,0.0,0.0,0.0,0.0,0.10870363569592362,0.00012241400416207614,0.0029379360998898272,0.0,0.0,0.0003672420124862284,0.0002448280083241523,0.013220712449504223,0.0013465540457828376,0.0031827641082139797,0.0002448280083241523,0.00012241400416207614,0.0,0.0,0.003305178112376056,0.07467254253886643,0.0,0.001713796058269066,0.025706940874035987,0.011017260374586854,0.0,0.0,0.002570694087403599,0.0003672420124862284,0.0,0.0002448280083241523,0.0,0.0,0.0,0.0,0.0,0.05373974782715143,0.0,0.0
asd_son-F-002C1A,0.0,0.0,0.0,0.00021621621621621621,0.0015135135135135134,0.0,0.0,0.0038918918918918917,0.0005405405405405405,0.0003243243243243243,0.0,0.0007567567567567568,0.00021621621621621621,0.0,0.0,0.0,0.004216216216216216,0.0,0.00010810810810810811,0.0,0.05351351351351352,0.0008648648648648649,0.00345945945945946,0.00021621621621621621,0.008972972972972972,0.0007567567567567568,0.001189189189189189,0.00010810810810810811,0.0,0.0,0.0,0.0,0.00021621621621621621,0.0,0.0,0.0003243243243243243,0.0,0.005621621621621622,0.0,0.002702702702702703,0.0,0.0,0.002162162162162162,0.0,0.0014054054054054054,0.0017297297297297297,0.0011891891891891893,0.001081081081081081,0.0,0.0009729729729729729,0.0,0.00021621621621621621,0.013297297297297297,0.0,0.0008648648648648649,0.01891891891891892,0.009945945945945948,0.00010810810810810811,0.0,0.06097297297297297,0.00010810810810810811,0.0,0.0,0.0,0.0,0.0012972972972972972,0.0,0.0,0.01254054054054054,0.0,0.00021621621621621621
asd_son-F-002C2U,0.0,0.015175097276264591,0.0,0.002723735408560311,0.0007782101167315176,0.0,0.0,0.023540856031128404,0.002723735408560311,0.0003891050583657588,0.0,0.0001945525291828794,0.0003891050583657588,0.0001945525291828794,0.0,0.0,0.005642023346303502,0.0,0.0,0.0,0.10544747081712061,0.0,0.017120622568093387,0.0035019455252918285,0.033852140077821016,0.0001945525291828794,0.02101167315175097,0.0,0.0017509727626459142,0.0003891050583657588,0.0,0.0,0.0,0.0001945525291828794,0.0,0.0007782101167315176,0.0,0.07392996108949416,0.07723735408560312,0.0301556420233463,0.0,0.0,0.0001945525291828794,0.0001945525291828794,0.0001945525291828794,0.0011673151750972762,0.0007782101167315176,0.0019455252918287938,0.0,0.0001945525291828794,0.0,0.0003891050583657588,0.033073929961089495,0.0,0.005058365758754865,0.05408560311284047,0.0031128404669260703,0.005447470817120622,0.0,0.07587548638132295,0.0,0.0,0.0001945525291828794,0.0,0.0,0.0,0.0,0.0,0.027821011673151756,0.0,0.002529182879377432
asd_son-F-003C1A,0.0004941321803582458,0.0006176652254478073,0.0,0.0035824583075972825,0.008400247066090178,0.0,0.0,0.05880172946263126,0.0038295243977764055,0.004694255713403335,0.0011117974058060531,0.0017294626312538604,0.0,0.0002470660901791229,0.0,0.0,0.0018529956763434217,0.0033353922174181594,0.0,0.0,0.6276714021000618,0.0,0.0,0.0004941321803582458,0.007782581840642372,0.0,0.0,0.004200123533045089,0.044224830142063,0.0,0.0,0.0,0.00679431747992588,0.0003705991352686844,0.00012353304508956145,0.0,0.0,0.0349598517603459,0.0,0.003953057442865966,0.0,0.0,0.00012353304508956145,0.0011117974058060531,0.001358863495985176,0.004570722668313774,0.0,0.001976528721432983,0.002100061766522545,0.002717726991970352,0.0,0.0,0.053860407659048794,0.0,0.01704756022235948,0.047313156269302034,0.0002470660901791229,0.0,0.0,0.0004941321803582458,0.0,0.0,0.0,0.0004941321803582458,0.0,0.0,0.0,0.0,0.017912291537986413,0.0,0.0
asd_son-F-003C2U,0.0,0.0018621973929236497,0.0,0.0006207324643078833,0.003310573142975378,0.0,0.0,0.050072418787502584,0.005379681357334989,0.0008276432857438444,0.0008276432857438444,0.0037243947858473,0.0,0.0002069108214359611,0.0,0.0,0.015518311607697082,0.0002069108214359611,0.0,0.0,0.41671839437202574,0.0,0.0,0.0,0.014069935857645353,0.0,0.0,0.0033105731429753774,0.0010345541071798054,0.0,0.0,0.002069108214359611,0.0002069108214359611,0.0,0.0,0.0,0.0,0.28698530933167804,0.0,0.002069108214359611,0.0,0.0,0.0002069108214359611,0.0,0.0004138216428719222,0.023380922822263603,0.0,0.0004138216428719222,0.0,0.0006207324643078833,0.0,0.0,0.006000413821642871,0.0,0.0016552865714876887,0.0382785019656528,0.0010345541071798054,0.0,0.0,0.015725222429133042,0.0,0.0,0.0016552865714876887,0.0,0.0,0.0,0.0026898406786674944,0.0002069108214359611,0.04779639975170702,0.0,0.002482929857231533
asd_son-F-004C1A,0.0,0.0028328611898016994,0.0,0.0022932685822204236,0.004451639012545528,0.0,0.0,0.03439902873330636,0.0002697963037906381,0.0,0.0,0.0,0.0,0.0020234722784297854,0.0,0.0,0.007958990961823823,0.0,0.0,0.0,0.6778632132739781,0.0,0.0,0.0,0.01659247268312424,0.0,0.0006744907594765951,0.0,0.0016187778227438284,0.0014838796708485094,0.0,0.0,0.0,0.00013489815189531904,0.0,0.00013489815189531904,0.0002697963037906381,0.00836368541750978,0.0,0.0,0.0,0.0,0.0013489815189531903,0.0,0.0,0.0012140833670578712,0.022527991366518278,0.0,0.0,0.00013489815189531904,0.0,0.0,0.0006744907594765952,0.0,0.00013489815189531904,0.015648185619857008,0.0004046944556859571,0.0,0.0,0.0,0.00013489815189531904,0.0,0.0005395926075812762,0.0,0.0,0.0014838796708485094,0.0009442870632672333,0.0,0.031161473087818702,0.0,0.0
asd_son-F-004C2U,0.0019202048218476637,0.002133560913164071,0.0,0.0017068487305312568,0.011521228931085982,0.0,0.0,0.02794964796244933,0.0004267121826328142,0.0,0.0002133560913164071,0.0,0.0,0.0008534243652656283,0.0,0.0,0.048431832728824405,0.0,0.0,0.0,0.6422018348623854,0.0,0.0,0.0,0.006400682739492213,0.0,0.0012801365478984424,0.0,0.0014934926392148498,0.0006400682739492212,0.0,0.0,0.0,0.0006400682739492212,0.0,0.0,0.0002133560913164071,0.09216983144868787,0.0,0.0,0.0,0.0,0.014081502026882868,0.0,0.0,0.0002133560913164071,0.01088116065713676,0.0002133560913164071,0.0,0.0002133560913164071,0.0,0.0,0.002133560913164071,0.0,0.004053765735011735,0.015788350757414124,0.004053765735011735,0.0,0.0,0.0,0.0,0.0,0.0014934926392148496,0.0002133560913164071,0.0,0.0,0.0002133560913164071,0.0,0.023682526136121186,0.0,0.0
asd_son-F-005C1A,0.0,0.0,0.0,0.018040180401804017,0.0014350143501435013,0.0,0.0,0.041820418204182044,0.005535055350553505,0.001025010250102501,0.0002050020500205002,0.0,0.0,0.0,0.0,0.0,0.0016400164001640015,0.0,0.0,0.0,0.675071750717507,0.0,0.00984009840098401,0.0,0.030955309553095528,0.0,0.0,0.0,0.003485034850348503,0.008610086100861008,0.0,0.0,0.0,0.0,0.0004100041000410004,0.0,0.0002050020500205002,0.05678556785567855,0.0002050020500205002,0.003895038950389504,0.0,0.0,0.0,0.0,0.006150061500615005,0.0,0.0,0.0002050020500205002,0.0004100041000410004,0.0,0.0,0.0,0.005330053300533006,0.0,0.001230012300123001,0.03977039770397704,0.0008200082000820008,0.0,0.0,0.0,0.0,0.0,0.0002050020500205002,0.0004100041000410004,0.0,0.0,0.0,0.0002050020500205002,0.03669536695366954,0.0,0.004510045100451004
asd_son-F-006C1A,0.0,0.0030499428135722455,0.0,0.002287457110179184,0.001143728555089592,0.0,0.0,0.022493328250095312,0.003431185665268776,0.001143728555089592,0.0,0.0003812428516965307,0.0003812428516965307,0.0015249714067861228,0.0,0.0003812428516965307,0.023255813953488375,0.0,0.0,0.0,0.15440335493709492,0.0,0.015249714067861228,0.0007624857033930614,0.06709874189858941,0.0,0.0026686999618757146,0.0003812428516965307,0.001143728555089592,0.001143728555089592,0.0,0.0,0.0,0.0,0.003431185665268776,0.0019062142584826535,0.0,0.024780785360274494,0.0,0.0019062142584826535,0.0,0.0,0.002287457110179184,0.0,0.0015249714067861228,0.0,0.0019062142584826535,0.008768585589020206,0.0,0.001143728555089592,0.0,0.0,0.018299656881433472,0.0,0.0019062142584826535,0.0335493709492947,0.004574914220358368,0.0,0.0,0.09416698436904308,0.0,0.0,0.0003812428516965307,0.0,0.0,0.0007624857033930614,0.0,0.0,0.021349599695005717,0.0,0.008006099885627144
asd_son-F-007C1A,0.0,0.0036026762738033966,0.0,0.000514668039114771,0.0002573340195573855,0.0,0.0002573340195573855,0.016726711271230058,0.003088008234688626,0.00977869274318065,0.0,0.00797735460627895,0.0002573340195573855,0.001029336078229542,0.0,0.000514668039114771,0.010293360782295419,0.0,0.0,0.0,0.3793103448275862,0.001029336078229542,0.0,0.0,0.0725681935151827,0.0,0.0,0.0,0.000514668039114771,0.0,0.0,0.0002573340195573855,0.0002573340195573855,0.0002573340195573855,0.0033453422542460112,0.0,0.0,0.040401441070509525,0.0,0.011837364899639732,0.0,0.0,0.0033453422542460112,0.0002573340195573855,0.0,0.001029336078229542,0.0002573340195573855,0.0002573340195573855,0.0,0.0002573340195573855,0.0,0.0,0.10216160576428204,0.0,0.020586721564590838,0.012352032938754504,0.006176016469377252,0.0,0.0,0.025476067936181162,0.0,0.0,0.000514668039114771,0.0,0.0,0.0,0.0,0.0,0.0159547092125579,0.0,0.002573340195573855
asd_son-F-007C2U,0.0,0.0013372559507889808,0.0,0.0002674511901577962,0.0,0.0,0.0,0.0021396095212623694,0.0,0.06739769991976464,0.0,0.0,0.0005349023803155924,0.0,0.0,0.0,0.0,0.0,0.0,0.0,0.01470981545867879,0.0,0.0,0.0,0.037978069002407064,0.0,0.0,0.0,0.0,0.0,0.0,0.0,0.0,0.0,0.0,0.0,0.0,0.0005349023803155924,0.0,0.0026745119015779617,0.0,0.0,0.0008023535704733886,0.0,0.0,0.0002674511901577962,0.0008023535704733886,0.0008023535704733886,0.0,0.0,0.0,0.0,0.4466434875635196,0.0,0.2875100294196309,0.0013372559507889808,0.0010698047606311847,0.0,0.0,0.008290986894891682,0.0,0.0,0.0,0.0,0.0,0.0,0.0,0.0,0.0021396095212623694,0.0,0.0008023535704733886
asd_son-F-008C2U,0.0002532286654849329,0.0002532286654849329,0.0,0.0027855153203342614,0.0005064573309698658,0.0,0.0,0.014434033932641175,0.0015193719929095973,0.0010129146619397315,0.002025829323879463,0.012408204608761712,0.0,0.0002532286654849329,0.0017726006583945301,0.004558115978728792,0.01949860724233983,0.0,0.0002532286654849329,0.0,0.2701949860724234,0.0,0.016206634591035704,0.0,0.04026335781210433,0.0,0.0,0.0,0.006077487971638389,0.0010129146619397315,0.0,0.0,0.0002532286654849329,0.0,0.0,0.0,0.0,0.08533806026842239,0.30007596859964547,0.0073436312990630545,0.0,0.0,0.0005064573309698658,0.0,0.0,0.0002532286654849329,0.0002532286654849329,0.0002532286654849329,0.0002532286654849329,0.002279057989364396,0.0,0.0,0.013674347936186375,0.0,0.0012661433274246644,0.013421119270701443,0.005571030640668524,0.0,0.0,0.029627753861737147,0.0,0.002025829323879463,0.0,0.0,0.0,0.0,0.0002532286654849329,0.0,0.01823246391491517,0.0,0.00785008863003292
