,k__Bacteria;p__Proteobacteria;c__Deltaproteobacteria;o__Desulfovibrionales;f__Desulfomicrobiaceae;g__Desulfomicrobium,k__Bacteria;p__Firmicutes;c__Bacilli;o__Lactobacillales;f__Carnobacteriaceae;g__Dolosigranulum,k__Bacteria;p__Firmicutes;c__Negativicutes;o__Selenomonadales;f__Veillonellaceae;g__Centipeda,k__Bacteria;p__Firmicutes;c__Clostridia;o__Clostridiales;f__Lachnospiraceae;g__Cellulosilyticum,k__Bacteria;p__Proteobacteria;c__Gammaproteobacteria;o__Enterobacteriales;f__Enterobacteriaceae;g__Enterobacter,k__Bacteria;p__Proteobacteria;c__Gammaproteobacteria;o__Enterobacteriales;f__Enterobacteriaceae;g__Pantoea,k__Bacteria;p__Bacteroidetes;c__Bacteroidia;o__Bacteroidales;f__Rikenellaceae;g__Alistipes,k__Bacteria;p__Actinobacteria;c__Actinobacteria;o__Bifidobacteriales;f__Bifidobacteriaceae;g__Scardovia,k__Bacteria;p__Firmicutes;c__Negativicutes;o__Selenomonadales;f__Acidaminococcaceae;g__Phascolarctobacterium,k__Bacteria;p__Bacteroidetes;c__Bacteroidia;o__Bacteroidales;f__Prevotellaceae;g__Alloprevotella,k__Bacteria;p__Firmicutes;c__Clostridia;o__Clostridiales;f__Lachnospiraceae;g__Anaerostipes,k__Bacteria;p__Firmicutes;c__Negativicutes;o__Selenomonadales;f__Veillonellaceae;g__Veillonella,k__Bacteria;p__Firmicutes;c__Clostridia;o__Clostridiales;f__Ruminococcaceae;g__Faecalibacterium,k__Bacteria;p__Bacteroidetes;c__Bacteroidia;o__Bacteroidales;f__Prevotellaceae;g__Prevotella,k__Bacteria;p__Firmicutes;c__Clostridia;o__Clostridiales;f__Lachnospiraceae;g__Robinsoniella,k__Bacteria;p__Proteobacteria;c__Epsilonproteobacteria;o__Campylobacterales;f__Campylobacteraceae;g__Campylobacter,k__Bacteria;p__Proteobacteria;c__Gammaproteobacteria;o__Pasteurellales;f__Pasteurellaceae;g__Mannheimia,k__Bacteria;p__Proteobacteria;c__Gammaproteobacteria;o__Enterobacteriales;f__Enterobacteriaceae;g__Cronobacter,k__Bacteria;p__Actinobacteria;c__Actinobacteria;o__Actinomycetales;f__Corynebacteriaceae;g__Corynebacterium,k__Bacteria;p__Firmicutes;c__Bacilli;o__Bacillales;f__Planococcaceae;g__Lysinibacillus,k__Bacteria;p__Actinobacteria;c__Actinobacteria;o__Coriobacteriales;f__Coriobacteriaceae;g__Olsenella,k__Bacteria;p__Proteobacteria;c__Deltaproteobacteria;o__Desulfovibrionales;f__Desulfovibrionaceae;g__Desulfovibrio,k__Bacteria;p__Firmicutes;c__Clostridia;o__Clostridiales;f__Ruminococcaceae;g__Sporobacter,k__Bacteria;p__Firmicutes;c__Clostridia;o__Clostridiales;f__Ruminococcaceae;g__Oscillibacter,k__Bacteria;p__Firmicutes;c__Clostridia;o__Clostridiales;f__Clostridiales_Incertae_Sedis_XI;g__Parvimonas,k__Bacteria;p__Firmicutes;c__Clostridia;o__Clostridiales;f__Defluviitaleaceae;g__Defluviitalea,k__Bacteria;p__Proteobacteria;c__Gammaproteobacteria;o__Enterobacteriales;f__Enterobacteriaceae;g__Providencia,k__Bacteria;p__Proteobacteria;c__Betaproteobacteria;o__Burkholderiales;f__Comamonadaceae;g__Comamonas,k__Bacteria;p__Fusobacteria;c__Fusobacteriia;o__Fusobacteriales;f__Fusobacteriaceae;g__Fusobacterium,k__Bacteria;p__Firmicutes;c__Clostridia;o__Clostridiales;f__Ruminococcaceae;g__Acetivibrio,k__Bacteria;p__Firmicutes;c__Clostridia;o__Clostridiales;f__Peptostreptococcaceae;g__Peptostreptococcus,k__Bacteria;p__Bacteroidetes;c__Bacteroidia;o__Bacteroidales;f__Prevotellaceae;g__Paraprevotella,k__Bacteria;p__Firmicutes;c__Erysipelotrichia;o__Erysipelotrichales;f__Erysipelotrichaceae;g__Turicibacter,k__Bacteria;p__Fusobacteria;c__Fusobacteriia;o__Fusobacteriales;f__Leptotrichiaceae;g__Leptotrichia,k__Bacteria;p__Firmicutes;c__Negativicutes;o__Selenomonadales;f__Veillonellaceae;g__Dialister,k__Bacteria;p__Firmicutes;c__Clostridia;o__Clostridiales;f__Clostridiales_Incertae_Sedis_XI;g__Peptoniphilus,k__Bacteria;p__Proteobacteria;c__Gammaproteobacteria;o__Pasteurellales;f__Pasteurellaceae;g__Actinobacillus,k__Bacteria;p__Bacteroidetes;c__Bacteroidia;o__Bacteroidales;f__Porphyromonadaceae;g__Barnesiella,k__Bacteria;p__Firmicutes;c__Clostridia;o__Clostridiales;f__Lachnospiraceae;g__Roseburia,k__Bacteria;p__Actinobacteria;c__Actinobacteria;o__Actinomycetales;f__Micrococcaceae;g__Rothia,k__Bacteria;p__Firmicutes;c__Erysipelotrichia;o__Erysipelotrichales;f__Erysipelotrichaceae;g__Solobacterium,k__Bacteria;p__Firmicutes;c__Bacilli;o__Lactobacillales;f__Enterococcaceae;g__Enterococcus,k__Bacteria;p__Firmicutes;c__Clostridia;o__Clostridiales;f__Lachnospiraceae;g__Coprococcus,k__Bacteria;p__Firmicutes;c__Negativicutes;o__Selenomonadales;f__Veillonellaceae;g__Mitsuokella,k__Bacteria;p__Firmicutes;c__Bacilli;o__Lactobacillales;f__Lactobacillaceae;g__Pediococcus,k__Bacteria;p__Firmicutes;c__Bacilli;o__Lactobacillales;f__Streptococcaceae;g__Streptococcus,k__Bacteria;p__Firmicutes;c__Clostridia;o__Clostridiales;f__Lachnospiraceae;g__Dorea,k__Bacteria;p__Firmicutes;c__Clostridia;o__Clostridiales;f__Clostridiaceae_1;g__Clostridium_sensu_stricto,k__Bacteria;p__Proteobacteria;c__Gammaproteobacteria;o__Enterobacteriales;f__Enterobacteriaceae;g__Serratia,k__Bacteria;p__Firmicutes;c__Negativicutes;o__Selenomonadales;f__Veillonellaceae;g__Megasphaera,k__Bacteria;p__Actinobacteria;c__Actinobacteria;o__Actinomycetales;f__Actinomycetaceae;g__Varibaculum,k__Bacteria;p__Actinobacteria;c__Actinobacteria;o__Coriobacteriales;f__Coriobacteriaceae;g__Enterorhabdus,k__Bacteria;p__Firmicutes;c__Clostridia;o__Clostridiales;f__Ruminococcaceae;g__Gemmiger,k__Bacteria;p__Firmicutes;c__Clostridia;o__Clostridiales;f__Lachnospiraceae;g__Blautia,k__Bacteria;p__Bacteroidetes;c__Bacteroidia;o__Bacteroidales;f__Porphyromonadaceae;g__Odoribacter,k__Bacteria;p__Proteobacteria;c__Betaproteobacteria;o__Neisseriales;f__Neisseriaceae;g__Eikenella,k__Bacteria;p__Verrucomicrobia;c__Verrucomicrobiae;o__Verrucomicrobiales;f__Verrucomicrobiaceae;g__Akkermansia,k__Bacteria;p__Firmicutes;c__Clostridia;o__Clostridiales;f__Lachnospiraceae;g__Hespellia,k__Bacteria;p__Firmicutes;c__Bacilli;o__Lactobacillales;f__Streptococcaceae;g__Lactococcus,k__Bacteria;p__Proteobacteria;c__Betaproteobacteria;o__Burkholderiales;f__Oxalobacteraceae;g__Oxalobacter,k__Bacteria;p__Firmicutes;c__Clostridia;o__Clostridiales;f__Ruminococcaceae;g__Butyricicoccus,k__Bacteria;p__Firmicutes;c__Bacilli;o__Bacillales;f__Bacillales_Incertae_Sedis_XI;g__Gemella,k__Bacteria;p__Proteobacteria;c__Gammaproteobacteria;o__Enterobacteriales;f__Enterobacteriaceae;g__Proteus,k__Bacteria;p__Synergistetes;c__Synergistia;o__Synergistales;f__Synergistaceae;g__Pyramidobacter,k__Bacteria;p__Proteobacteria;c__Gammaproteobacteria;o__Pseudomonadales;f__Moraxellaceae;g__Moraxella,k__Bacteria;p__Firmicutes;c__Clostridia;o__Clostridiales;f__Clostridiales_Incertae_Sedis_XI;g__Finegoldia,k__Bacteria;p__Firmicutes;c__Bacilli;o__Lactobacillales;f__Carnobacteriaceae;g__Granulicatella,k__Bacteria;p__Firmicutes;c__Clostridia;o__Clostridiales;f__Ruminococcaceae;g__Subdoligranulum,k__Bacteria;p__Firmicutes;c__Negativicutes;o__Selenomonadales;f__Acidaminococcaceae;g__Acidaminococcus,k__Bacteria;p__Actinobacteria;c__Actinobacteria;o__Actinomycetales;f__Actinomycetaceae;g__Actinomyces,k__Bacteria;p__Firmicutes;c__Erysipelotrichia;o__Erysipelotrichales;f__Erysipelotrichaceae;g__Catenibacterium,k__Bacteria;p__Actinobacteria;c__Actinobacteria;o__Coriobacteriales;f__Coriobacteriaceae;g__Collinsella,k__Bacteria;p__Actinobacteria;c__Actinobacteria;o__Coriobacteriales;f__Coriobacteriaceae;g__Eggerthella,k__Bacteria;p__Actinobacteria;c__Actinobacteria;o__Coriobacteriales;f__Coriobacteriaceae;g__Atopobium,k__Bacteria;p__Firmicutes;c__Clostridia;o__Clostridiales;f__Ruminococcaceae;g__Flavonifractor,k__Bacteria;p__Proteobacteria;c__Deltaproteobacteria;o__Desulfovibrionales;f__Desulfovibrionaceae;g__Bilophila,k__Bacteria;p__Actinobacteria;c__Actinobacteria;o__Bifidobacteriales;f__Bifidobacteriaceae;g__Bifidobacterium,k__Bacteria;p__Proteobacteria;c__Gammaproteobacteria;o__Pasteurellales;f__Pasteurellaceae;g__Haemophilus,k__Bacteria;p__Firmicutes;c__Bacilli;o__Bacillales;f__Staphylococcaceae;g__Staphylococcus,k__Bacteria;p__Firmicutes;c__Bacilli;o__Bacillales;f__Bacillaceae_1;g__Anaerobacillus,k__Bacteria;p__Proteobacteria;c__Gammaproteobacteria;o__Enterobacteriales;f__Enterobacteriaceae;g__Morganella,k__Bacteria;p__Proteobacteria;c__Gammaproteobacteria;o__Enterobacteriales;f__Enterobacteriaceae;g__Obesumbacterium,k__Bacteria;p__Firmicutes;c__Clostridia;o__Clostridiales;f__Ruminococcaceae;g__Pseudoflavonifractor,k__Bacteria;p__Firmicutes;c__Clostridia;o__Clostridiales;f__Lachnospiraceae;g__Ruminococcus2,k__Bacteria;p__Firmicutes;c__Negativicutes;o__Selenomonadales;f__Veillonellaceae;g__Anaeroglobus,k__Bacteria;p__Firmicutes;c__Bacilli;o__Bacillales;f__Bacillaceae_1;g__Bacillus,k__Bacteria;p__Firmicutes;c__Clostridia;o__Clostridiales;f__Lachnospiraceae;g__Lachnoanaerobaculum,k__Bacteria;p__Firmicutes;c__Clostridia;o__Clostridiales;f__Ruminococcaceae;g__Anaerotruncus,k__Bacteria;p__Firmicutes;c__Erysipelotrichia;o__Erysipelotrichales;f__Erysipelotrichaceae;g__Coprobacillus,k__Bacteria;p__Tenericutes;c__Mollicutes;o__Anaeroplasmatales;f__Anaeroplasmataceae;g__Anaeroplasma,k__Bacteria;p__Firmicutes;c__Clostridia;o__Clostridiales;f__Ruminococcaceae;g__Clostridium_IV,k__Bacteria;p__Bacteroidetes;c__Bacteroidia;o__Bacteroidales;f__Porphyromonadaceae;g__Porphyromonas,k__Bacteria;p__Proteobacteria;c__Gammaproteobacteria;o__Pseudomonadales;f__Pseudomonadaceae;g__Pseudomonas,k__Bacteria;p__Firmicutes;c__Clostridia;o__Clostridiales;f__Lachnospiraceae;g__Lachnospiracea_incertae_sedis,k__Bacteria;p__Firmicutes;c__Negativicutes;o__Selenomonadales;f__Veillonellaceae;g__Allisonella,k__Bacteria;p__Firmicutes;c__Clostridia;o__Clostridiales;f__Eubacteriaceae;g__Eubacterium,k__Bacteria;p__Firmicutes;c__Clostridia;o__Clostridiales;f__Clostridiales_Incertae_Sedis_XIII;g__Mogibacterium,k__Bacteria;p__Firmicutes;c__Bacilli;o__Bacillales;f__Paenibacillaceae_1;g__Paenibacillus,k__Bacteria;p__Proteobacteria;c__Gammaproteobacteria;o__Enterobacteriales;f__Enterobacteriaceae;g__Salmonella,k__Bacteria;p__Firmicutes;c__Clostridia;o__Clostridiales;f__Clostridiales_Incertae_Sedis_XIII;g__Anaerovorax,k__Bacteria;p__Lentisphaerae;c__Lentisphaeria;o__Victivallales;f__Victivallaceae;g__Victivallis,k__Bacteria;p__Bacteroidetes;c__Bacteroidia;o__Bacteroidales;f__Porphyromonadaceae;g__Parabacteroides,k__Bacteria;p__Firmicutes;c__Clostridia;o__Clostridiales;f__Ruminococcaceae;g__Acetanaerobacterium,k__Bacteria;p__Bacteroidetes;c__Bacteroidia;o__Bacteroidales;f__Bacteroidaceae;g__Bacteroides,k__Bacteria;p__Bacteroidetes;c__Bacteroidia;o__Bacteroidales;f__Porphyromonadaceae;g__Dysgonomonas,k__Bacteria;p__Proteobacteria;c__Betaproteobacteria;o__Burkholderiales;f__Sutterellaceae;g__Parasutterella,k__Bacteria;p__Proteobacteria;c__Betaproteobacteria;o__Burkholderiales;f__Sutterellaceae;g__Sutterella,k__Bacteria;p__Firmicutes;c__Bacilli;o__Lactobacillales;f__Lactobacillaceae;g__Lactobacillus,k__Bacteria;p__Proteobacteria;c__Gammaproteobacteria;o__Enterobacteriales;f__Enterobacteriaceae;g__Escherichia/Shigella,k__Bacteria;p__Firmicutes;c__Erysipelotrichia;o__Erysipelotrichales;f__Erysipelotrichaceae;g__Holdemania,k__Bacteria;p__Firmicutes;c__Erysipelotrichia;o__Erysipelotrichales;f__Erysipelotrichaceae;g__Bulleidia,k__Bacteria;p__Firmicutes;c__Clostridia;o__Clostridiales;f__Lachnospiraceae;g__Clostridium_XlVb,k__Bacteria;p__Firmicutes;c__Erysipelotrichia;o__Erysipelotrichales;f__Erysipelotrichaceae;g__Clostridium_XVIII,k__Bacteria;p__Firmicutes;c__Clostridia;o__Clostridiales;f__Lachnospiraceae;g__Clostridium_XlVa,k__Bacteria;p__Firmicutes;c__Erysipelotrichia;o__Erysipelotrichales;f__Erysipelotrichaceae;g__Erysipelotrichaceae_incertae_sedis,k__Bacteria;p__Proteobacteria;c__Gammaproteobacteria;o__Enterobacteriales;f__Enterobacteriaceae;g__Buttiauxella,k__Bacteria;p__Firmicutes;c__Clostridia;o__Clostridiales;f__Clostridiaceae_1;g__Anaerosporobacter,k__Bacteria;p__Firmicutes;c__Clostridia;o__Clostridiales;f__Peptostreptococcaceae;g__Clostridium_XI,k__Bacteria;p__Proteobacteria;c__Gammaproteobacteria;o__Enterobacteriales;f__Enterobacteriaceae;g__Citrobacter,k__Bacteria;p__Firmicutes;c__Clostridia;o__Clostridiales;f__Clostridiales_Incertae_Sedis_XI;g__Anaerococcus,k__Bacteria;p__Firmicutes;c__Clostridia;o__Clostridiales;f__Ruminococcaceae;g__Ruminococcus,k__Bacteria;p__Proteobacteria;c__Gammaproteobacteria;o__Enterobacteriales;f__Enterobacteriaceae;g__Erwinia,k__Bacteria;p__Bacteroidetes;c__Bacteroidia;o__Bacteroidales;f__Porphyromonadaceae;g__Butyricimonas
cdi_youngster-FMT01,0.0,0.0,0.0,0.0,0.0,0.0,0.011333949600096458,0.0,0.0,0.0,0.004822957276636792,0.0,0.12001125356697881,0.0,0.0,0.0,0.0,0.0,0.0,0.0,0.0,0.006912905429846067,0.0,0.006310035770266468,0.0,0.0,0.0,0.0,0.0,0.0,4.019131063863993e-05,0.0,0.00020095655319319965,0.0,0.07744865560065914,0.0,0.0,0.012499497608617016,0.02069852497889956,0.0,0.0,0.0,0.01149471484265102,0.0,0.0,0.02383344720871347,0.0030545396085366345,0.0,0.0,0.0,0.0,0.0,0.0,0.11784092279249225,0.0,0.0,0.0008842088340500784,0.0,4.019131063863993e-05,0.0,0.0019291829106547166,0.0,0.0,0.0,0.0,4.019131063863993e-05,0.0,0.0008440175234114384,0.0,0.0002813391744704795,4.019131063863993e-05,0.0,0.0012459306297978377,0.0001607652425545597,0.01073107994051686,0.004019131063863993,0.03713677103010329,0.0,0.0,0.0,0.0,0.0,0.0003215304851091194,0.0026526265021502354,0.0,0.0,0.0,0.00040191310638639926,0.0021703307744865563,0.0,0.01575499377034685,0.0,0.0,0.019814316144849485,0.0,0.0010851653872432782,0.0,0.0,0.0,0.0014468871829910373,0.0,0.010690888629878222,0.0037779832000321527,0.3487400024114786,0.0,0.0,0.0,0.0022507133957638363,0.009565531931996302,0.001085165387243278,0.0,0.007154053293677907,0.001165548008520558,0.012177967123507898,0.0022105220851251963,0.0,0.0004421044170250392,0.007555966400064305,4.019131063863993e-05,0.0,0.013705236927776216,0.0,0.0
cdi_youngster-FMT05,0.0,0.0,0.0,0.0,0.2792714116399476,0.0,0.0,0.0,0.0,0.0,0.0,0.1843303599276402,0.00012475828083089016,0.0,0.0,0.000748549684985341,0.0,0.0,0.0,0.0,0.0,0.0,0.0,0.0,0.0,0.0,0.0,0.0,0.0036803692845112598,0.0,0.0,0.0,0.0,0.0,0.0,0.0,0.0,0.0,0.0,0.0002495165616617803,6.237914041544508e-05,0.1983032873806999,6.237914041544508e-05,0.0,6.237914041544508e-05,0.014659097997629593,0.0,0.067556609069927,0.0,0.0,0.0,0.0,0.0,0.00018713742124633524,0.0,0.0,0.0,0.0,6.237914041544508e-05,0.0,0.0,0.0,0.001684236791217017,0.0,0.0,0.0,0.0,0.0,0.0,0.0,0.0,0.0,0.0,0.00012475828083089016,0.0,0.0,0.07242218202233174,0.0,0.0,0.0004990331233235606,0.0013723410891397917,0.0,0.0,0.0,0.0,0.0,0.0,0.0,0.032374773875616,0.0,0.0,0.0,0.0,6.237914041544508e-05,0.0,0.0,0.0,0.0,0.03624228058137359,0.0,0.0,0.0,0.0,0.0002495165616617803,0.0,0.0,0.000810928825400786,0.017216642754662843,0.02102177032000499,0.0,0.0,0.0,0.0,6.237914041544508e-05,0.00012475828083089016,0.0417940240783482,0.0,0.00455367725032749,0.0002495165616617803,0.0,0.0,0.0,0.0
cdi_youngster-FMT06,0.0,0.0,0.0,0.0,0.0002448579823702253,0.0,0.05475636630754163,0.00012242899118511264,0.0,0.0,0.001377326150832517,0.0004285014691478942,0.13500857002938296,3.060724779627816e-05,0.0,0.0,0.0,0.0,0.0,0.0,0.0,0.010988001958863857,0.0,0.0037340842311459352,0.0,0.0,0.0,0.0,6.121449559255632e-05,0.0007651811949069539,0.0030301175318315377,0.0,3.060724779627816e-05,0.0,0.053256611165524,0.0019588638589618022,0.0,0.0029689030362389816,0.028403525954946128,9.182174338883447e-05,0.0,0.0,0.009794319294809012,0.0,0.0,0.019068315377081292,0.00348922624877571,0.002509794319294809,0.0,0.0,0.0,0.0,0.0,0.1286422624877571,0.0,0.0,3.060724779627816e-05,0.0,0.0,0.0,0.001928256611165524,0.0,0.0,0.0,0.0,0.0,0.0,0.0006427522037218414,0.0,0.0,0.00012242899118511264,0.0,0.0006733594515181194,0.0,0.005631733594515181,0.0037646914789422137,0.011171645445641528,0.0,3.060724779627816e-05,0.0,0.0,0.0,0.00012242899118511264,0.01365083251714006,0.0,0.0,0.0,0.0008876101860920666,0.0010712536728697355,0.0,0.007713026444662094,0.00116307541625857,0.0,0.022496327130264445,0.0,0.018027668952007834,0.0,0.0,0.0,0.0004591087169441724,0.0,0.0043156219392752205,3.060724779627816e-05,0.1459659647404505,0.0,0.0,6.121449559255632e-05,0.009365817825661116,0.15701518119490696,0.0005509304603330069,0.0,0.028954456415279137,3.060724779627816e-05,0.03682051909892262,0.001958863858961802,6.121449559255632e-05,0.0,0.0017446131243878547,0.0,0.010100391772771793,0.002846474045053869,0.0,0.0
cdi_youngster-FMT100,0.0,0.0,0.0,0.0,0.00022862368541380886,0.0,0.0,0.0,0.0,0.0,0.0,0.002286236854138089,0.0,0.0,0.0,0.0,0.0,0.0,0.0,0.0,0.0,0.0,0.0,0.009716506630086878,0.0,0.0,0.0,0.0,0.001257430269775949,0.0,0.0,0.0,0.003657978966620942,0.0,0.014860539551897577,0.0,0.0,0.00102880658436214,0.0,0.00011431184270690443,0.0,0.0027434842249657067,0.0,0.0,0.039323273891175126,0.027663465935070873,0.0,0.008459076360310928,0.0,0.0004572473708276177,0.0,0.0,0.0,0.06435756744398718,0.0,0.0,0.0,0.0,0.0,0.0,0.0,0.00011431184270690443,0.00308641975308642,0.0,0.0,0.0,0.0,0.0,0.0,0.0020576131687242796,0.0,0.0,0.013717421124828532,0.0003429355281207133,0.028692272519433012,0.0,0.040580704160951074,0.00011431184270690443,0.0,0.0,0.008459076360310928,0.0,0.0,0.0,0.00102880658436214,0.0,0.0,0.0,0.006401463191586648,0.14517604023776864,0.013831732967535437,0.0,0.00022862368541380886,0.0006858710562414266,0.0,0.000800182898948331,0.0,0.0,0.00011431184270690443,0.0,0.0,0.0,0.0,0.056584362139917695,0.0,0.04435299497027892,0.00011431184270690443,0.06824417009602196,0.02686328303612254,0.004000914494741655,0.0,0.11716963877457705,0.02789208962048468,0.04000914494741656,0.06241426611796982,0.0,0.0,0.026863283036122544,0.0,0.0,0.0,0.0,0.0
cdi_youngster-FMT101,0.0,0.0,0.0,0.0,0.0007882439051855188,0.0,0.0,0.0,0.0,0.0,0.0,0.17583469399245538,0.0,0.0007882439051855189,0.0,5.6303136084679915e-05,0.00011260627216935983,0.0,0.0,0.0,0.0,0.0,0.0,0.0,0.0,0.0,0.0,0.0,0.003209278756826755,0.0,5.6303136084679915e-05,0.0,0.0,0.0,0.0,0.0,0.0,0.0,0.0,0.0,0.0,0.00011260627216935983,5.6303136084679915e-05,0.0,0.0,0.0003378188165080795,0.0,0.0,0.0,0.0,0.0,0.0,0.0,5.6303136084679915e-05,0.0,0.0,0.0,0.0,5.6303136084679915e-05,0.0,0.0,0.0,0.11097348122290411,0.0,0.0,0.0,0.0,0.0,0.0,0.0,0.0,0.0,0.0,0.0,0.0,0.0,0.0,0.005010979111536513,0.0,0.0,0.0,0.0,0.0,0.0,0.0,0.0,0.0,0.0,0.0,0.0,0.0,0.0,0.0,0.0,0.0,0.0,0.0,0.0,0.021338888576093687,0.0,0.0,5.6303136084679915e-05,0.0,5.6303136084679915e-05,0.0,0.0,0.0,0.35808794549856426,0.25730533190698723,0.0,0.0,0.0,0.05911829288891392,0.0,0.0,0.0,0.0,0.0,0.0,0.0,0.0,0.0,0.0
cdi_youngster-FMT102,0.0,0.0,0.0,0.0,0.0,0.0,0.0,0.0,0.0,0.0,0.005968347639484978,0.003621244635193133,0.16832081545064378,0.0,0.0,0.0,6.706008583690987e-05,0.0,0.0,0.0,0.0,0.0,0.0,0.0,0.0,0.0,0.0,0.0,6.706008583690987e-05,0.0,0.0,0.0,0.016899141630901286,6.706008583690987e-05,0.0,0.0,0.0,0.0,0.0,0.0,0.0,0.00013412017167381974,0.00033530042918454936,0.0,0.00033530042918454936,0.006706008583690987,0.0006035407725321889,0.08523336909871246,0.0,0.0,0.0,0.0,0.0,0.09066523605150215,0.0,0.0,0.0,0.0,0.0,0.0,0.0,0.0006706008583690987,0.0,0.0,0.0,6.706008583690987e-05,0.0,0.0,0.0,6.706008583690987e-05,0.0,0.0,0.0,0.0,0.0,0.0,0.0,0.005834227467811158,0.0,0.0,0.0,0.0,0.0,0.0,0.0,0.0,0.0,0.0,0.0012070815450643778,0.0,0.0,0.0,6.706008583690987e-05,0.22337714592274677,0.0,0.0,0.0,0.0,0.0,0.0,0.0,0.0,0.0,0.0025482832618025754,0.0,6.706008583690987e-05,0.0,0.001005901287553648,0.15792650214592274,0.0,0.0,0.0,0.07450375536480686,0.05659871244635194,6.706008583690987e-05,0.0,0.0,0.08302038626609443,0.0,0.0,0.0,0.0,0.0
cdi_youngster-FMT103,0.0,0.0,0.00029965240321227376,0.0,0.39092652523073235,0.0,0.0,0.0,0.0,0.0,0.0,0.006292700467457749,0.0,0.0,0.0,0.001678053457988733,0.0,0.0008989572096368213,0.0,0.0,0.0,0.0,0.0,0.0,0.0,0.0,0.0013784010547764592,0.0,0.0,0.0,0.0,0.0,0.0017379839386311878,0.0,0.0,0.0,0.0,0.0,0.0,0.00029965240321227376,0.0,0.1292700467457749,0.0,0.0,0.0,0.054716528826561195,0.0,0.00017979144192736428,0.0,0.0,0.0,0.0,0.0,0.0,0.0,0.0,0.0,0.0,0.003296176435335011,0.0,0.0,0.00023972192256981902,0.0,0.0,0.0,0.0,5.9930480642454755e-05,0.0,0.17068200886971116,0.00023972192256981902,0.0,0.0,0.0,0.0,0.0,0.0,0.0014383315354189142,0.00023972192256981902,5.9930480642454755e-05,0.0,0.0010787486515641855,0.0,0.0,0.0,0.0,0.0,0.0,0.0,0.0,0.0,0.0,0.0,0.0,0.0,0.0,0.0,0.0,0.0,0.022833513124775263,0.0,0.0,0.0,0.0,5.9930480642454755e-05,0.0,0.0,0.0,0.04686563586239962,0.009109433057653122,0.0,0.0,0.0,0.13532302529066284,0.0,0.0,5.9930480642454755e-05,0.0,0.00029965240321227376,0.0030564545127651924,0.0,5.9930480642454755e-05,0.0,0.0
cdi_youngster-FMT109,0.0,0.0,0.002677919337823582,0.0,0.38529578836322315,0.0,0.0,0.0,0.0,0.0,0.0,0.01614866509778463,0.00016229814168627768,0.0,0.0,0.0008114907084313884,0.0,0.01119857177635316,0.0,0.0,0.0,0.0,0.0,0.0,0.0,0.0,0.00024344721252941653,0.0,0.0,0.0,0.0,0.0,0.03578674024182423,0.0,0.0,0.0,0.0,0.0,8.114907084313884e-05,0.00016229814168627768,0.0,0.17950174470502317,0.0,0.0,8.114907084313884e-05,0.023208634261137707,0.0,8.114907084313884e-05,0.0,0.00024344721252941653,0.0,0.0,0.0,0.0,0.0,0.0,0.0,0.0,0.00048689442505883305,0.0,0.0,8.114907084313884e-05,0.0,0.0,0.0,0.0,0.0,0.0,0.07579323216749169,0.0,0.0,8.114907084313884e-05,0.0,0.0,0.0,0.0,0.0004057453542156942,0.0009737888501176661,0.0,0.0,0.0007303416375882496,0.0,0.0,0.0,0.0,0.0,0.0,0.0,0.0,0.0,0.0,0.0,0.0,0.0,0.0,0.0,0.0,0.0,0.01687900673537288,0.0,0.0,0.00016229814168627768,0.0,0.004625497038058913,0.0009737888501176661,0.0,0.0,0.04016879006735373,0.020287267710784707,8.114907084313884e-05,0.0,0.0,0.15085612269739512,0.0,0.006897671021666802,0.0,0.0,0.002191024912764749,0.0019475777002353322,0.0,0.0,0.0,0.0
cdi_youngster-FMT10A,0.0,0.0,7.705347511172754e-05,0.0,0.0001541069502234551,0.0,0.0,0.0,0.0,0.0,0.0,0.001001695176452458,0.0003082139004469102,0.0,0.0,0.0,0.0,0.0007705347511172754,0.0,0.0,0.0,0.0,0.0,0.0,0.0,0.0,0.0,0.0,0.0003082139004469102,0.0,0.0,0.0,0.0,0.0,0.003390352904916011,0.0,0.0,0.0,0.0003082139004469102,0.0,0.0,0.3561411619664047,0.0,0.0,0.0,0.004160887656033287,0.0,0.0,0.0,0.0002311604253351826,0.0,0.0,0.0,0.00023116042533518263,0.0,0.0,0.0,0.0,0.0,0.0,0.0,0.0002311604253351826,0.001695176452458006,0.0,0.0,0.0,0.0,0.0,0.0,0.00023116042533518263,0.0,0.0001541069502234551,0.0,0.0,0.006857759284943751,0.0,0.0,0.0,0.0,0.0,0.0005393743257820927,0.0,0.0,7.705347511172754e-05,0.0,0.0,0.0,0.0,0.015718908922792416,0.0,0.0,0.0,0.0,7.705347511172754e-05,0.0,0.0,0.0,0.0,0.03968253968253968,0.0,0.0,0.0,0.0,0.0,0.0,0.0,0.0,0.008552935737401757,0.30559408229311136,0.05177993527508091,0.0,0.0,0.09885960856834644,0.0,0.09492988133764832,0.0,0.0,0.0,0.005856064108491293,0.0,0.0,0.0,0.0
cdi_youngster-FMT12A,0.00016559032952475575,0.0,0.0,0.0,0.0005795661533366451,0.0,0.01291604570293095,0.0,0.0060440470276535855,0.006292432521940719,0.0,0.0003311806590495115,0.11566484517304189,0.05381685709554562,0.0,0.0,0.0,0.0,0.0,0.0,0.009935419771485345,0.0047193243914555386,0.007203179334326876,0.008113926146713031,0.0,0.0009107468123861566,0.0,0.0,0.00024838549428713363,0.0,0.0,0.0,8.279516476237788e-05,0.0,0.03808577579069382,0.0,0.0,0.001987083954297069,0.010432190760059612,0.0,0.0,0.0,0.04404702765358503,0.0,0.0,0.004388143732406027,0.034028812717337306,0.006789203510514986,0.0,0.007699950322901143,0.0,0.0,0.015896671634376552,0.04065242589832754,0.001407517800960424,0.0,0.0,0.0,0.000662361318099023,8.279516476237788e-05,0.0015731081304851797,0.0,0.0,0.0,0.0,0.0,0.0,0.0029806259314456036,0.0,0.00024838549428713363,0.0,0.01920847822487167,0.00024838549428713363,0.0,0.0016559032952475575,0.002152674283821825,0.005795661533366452,0.0,0.0,0.0,0.0,0.0,0.0,0.01399238284484186,0.0,0.0,0.0,8.279516476237788e-05,0.0,0.0,0.01250206987911906,0.0,0.0,0.0009935419771485345,0.0,0.00016559032952475575,0.0,0.0,0.0,0.0,0.0009935419771485345,0.008279516476237788,0.0040569630733565155,0.03717502897830767,0.0,0.00016559032952475575,0.0030634210962079815,0.0004139758238118894,8.279516476237788e-05,0.00024838549428713363,0.002649445272396092,0.0,0.00016559032952475575,0.005547276039079318,0.045454545454545456,0.0,0.0,0.001324722636198046,0.0,8.279516476237788e-05,0.2062427554230833,0.0,0.002566650107633714
cdi_youngster-FMT15B,0.0,0.0,0.0,0.0,0.005946201038225579,0.0,0.0,0.0,0.0,0.0,0.0,0.001604530438886267,0.0,0.0,0.0,0.0,0.0011326097215667767,0.00047192071731949034,0.0,0.0,0.0,0.0009438414346389807,0.0,0.0,9.438414346389807e-05,0.0,0.0,0.0,0.001226993865030675,0.0,0.0002831524303916942,0.0,0.0,0.0,0.00037753657385559226,0.0,9.438414346389807e-05,0.0,0.0,0.00018876828692779613,9.438414346389807e-05,0.00037753657385559226,0.0,0.0,0.0,0.0023596035865974517,0.0,0.0,0.0,0.0,0.0,0.0,0.0,9.438414346389807e-05,0.0006606890042472864,0.0,0.10372817366682396,0.0,0.0,0.0,0.0,0.00018876828692779613,9.438414346389807e-05,0.0,0.0,0.0,0.0,0.0,0.0,0.0011326097215667767,0.0,0.0,0.0,9.438414346389807e-05,0.0,0.0146295422369042,9.438414346389807e-05,0.0019820670127418593,0.0,0.0,0.002831524303916942,0.0,0.0,0.0,0.0,0.0,0.0,0.0,0.00018876828692779613,0.0,0.0,0.0,0.0002831524303916942,0.07748938178386032,0.0,0.0,0.0002831524303916942,0.0,0.02236904200094384,0.0,0.0,0.0004719207173194903,0.0,0.21387446908919303,0.0,0.013308164228409627,0.0,9.438414346389807e-05,0.19141104294478525,0.0,0.0,0.0,0.034072675790467195,0.29476168003775366,0.009060877772534216,0.0,0.0,0.0,0.0,0.0,0.0,0.0,0.0
cdi_youngster-FMT17A,0.0,0.0,0.0,0.0,0.0,0.0,0.001895435160322224,0.0,0.004027799715684726,0.00039488232506713,0.0,0.007344811246248618,0.021560574948665298,0.012873163797188437,0.0,0.0,0.0,0.000236929395040278,0.0,0.0,0.1194913915653135,0.001026694045174538,0.0,0.000315905860053704,0.0045806349707787075,0.0,0.0,0.0,0.09066498183541302,0.0,0.007028905386194914,0.0,0.0,0.0,0.02084978676354446,7.8976465013426e-05,0.0,0.0,0.001026694045174538,0.0,0.000947717580161112,0.0030011056705101877,0.0025272468804296315,0.0,0.0,0.00868741115147686,0.009319222871584267,0.0007897646501342599,0.0,0.013268046122255569,0.0,0.0,0.000552835255093982,0.005607329015953246,0.000315905860053704,0.0,0.1433422839993682,0.000157952930026852,0.0,0.0,0.0019744116253356497,0.000315905860053704,0.0,0.0,0.0,0.000631811720107408,0.000868741115147686,0.0013425999052282419,0.0,0.0,0.0,0.004185752645711578,0.0,0.0,0.001026694045174538,0.001026694045174538,0.029142315589954195,0.00023692939504027798,0.0,0.0,0.00039488232506713,0.0,0.0,0.005449376085926393,0.0,0.0,0.0,0.0,0.000710788185120834,0.0,0.000631811720107408,0.0,0.0,0.007502764176275469,0.0,0.0,7.8976465013426e-05,0.0,0.002606223345443058,0.0,0.0,0.001895435160322224,0.00023692939504027798,0.22982151318906965,0.0,0.000710788185120834,0.00078976465013426,0.005765281945980098,0.069894171536882,0.0,0.000552835255093982,7.8976465013426e-05,0.023771915969041227,0.06452377191596904,0.018480492813141684,0.0,0.0,0.000710788185120834,0.0,0.0,0.0026062233454430582,0.0,7.8976465013426e-05
cdi_youngster-FMT20A,0.0,0.0,0.0,0.0,0.021173166252565625,0.0,0.0,0.0,0.0,0.0,0.00010802635843145727,0.007669871448633467,0.0,0.00010802635843145727,0.0,0.00118828994274603,0.0,0.0,0.0,0.0,0.0,0.0,0.0,0.0,0.0,0.0,0.0,0.0,0.0,0.0,0.0,0.0,0.0,0.0,0.0,0.0,0.0,0.0,0.0,0.001620395376471859,0.0,0.0,0.0,0.0,0.0,0.009614345900399697,0.0,0.0,0.0,0.0,0.0,0.0,0.0,0.00021605271686291454,0.0,0.0,0.0,0.0,0.0,0.0,0.0,0.0,0.0,0.0,0.0,0.0,0.00010802635843145727,0.0,0.0,0.0003240790752943718,0.0,0.0,0.0,0.0,0.0,0.13233228907853517,0.0,0.0,0.00021605271686291454,0.0,0.0,0.0,0.0,0.0,0.0,0.0,0.0,0.0,0.0,0.0,0.0,0.0,0.0,0.0,0.0,0.00010802635843145727,0.0,0.0,0.520470994922761,0.0,0.0,0.0,0.0,0.00010802635843145727,0.0,0.0,0.0,0.002484606243923517,0.21734903316409204,0.0,0.0,0.0,0.0,0.0,0.00021605271686291454,0.0,0.0,0.0,0.0,0.0,0.0,0.0003240790752943718,0.0
cdi_youngster-FMT21A,0.0,0.0,0.0,0.0,0.013782866836301949,0.0,0.0,0.00010602205258693808,0.0,0.0,0.0,0.009541984732824426,0.0,0.0,0.0,0.00010602205258693808,0.0,0.0,0.0,0.0,0.0,0.0,0.0,0.0,0.0,0.0,0.0,0.0,0.0,0.0,0.0,0.0,0.0,0.0,0.0,0.0,0.0,0.0,0.0,0.0029686174724342664,0.0,0.0,0.0,0.0,0.0,0.015797285835453773,0.0,0.0,0.0,0.00021204410517387616,0.0,0.0,0.0,0.0,0.0,0.0,0.0,0.0,0.0,0.0,0.0,0.0,0.0,0.0,0.0,0.0,0.0,0.0,0.0,0.00010602205258693808,0.0,0.0,0.0,0.00021204410517387616,0.0,0.13952502120441052,0.00010602205258693808,0.0,0.0,0.0,0.0,0.0,0.0,0.0,0.0,0.0,0.0,0.0,0.0,0.0,0.0,0.0,0.0,0.0,0.0,0.0,0.0,0.0,0.5195080576759965,0.0,0.0,0.00010602205258693808,0.0,0.0,0.0,0.0,0.0,0.0029686174724342664,0.22158608990670062,0.0,0.0,0.0,0.0,0.0,0.0,0.0,0.0,0.0,0.0,0.0,0.0,0.0006361323155216285,0.0
cdi_youngster-FMT23,0.0,0.0,0.0,0.0,0.0031574973401516967,0.0,0.0,0.0,0.0,0.0,0.006074750317465766,0.02515701685142602,3.432062326251845e-05,3.432062326251845e-05,0.0,0.0,0.0,0.0,0.0,0.0,0.0,0.0,0.0,0.0,0.0,0.0,0.0,0.0,0.0,0.0,0.0,0.0,0.0,0.0,3.432062326251845e-05,0.0,0.0,0.0,0.09671551635377698,6.86412465250369e-05,0.0,0.000926656828087998,0.0,0.0,0.0,0.0015444280468133302,0.1417784946974637,0.03613961629543192,0.0,0.0,0.0,0.0,0.0,0.04396471839928614,0.0,0.0,0.0,0.0,0.0,0.0,0.0,3.432062326251845e-05,0.001304183683975701,0.0,0.0,0.0,0.0,0.0,3.432062326251845e-05,3.432062326251845e-05,0.0,0.0,0.0,0.0,0.0003775268558877029,0.0,0.0013041836839757012,0.0,0.0,0.0,0.0,0.0,0.0,0.008339911452791983,0.0,0.0,0.0,0.0,0.0,0.0,0.00010296186978755534,0.0,0.0,0.053299927926691144,0.0,0.0,0.0,0.0,0.0,0.0,0.0,0.0,0.0,3.432062326251845e-05,0.0,3.432062326251845e-05,0.0,0.00010296186978755534,0.04149363352438481,0.0,0.0,0.03926279301232111,0.16473899166008854,0.13717953118028622,0.01393417304458249,0.0,0.0,0.006761162782716135,0.000308885609362666,0.00024024436283762914,0.0,0.0,0.0
cdi_youngster-FMT24,0.0,0.0,0.0,0.0,0.0,0.0,0.0,0.0,0.0018021497071506725,0.039776018536396986,0.01898693441462316,0.0005148999163287636,0.1778979210915878,0.24715195983780658,0.0,0.0,0.0,0.0,0.0,0.0,0.00019308746862328635,0.0,0.0,6.436248954109545e-05,0.0,0.0,0.0,0.0,0.05856986548239686,0.0,0.0,0.0,0.0,0.0,0.006693698912273927,0.0,0.0,0.0,0.007466048786767073,6.436248954109545e-05,0.0,0.0014803372594451953,0.013902297740876618,0.0,0.0,0.005985711527321877,0.04988092939434897,0.0,0.0,0.0002574499581643818,0.0,0.0,0.00778786123447255,0.039518568578232605,0.0,0.0,0.0,0.0007079873849520499,0.0,0.0,0.001737787217609577,0.0,0.0,0.0,0.0,0.0,0.0,0.0005792624058698591,0.0,0.0001287249790821909,0.001287249790821909,0.0002574499581643818,0.0,0.0,0.0007079873849520499,0.0,0.004119199330630109,0.0,0.0,0.0,0.0,0.0,0.0,0.02291304627662998,0.0,0.0,0.0,0.0,0.0,0.0,0.0001287249790821909,0.0,0.0,0.049880929394348975,0.0,0.0,0.0,0.0,6.436248954109545e-05,0.0,0.0,0.0003218124477054773,0.00019308746862328635,0.009590010941623222,0.0,0.0,0.0036686619038424407,0.0007723498744931454,0.0007079873849520499,0.0,0.0,0.0009010748535753363,0.0003218124477054773,0.008367123640342408,0.022333783870760123,0.0,6.436248954109545e-05,0.0,0.0,0.0,0.0,0.0,0.0
cdi_youngster-FMT28,0.0,0.0,0.0,0.0,0.0,0.0,0.009900990099009901,0.0,0.0,0.0,0.006426958485322217,0.0,0.11545365062822072,5.790052689479474e-05,0.0,0.0,0.0,0.0,0.0,0.0,0.0,0.0,0.0003474031613687685,0.011638005905853743,0.0,0.0,0.0,0.0,0.0,0.0,0.0,0.0,0.0023739216026865844,0.0,0.061142956400903246,0.0,0.0,0.0,0.10781078107810782,0.0,5.790052689479474e-05,0.0,0.00937988535695675,0.0,0.0,0.0019107173875282265,0.008916681141798392,0.00017370158068438424,0.0,0.0,0.0,0.0008106073765271264,0.01899137282149268,0.10769498002431822,0.000694806322737537,0.0,0.0,0.0004053036882635632,0.0,0.0,0.005153146893636732,0.0,0.0,0.0,0.0,0.0,0.0,0.0014475131723698685,0.0,0.0,0.00017370158068438424,0.0004053036882635632,0.0011001100110011,5.790052689479474e-05,0.003995136355740838,0.0,0.02501302761855133,0.0,0.0,0.0,0.0,0.0,0.00017370158068438424,0.004979445312952348,0.0,0.0,0.0,5.790052689479474e-05,0.0004632042151583579,0.0,0.0019686179144230214,0.0,0.0,0.018643969660123907,0.0,0.002258120548896995,0.0,0.0,0.0,0.0,0.0,0.0017370158068438423,0.00011580105378958948,0.32534306062185164,0.0,0.020554687047652134,0.0,0.0,0.0,5.790052689479474e-05,0.0,0.000926408430316716,0.0009843089572115107,0.005558450581900296,0.0007527068496323317,0.0,0.00011580105378958948,0.0009264084303167158,0.0,0.0,0.025649933414394067,0.0,0.00011580105378958948
cdi_youngster-FMT2A,0.0,0.0,0.0,0.0,0.0,0.0,6.906077348066299e-05,0.0,6.906077348066299e-05,0.038881215469613255,0.007941988950276242,0.0,0.12589779005524862,0.2587016574585635,0.0,0.0,0.0,0.0,0.0,0.0,0.01912983425414365,0.0,0.0,0.0009668508287292818,0.0,0.0,0.0,0.0,0.0,0.0,0.0,0.0,0.0,0.0,0.05352209944751382,0.0,0.0,0.0,0.02672651933701658,0.0,0.0,0.0,0.01408839779005525,0.0,0.0,0.0020718232044198894,0.04371546961325967,0.008011049723756906,0.0,0.031767955801104975,0.0,0.0,0.006698895027624311,0.03494475138121547,0.0,0.0,0.0,6.906077348066299e-05,6.906077348066299e-05,0.0,0.0025552486187845305,6.906077348066299e-05,0.0,0.0,0.0,0.0,0.0,0.0007596685082872928,0.0,6.906077348066299e-05,0.0,0.00027624309392265195,0.0,0.0,0.0004143646408839779,0.00027624309392265195,0.12009668508287293,0.0,0.0,0.0,0.0,0.0,0.0,0.014364640883977901,0.0,0.0,0.0,0.0,0.0,0.0,0.0012430939226519336,0.0,0.0,0.021270718232044197,0.0,0.0,0.0,0.0,0.0,0.0,0.0,0.0004143646408839779,6.906077348066299e-05,0.004143646408839779,0.0,0.0,0.00013812154696132598,0.013121546961325965,0.0,0.0,0.0003453038674033149,6.906077348066299e-05,0.0,0.00580110497237569,0.02796961325966851,0.0,0.00020718232044198895,0.0015193370165745858,0.0,0.0,0.056422651933701655,0.0,0.0
cdi_youngster-FMT32,0.0,0.0,0.0,0.0,0.0,0.0,0.0,0.0,0.0,0.0,0.04266811824805292,0.00012561761996482705,0.08596432459592998,4.187253998827569e-05,0.0,0.0,0.0,0.0,0.0,0.0,0.0,0.0,0.0,0.0003349803199062055,0.0,0.0,0.0,0.0,0.0,0.0,0.0,0.0,0.002554224939284817,0.0,0.16271669039443934,0.0,0.0,0.0,0.0,0.0,4.187253998827569e-05,0.0,0.00012561761996482705,0.0,0.0,0.002177372079390336,0.026630935432543343,0.022904279373586803,0.0,0.0,0.0,0.0,0.0,0.33786952516539653,0.0,0.0,0.0,0.0,0.00020936269994137845,0.0,0.00025123523992965415,0.00020936269994137845,0.0,0.0,0.0,0.0,0.0,0.0012980487396365462,0.0,4.187253998827569e-05,0.0,4.187253998827569e-05,0.0012561761996482707,0.0,0.0011724311196717194,0.0,4.187253998827569e-05,0.00012561761996482708,0.0,0.0,0.0,0.0,0.0,0.00669960639812411,0.0,0.0,0.0,4.187253998827569e-05,0.09735365547274098,0.0,0.00012561761996482705,0.0,0.0,0.049409597186165305,0.0,4.187253998827569e-05,0.0,0.0,0.0,0.0,0.0,0.0,0.0009211958797420652,0.012394271836529604,0.0,0.002261117159366887,0.0,0.0,0.0,0.0,0.0,4.187253998827569e-05,0.01691650615526338,0.0287664349719454,0.02265304413365715,0.0,0.0,0.010886860396951678,0.0,0.0,0.0,0.0,0.0
cdi_youngster-FMT35,6.580679126085812e-05,0.0,0.0,0.0,0.021255593577257172,0.0,0.0007896814951302974,0.0,0.0005264543300868649,0.0005922611213477231,0.007896814951302974,0.009476177941563569,0.007896814951302972,0.00697551987365096,0.0,0.0,0.0,0.0,0.0,0.0,0.0003290339563042906,6.580679126085812e-05,6.580679126085812e-05,6.580679126085812e-05,6.580679126085812e-05,0.0,0.0,0.00013161358252171624,0.0,0.0,0.0,0.0,0.0006580679126085812,0.0,0.0005922611213477231,0.0,0.0,0.00013161358252171624,0.0009212950776520137,0.00013161358252171624,0.0,0.00026322716504343247,0.0003290339563042906,0.0,0.0,0.02619110292182153,0.0013161358252171624,0.011713608844432746,0.0,0.19123453540405366,0.0,0.0,0.00013161358252171624,0.16787312450644906,0.0,0.0,0.0,0.0,0.003421953145564622,0.0,0.0,0.00013161358252171624,0.0,6.580679126085812e-05,0.0,0.0,0.0,0.0003290339563042906,0.001118715451434588,0.0003948407475651487,0.0,0.0013161358252171624,0.00013161358252171624,0.00013161358252171624,0.0,0.00013161358252171624,0.033693077125559356,0.00013161358252171624,0.0,0.0,0.0,0.0,0.0,0.0003948407475651487,0.0,0.0,0.0,0.0,0.00013161358252171624,0.0,0.0006580679126085812,0.0,0.0,0.4312319031324034,0.0,6.580679126085812e-05,0.0,0.0,6.580679126085812e-05,0.0,6.580679126085812e-05,6.580679126085812e-05,6.580679126085812e-05,0.002566464859173467,0.0,6.580679126085812e-05,0.0003948407475651487,0.0010529086601737299,0.012503290339563041,0.0,0.0,0.0,0.00013161358252171624,0.003224532771782048,0.0315872598052119,0.0,0.0,0.006843906291129244,0.0,0.0,0.0003290339563042906,0.0,0.0
cdi_youngster-FMT37,0.0,0.0,0.0,0.0,0.00011018879012708442,0.0,0.0024241533827958567,0.0,7.345919341805627e-05,0.0,0.003305663703812532,0.023874237860868286,0.023213105120105784,0.13138176742819363,0.0,0.0,3.6729596709028136e-05,0.0,0.0,0.0,0.0009549695144347315,0.0,0.0,0.0009182399177257033,0.0,0.0,0.0,0.0,0.009366047160802174,0.0,0.0,0.019025931095276574,0.0,0.0,0.00011018879012708442,0.0,0.0,0.0,0.002240505399250716,0.0001101887901270844,7.345919341805627e-05,0.0178873135972967,0.0015793726584882098,0.006868434584588261,0.0,0.015536619407918902,0.021339895687945348,0.0002938367736722251,0.0,0.001652831851906266,0.0,0.001065158304561816,0.0,0.020274737383383534,3.6729596709028136e-05,0.0,0.0,0.0,3.6729596709028136e-05,0.0,0.0004040255637993095,3.6729596709028136e-05,0.0,0.0,0.0,0.0,0.0,0.0,0.012157496510688313,0.0002938367736722251,0.032872989054580186,0.023139645926687727,0.001358995078234041,0.0,0.0035627708807757295,0.0,0.0030118269301403072,0.007162271358260485,3.6729596709028136e-05,0.0,0.0,0.0,7.345919341805627e-05,0.06166899287445824,3.6729596709028136e-05,0.0,0.0,0.0,0.0,0.0,0.001028428707852788,0.0,0.0,0.16043487842503493,0.007199000954969515,0.0,3.6729596709028136e-05,0.0,0.0012120766913979284,0.0,0.0,0.005803276280026446,0.0,0.12550503195474916,0.0,0.0,0.014251083523102916,0.00315874531697642,0.10596488650554615,0.0,0.0,0.02695952398442665,0.027804304708734306,0.029420406963931535,0.0190626606919856,0.0,0.0,0.0020935870124146037,0.0,0.0,0.0,0.0,0.0018732094321604349
cdi_youngster-FMT51,0.0,0.0,0.0,0.0027020487175350863,0.0,0.0,0.007138248104532989,0.0,0.001492176157444749,0.0,0.000846910792063236,0.06872076141313116,0.0,0.005041135667043071,0.0013308598160993708,0.0049201484110340385,0.0010082271334086142,0.0,0.0,0.0,0.0,0.0,0.0,0.0,0.0,0.0,0.0,0.0,0.006130020971124375,0.0,0.0,0.0,0.02577028552992418,0.0,0.0012502016454266818,4.032908533634457e-05,0.000282303597354412,0.0,4.032908533634457e-05,0.00012098725600903371,0.0,0.00024197451201806743,0.0,0.0,0.0,0.16849491853524762,0.00012098725600903371,0.1582513308598161,0.0,0.005000806581706726,4.032908533634457e-05,0.0,0.0,0.010283916760767866,0.0,0.0,0.0,0.0,0.0,0.0,0.00048394902403613486,0.0015325052427810938,0.0,0.0,0.0,0.00012098725600903371,0.0,0.0004032908533634457,0.0,0.00048394902403613486,0.0,0.0,0.0026617196321987416,0.028391676076786575,0.005041135667043071,0.0,0.024157122116470395,0.09896757541538959,0.0,0.0,0.0,0.0,0.0,0.0008872398773995806,0.0,0.0,0.003750604936280045,0.0,0.0005242781093724795,0.0,0.012542345539603162,0.0,4.032908533634457e-05,0.06710759799967737,0.0,0.0008872398773995806,0.0,0.0,0.0,0.0,0.0,0.002339086949507985,0.0,0.059324084529762865,0.0,0.0,0.0,8.065817067268914e-05,0.0,0.0,0.0,0.0012905307307630263,0.004315212130988869,0.0501290530730763,0.003911921277625423,0.0,0.0,0.0564607194708824,0.000282303597354412,0.000282303597354412,0.0,0.0,0.0
cdi_youngster-FMT53,0.0,0.0,0.0,0.0,0.0,0.0,0.001463057790782736,0.0,0.00856933848887031,0.11720137945448844,0.00015675619186957885,0.06155293134078796,0.08537987250496396,0.29715748772076495,0.0,0.0,0.0008360330233044205,0.0,0.0,0.0,0.00010450412791305256,0.0,0.00015675619186957885,0.0014108057268262097,0.0,0.0,0.0,0.0,0.046452084857351854,0.0,0.0005225206395652628,0.0,0.0021423346222175775,0.0,0.0006270247674783154,0.0,0.00010450412791305256,0.00015675619186957885,0.04133138258961228,5.225206395652628e-05,5.225206395652628e-05,0.0,0.002926115581565472,0.0,0.0,0.053715121747309025,0.023670184972306406,0.0033441320932176824,0.0,0.0005747727035217891,0.0,0.0,0.003605392413000314,0.009823388023826941,0.0017243181105653673,0.0,0.0,0.0005225206395652628,0.008203574041174626,0.0,0.00224683875013063,0.0012540495349566308,0.0,0.0,0.0,0.0,0.0,0.000731528895391368,0.0,0.0,0.0,0.0511025185494827,5.225206395652628e-05,0.001463057790782736,0.0010972933430870519,0.004232417180478629,0.019072003344132095,0.00407566098860905,0.0,0.0,0.0,0.0,0.0,0.012697251541435887,0.0,0.0,0.0,0.0,0.0003135123837391577,0.0,0.002926115581565472,0.0,0.0007837809593478943,0.0027171073257393668,0.0,0.003291880029261156,0.0,0.0,5.225206395652628e-05,0.0,0.0,0.0017765701745218938,0.0,0.017452189361479777,0.0,0.0,0.0032396279653046293,0.0010450412791305256,0.0007837809593478943,0.0,0.0002612603197826314,0.0021945866861741038,0.0,0.02795485421674156,0.019542271919740825,0.0,5.225206395652628e-05,0.0037098965409133665,0.0,0.0,5.225206395652628e-05,0.0,0.001306301598913157
cdi_youngster-FMT56,0.0,0.0,0.0,0.0,0.024505070014485757,0.0,0.0,0.0,0.0,0.0,0.00012071463061323032,0.00024142926122646064,0.0012071463061323032,0.0027764365041042975,0.0,0.0,0.0,0.0,0.0,0.0,0.00036214389183969096,0.0,0.00012071463061323032,0.0,0.0,0.0,0.0,0.0,0.0,0.0,0.0,0.00036214389183969096,0.0,0.0,0.00024142926122646064,0.0,0.0,0.0,0.0004828585224529213,0.0,0.0,0.0,0.0,0.0,0.0,0.0028971511347175277,0.00036214389183969096,0.00036214389183969096,0.0,0.0008450024142926122,0.0,0.0,0.00024142926122646064,0.0024142926122646064,0.00012071463061323032,0.0,0.0,0.0,0.0,0.0,0.0,0.0,0.0,0.0,0.0,0.0,0.0,0.0,0.0,0.0,0.00012071463061323032,0.0006035731530661516,0.0,0.0,0.0,0.0,0.0009657170449058426,0.0,0.0,0.0,0.0,0.0,0.0,0.0012071463061323032,0.0,0.0,0.0,0.0,0.0,0.0,0.00012071463061323032,0.0,0.0,0.004225012071463061,0.0,0.0,0.0,0.0,0.7075084500241429,0.0,0.00012071463061323032,0.00012071463061323032,0.0,0.003259295026557219,0.0,0.0,0.0,0.08932882665379044,0.00036214389183969096,0.0,0.0,0.0004828585224529213,0.0006035731530661516,0.0004828585224529213,0.0004828585224529213,0.0,0.0,0.00012071463061323032,0.05226943505552873,0.0,0.0004828585224529213,0.0007242877836793819,0.0
cdi_youngster-FMT58,0.0,0.0,0.0,0.0,0.0,0.0,0.0,0.0,0.02506082725060827,0.0,0.00048661800486618007,0.0,0.0,0.00024330900243309004,0.0,0.0,0.0,0.0,0.0038929440389294406,0.0,0.0,0.0,0.0,0.0,0.0,0.00024330900243309004,0.0,0.0,0.0,0.0,0.0,0.0,0.0,0.0,0.0,0.0,0.0,0.0,0.0,0.0,0.0,0.0,0.0,0.0,0.0,0.00097323600973236,0.0,0.0,0.0,0.0,0.0,0.0,0.0,0.0,0.0,0.0,0.0,0.0,0.0,0.0,0.0,0.0,0.0,0.0,0.0,0.0,0.0,0.0,0.0,0.0,0.0,0.0,0.0,0.0,0.0,0.0,0.0,0.0,0.027493917274939172,0.0,0.0,0.0,0.0,0.0,0.0,0.0,0.0,0.0,0.0,0.0,0.0,0.0,0.00048661800486618007,0.00024330900243309004,0.0,0.0,0.0,0.0,0.0,0.0,0.0,0.0,0.0,0.0,0.0,0.0,0.0,0.9406326034063259,0.0,0.0,0.0,0.0,0.0,0.0,0.0,0.0,0.0,0.0,0.0,0.0,0.0,0.0,0.0
cdi_youngster-FMT59,0.0,0.0,0.0,0.0,0.0,0.0,0.0006724045185583647,0.0,0.0,0.0,0.0017482517482517483,0.0,0.0,0.0,0.0,0.0,0.0,0.0,0.0,0.0,0.0,0.0,0.0,0.0,0.0,0.0,0.0,0.0,0.0,0.0,0.0,0.0,0.0,0.0,0.00013448090371167293,0.0,0.0,0.0,0.0004034427111350188,0.0,0.0,0.00551371705217859,0.0,0.0,0.0,0.6998386229155459,0.0,0.0,0.0,0.0013448090371167294,0.0,0.0,0.0,0.010623991393222162,0.0,0.0,0.0,0.0,0.0,0.0,0.0,0.0,0.0,0.0,0.0,0.0,0.0,0.002151694459386767,0.0,0.0,0.0,0.0,0.00228617536309844,0.0,0.0,0.0,0.00551371705217859,0.0,0.004168908015061861,0.0,0.0008068854222700376,0.0,0.0,0.07087143625605165,0.033216783216783216,0.0,0.0,0.0,0.0,0.0,0.0,0.0,0.0,0.02528240989779451,0.0,0.015599784830554062,0.0,0.0,0.00013448090371167293,0.0,0.0,0.0,0.0,0.0,0.0,0.0,0.0,0.0017482517482517483,0.00685852608929532,0.0,0.0,0.0,0.0193652501344809,0.01923076923076923,0.03173749327595482,0.0,0.0,0.0,0.0,0.0,0.0,0.0,0.0
cdi_youngster-FMT62,9.44822373393802e-05,0.0,0.0,0.0,0.0,0.0,0.00472411186696901,0.0,0.0016061980347694632,0.02806122448979592,9.44822373393802e-05,9.44822373393802e-05,0.0002834467120181406,0.25141723356009066,0.0,0.0,0.0,0.0,0.0,0.0,0.030895691609977325,0.0001889644746787604,0.0,0.0,0.0,0.0,0.0,0.0003779289493575208,0.0005668934240362812,0.0,0.0,0.0,0.0,0.0,0.03987150415721844,0.0,0.0,9.44822373393802e-05,0.018046107331821618,9.44822373393802e-05,0.0,0.001889644746787604,0.0001889644746787604,0.0,0.0,0.33049886621315183,0.005952380952380951,9.44822373393802e-05,0.0,0.07558578987150416,0.0,0.0,0.0,0.0041572184429327285,0.0001889644746787604,0.0,0.0009448223733938019,0.0,0.0,0.0,0.0013227513227513227,0.0,0.0,0.0,0.0,0.0,0.0,0.0005668934240362812,0.0,9.44822373393802e-05,0.0,0.0006613756613756613,0.0007558578987150416,0.0,0.001322751322751323,0.0021730914588057445,0.01436130007558579,0.0,0.001984126984126984,0.0,9.44822373393802e-05,0.0,0.0,0.0005668934240362812,0.004629629629629629,0.0,0.0,0.0001889644746787604,0.0,0.0,0.0005668934240362812,0.0,0.0,0.023053665910808766,0.0,0.002834467120181406,0.0,0.0,0.0,0.0,0.0,0.0036848072562358277,0.0,0.02645502645502645,0.0,0.0002834467120181406,0.009070294784580499,0.016723356009070295,0.03278533635676493,0.0,0.0,0.0,0.0033068783068783067,0.01993575207860922,0.001984126984126984,0.0,0.0,0.0,0.0,0.0,0.0,0.0,0.0015117157974300832
cdi_youngster-FMT69,0.0,0.0,0.0,0.0,0.028604025751772476,0.0,0.0,0.0,0.0,0.0,0.0,0.0,0.0,0.00016298590171950127,0.0,0.0,0.007660337380816559,0.0,0.0,0.0,0.0,0.0002444788525792519,0.0,0.0,0.0,0.0,0.0,0.0,0.07138782495314157,0.0,0.0,0.0,0.0018743378697742646,0.0,0.1039850052970418,0.0,8.149295085975064e-05,0.0,8.149295085975064e-05,0.0,0.0,0.0386276587075218,0.0,0.0,0.0,0.00032597180343900254,0.0,0.01703202672968788,0.0,0.0,0.0,0.0,0.0,0.0002444788525792519,0.0,0.0006519436068780051,0.0,0.0,0.001955830820634015,0.0,0.0,0.0006519436068780051,0.010920055415206586,0.0,0.0,0.0,0.0,0.0,0.0,0.0,0.0,0.0,0.0,0.0,0.0,0.0,0.0,0.027789096243174966,0.0,0.0,0.009127210496292072,0.0,0.0,0.0,0.0,0.0,0.0,0.0,0.0,0.0,0.0,0.0,0.0005704506560182544,0.0,0.0,0.0,0.0,0.0,0.0031782250835302745,0.0,0.0,0.0,0.0,0.2969603129329313,0.010675576562627333,0.0,0.00513405590416429,0.2688452448863173,0.04718441854779561,0.0,0.0,0.027218645587156712,0.003667182788688778,0.0,0.001548366066335262,0.00016298590171950127,0.0,0.0,8.149295085975064e-05,0.0,0.0,0.0,0.0
cdi_youngster-FMT71,0.00035925992455541585,0.0,0.0,0.0,0.0014370396982216634,0.0,0.0028740793964433264,0.0,0.006017603736303215,0.0052092689060535295,0.0,0.0,0.06448715645769715,0.09161128076163105,0.0,0.0,0.0016166696604993714,0.0,0.0,0.0,0.004670379019220405,0.002874079396443327,0.0008083348302496857,0.0038620441889707204,0.00772408837794144,0.0,0.0,0.0,0.19220405963714748,0.0,0.0056583438117478,0.0,0.0,0.0017064846416382253,0.06745105083527932,0.0,0.0,0.00026944494341656186,0.0014370396982216634,0.0,0.0,0.0013472247170828093,0.0032333393209987423,0.0,0.0,0.001975929585054787,0.006107418717442069,0.014639841925633196,0.0,0.005119453924914676,0.0,0.0,0.002155559547332495,0.0013472247170828093,0.00431111909466499,0.00035925992455541585,0.014280582001077782,8.981498113885396e-05,0.0,8.981498113885396e-05,0.0005388898868331237,0.025507454643434523,0.002694449434165619,0.0,0.0,0.0,0.0,0.004131489132387282,0.0,0.0031435243398598885,0.0,0.011855577510328723,0.0006287048679719777,0.0,0.0013472247170828095,0.0011675947548051013,0.007544458415663732,0.005299083887192383,0.0,0.0,0.0018861146039159333,0.0,0.0,0.0038620441889707204,0.0,0.0,0.0,0.0,0.0,0.0,0.0016166696604993714,0.0,0.010508352793245914,0.00026944494341656186,0.0,0.0,0.0,0.0,0.0009879647925273936,0.0,0.0,0.0031435243398598885,8.981498113885396e-05,0.17900125740973594,0.004221304113526136,8.981498113885396e-05,0.0035925992455541583,0.02523800970001796,0.032063948266570864,0.0,0.00035925992455541585,0.03574636249326388,0.016705586491826838,0.005478713849470091,0.007724088377941441,0.0,0.0,8.981498113885396e-05,0.0006287048679719777,0.0,0.0015268546793605173,0.0,0.0008083348302496857
cdi_youngster-FMT75,0.0,0.0,0.0,0.0,0.08451440141075045,0.0,0.0,0.0,0.0,0.0,0.0,0.18091568153615045,0.0,6.531252041016262e-05,0.0,0.0,0.0,0.0,0.0,0.0034615635817386195,0.0,0.0,0.0,0.0,0.0,0.0,0.0,0.0,0.0,0.0,0.0,0.0,0.0011103128469727645,0.0,0.0,0.0,0.0,0.0,0.0,0.0,0.0,0.2594866435895762,0.0,0.0,0.002416563255176017,0.003330938540918294,0.0,0.008751877734961793,0.0,0.0,0.016066880020900006,0.0,0.0,0.0,0.0,0.005290314153223173,0.0,0.0,0.0,0.0,0.0,0.0001959375612304879,0.0,0.0,0.0,0.0,0.0,0.0,0.0,0.012670628959571549,0.0,0.0,0.02436157011299066,0.0,0.0,0.0,0.10195284436026386,0.00822937757168049,0.0,0.00013062504082032525,0.0,0.0,0.0,0.0,0.0,0.002090000653125204,0.0,0.0,0.0,0.0,0.0,0.0,0.0,0.0,0.0,0.0,0.0,0.005159689112402848,0.03056625955195611,0.0,0.0,0.0,0.0,0.0,0.0,0.0,0.0,0.06367970739990857,0.13206191626934882,0.0,0.0,0.0,0.0,0.0,0.0,0.00032656260205081314,0.0,0.012082816275880086,0.02860688393965123,0.0,0.0,0.0,0.0
cdi_youngster-FMT77,0.00021258503401360543,0.0,0.0,0.0,0.000510204081632653,0.0,0.0011054421768707484,0.0,8.503401360544217e-05,0.0586734693877551,0.0013180272108843539,0.0,0.11832482993197278,0.2752551020408163,0.0,0.0,0.0,0.0,0.0,0.0,0.03052721088435374,0.0,0.0,0.0016581632653061224,8.503401360544217e-05,0.0,0.0,0.0,0.017431972789115645,0.0,8.503401360544217e-05,0.0,0.0,0.0,0.04166666666666667,0.0,0.0,0.0,0.016241496598639455,0.0,0.0,0.0,0.003486394557823129,0.0,0.0,0.0003826530612244898,0.022448979591836733,0.00021258503401360543,0.0,0.06836734693877551,0.0,0.0,0.0008078231292517008,0.023299319727891156,8.503401360544217e-05,0.0,0.0,0.0003401360544217687,0.0,0.0,0.0026360544217687073,0.00017006802721088434,0.0,0.0,0.0,0.0,0.0,0.0005952380952380953,0.0,8.503401360544217e-05,0.0,0.03737244897959184,0.0,0.0,0.0017431972789115646,0.003826530612244898,0.06951530612244897,0.0005527210884353741,0.0,0.0,0.0,0.0,0.0,0.003826530612244898,0.0,0.0,0.0,0.0,0.0,0.0,0.0005527210884353741,0.0,0.0,0.0031462585034013604,0.0,0.0,0.0,0.0,4.2517006802721085e-05,0.0,0.0,0.0008503401360544217,0.0,0.007440476190476191,0.0,4.2517006802721085e-05,0.009693877551020408,0.07087585034013606,0.000977891156462585,0.0,0.0003401360544217687,4.2517006802721085e-05,0.0,0.006972789115646258,0.013095238095238094,0.0,0.00012755102040816328,0.0027636054421768703,0.0,0.0,4.2517006802721085e-05,0.0,0.0005952380952380952
cdi_youngster-FMT78,0.0,0.0027021810461300907,0.0,0.0,0.0,0.0,0.0,0.003474232773595831,0.0,0.0,0.0,0.0,0.0003860258637328701,0.0,0.0,0.0,0.0,0.0,0.0,0.0,0.0,0.0,0.0,0.0,0.0,0.0,0.0,0.0,0.0,0.0,0.0,0.0,0.0,0.0,0.0,0.0003860258637328701,0.0,0.0,0.0,0.0013510905230650454,0.0,0.9824358232001545,0.0,0.0,0.0,0.0019301293186643504,0.0,0.0,0.0,0.0,0.0,0.0,0.0,0.00019301293186643504,0.0,0.0,0.00019301293186643504,0.0,0.0,0.0,0.0,0.0,0.0,0.0,0.003474232773595831,0.0,0.0,0.0,0.0,0.0015441034549314803,0.0,0.0,0.0,0.0,0.0,0.0,0.0,0.0,0.0005790387955993051,0.0,0.0,0.0,0.0,0.0,0.0,0.0,0.0,0.0,0.0,0.0,0.0,0.0,0.00019301293186643504,0.00019301293186643504,0.0,0.0,0.0,0.0,0.0,0.0,0.0,0.0,0.0,0.00019301293186643504,0.0,0.0,0.0,0.0003860258637328701,0.0,0.0,0.0,0.0,0.0,0.0,0.0,0.0,0.0,0.0,0.0,0.0,0.0,0.0,0.0
cdi_youngster-FMT80,0.0005639521768554027,0.0,0.0,0.0,0.0,0.0,0.0027633656665914733,0.00039476652379878186,0.011955786149334537,0.0,0.0,0.011730205278592375,0.0,0.0038348748026167385,0.0,0.0,0.0,0.0,0.0,0.0,0.000845928265283104,5.6395217685540266e-05,0.0,0.0,0.0,0.0,0.0,0.0011842995713963456,0.0,0.0,0.0,0.0,0.0,0.0,0.0009587187006541845,0.0,0.0,0.03118655538010377,5.6395217685540266e-05,0.0,0.0,0.22270471464019853,0.0,0.0,0.007782540040604557,0.00022558087074216106,0.0,0.0005639521768554027,0.0,0.06079404466501241,0.0,0.0,0.0,5.6395217685540266e-05,0.0007331378299120235,0.0,0.2858109632303181,0.0,0.0,0.00028197608842770133,0.0,0.0,0.0,0.0,0.0,0.0,0.0,0.0,0.0,5.6395217685540266e-05,0.0,0.0,0.0,5.6395217685540266e-05,0.0,0.0014098804421385067,5.6395217685540266e-05,0.0,0.0,0.00011279043537108053,0.0,0.0,0.0,0.0,0.0,0.0,0.0,0.0,0.0,0.0,0.0,0.0,0.0,0.0,0.0,0.0,0.0,0.0,0.0,0.0,0.0,0.0243627340401534,0.0,0.14064967290773742,0.0,0.001466275659824047,0.011279043537108053,0.07709226257613354,0.0,0.0,0.0,0.0,0.0,0.0003383713061132416,0.007895330475975638,0.0,0.0,0.0029889465373336343,0.0,0.0,0.00011279043537108053,0.0,0.006203473945409429
cdi_youngster-FMT82,0.0,0.0,7.7417356971433e-05,0.0,0.027018657583030115,0.0,0.0,0.0,0.0,0.0,0.0,0.046295579468916936,0.0,0.0,0.0,0.0,0.0,0.0,0.0,0.0,0.0,0.0,0.0,0.0,0.0,0.0,0.0,0.0,0.0363861577765735,0.0,0.0,0.0,7.7417356971433e-05,0.0011612603545714949,0.00038708678485716496,0.0,0.0,0.0,0.0,0.0,0.0,0.03638615777657351,0.0,0.0,0.0391731826275451,0.08546876209646204,7.7417356971433e-05,0.004412789347371681,0.0,0.01316095068514361,0.0,0.0,0.0,7.7417356971433e-05,0.0,0.0,0.0,0.0,0.0,0.0,0.0,0.0,0.0,0.0,0.0,0.0,0.0,0.0,0.0,0.000154834713942866,0.0,0.0,0.0,0.000154834713942866,0.0015483471394286599,7.7417356971433e-05,0.0,0.0,0.0,0.0,0.0,0.0,0.0,0.0,0.002632190137028722,0.0,0.0,0.0,0.0,0.0,0.0,0.0,0.0,7.7417356971433e-05,0.0,0.0,0.0,0.0,0.2658512038399009,0.0,0.0,0.0,0.0,7.7417356971433e-05,0.0,0.0,0.000464504141828598,0.36571959433304946,0.0,0.0,0.0,0.0,0.0,0.0,0.03158628164434466,0.0,0.0,0.0,0.003638615777657351,0.0,0.0,0.000309669427885732,0.0
cdi_youngster-FMT84,0.00016705088369917476,0.0,0.0,0.0,0.0012361765393738933,0.0,0.004009221208780194,0.0,0.003875580501820855,0.047409040793825796,0.0007016137115365341,0.003441248204203,0.06808994019578363,0.08352544184958739,0.0,0.0,0.0,0.0,0.0,0.0,0.11726972035682069,0.0003341017673983495,3.341017673983495e-05,0.0011693561858942235,0.0,0.00023387123717884468,0.0,0.0,0.013063379105275469,0.0,0.0,0.0,3.341017673983495e-05,0.0,0.03661755370685912,0.0,0.0,0.000701613711536534,0.005546089338812603,0.0,0.0,0.0013029968928535635,0.029233904647355584,0.0,0.016304166249039458,0.02900003341017674,0.02211753700177074,0.0013029968928535633,0.0,0.03397814974441215,0.0,0.0,0.0018709698974307574,0.02662791086164846,0.0001336407069593398,0.0,0.0,0.000701613711536534,0.00030069159065851457,0.00010023053021950487,0.004443553506398049,0.00010023053021950487,0.0,0.0,0.0,0.0,0.0,0.0007684340650162039,0.0,0.0,0.0,0.01072466673348702,0.0,0.0,0.002773044669406301,0.0023721225485282818,0.06094016237345895,0.0,0.0,0.0,0.0,0.0,3.341017673983495e-05,0.016604857839697975,0.00016705088369917478,0.0,0.0,0.0,0.0,0.0,0.023086432127225956,0.0,0.0,0.007851391533861213,0.0,0.0,0.00010023053021950487,0.0,0.017506932611673517,0.0,0.00023387123717884468,0.006949316761885671,0.00010023053021950487,0.08315792990544921,0.0,0.00016705088369917476,0.005345628278373592,0.045170558952256856,0.00043433229761785435,6.68203534796699e-05,0.0009354849487153787,3.341017673983495e-05,0.0,0.005379038455113428,0.04714175937990712,3.341017673983495e-05,0.0,0.004543784036617554,0.0003675119441381845,0.0,0.008686645952357089,0.0,0.0015702783067722428
cdi_youngster-FMT88,0.0,0.0,0.0,0.0,0.002917578409919767,0.0,0.0,0.0,0.0,0.0,0.0012598634042835356,0.003050195610370665,0.0,0.0013261720045089848,0.0,0.0,0.0,0.0,0.0,0.0,0.0,0.0,0.0,0.0,0.0,0.0,0.0,0.0,0.013593263046217094,0.0,6.630860022544923e-05,0.0,0.0,0.0,0.004906836416683243,0.0,0.0,0.0,0.14932696770771167,0.0,0.0,0.030767190504608445,0.0007293946024799415,0.0,0.0,0.004243750414428752,0.00019892580067634773,0.0,0.0,0.0,0.0,0.0,0.0,0.03341953451362641,0.0,0.0,0.0,0.0,0.00019892580067634773,0.0,0.0,0.0,0.001392480604734434,0.0,0.0,0.0007957032027053909,0.0,0.0,0.0,0.00019892580067634773,0.0,0.007957032027053909,0.0,0.0003315430011272462,0.004774219216232345,0.027783303494463233,0.012532325442609904,0.0,0.00013261720045089847,0.0,0.0,0.0,0.0,0.0011935548040580863,0.0,0.0,0.0,0.0,0.0,0.0,0.0,0.0,0.0,0.15178038591605325,0.0,0.0,0.0,0.0,0.0035143558119488097,0.0,0.0,0.0,0.0,0.30667727604270273,0.0,0.0,0.01120615343810092,0.003646973012399708,0.011736622239904515,0.0,0.0,0.0,0.09913135733704662,0.05821895099794444,0.048405278164577945,0.0,0.0,0.00013261720045089847,0.0,0.0,0.0,0.0,0.0
cdi_youngster-FMT92A,0.00048483779971791256,0.0,0.0,0.0,0.0,0.0,0.017762693935119887,0.0,0.0011900564174894216,0.0,0.006346967559943582,0.0,0.077574047954866,0.017498236953455572,0.0,0.0,0.0,0.0,0.0,0.0,0.007360719322990127,0.0016748942172073343,0.0035260930888575456,0.002203808180535966,0.0,0.00022038081805359662,0.0,0.0,0.005245063469675599,0.0,0.0,0.0,0.0022919605077574047,0.0,0.06025211565585332,0.0,0.0,0.00026445698166431596,0.05985543018335684,0.0,0.0,0.0,0.004319464033850494,0.0,0.0,0.0005289139633286319,0.02591678420310296,0.0020275035260930887,0.0,0.08563998589562767,0.0,0.0,4.407616361071932e-05,0.05148095909732017,0.0019393511988716502,0.0,0.09035613540197465,0.00048483779971791256,0.0,0.00022038081805359662,0.00453984485190409,0.0,0.0,0.0,0.0,0.0001763046544428773,0.0,0.0019393511988716502,0.0,0.0,0.0,0.008771156558533146,0.0,0.0,0.004936530324400564,0.0029531029619181944,0.040638222849083215,0.0,0.0,0.0,0.0,0.0,0.00022038081805359662,0.012517630465444287,0.0,0.0,0.0,0.0001763046544428773,0.0,0.0,0.008550775740479548,0.0,0.0,0.0314703808180536,0.0,0.0,0.0,0.0,0.0,0.0,0.0007933709449929478,0.01741008462623413,0.0006611424541607898,0.11420133991537378,0.0,0.00048483779971791256,0.007889633286318759,0.03349788434414668,0.00039668547249647394,0.0001763046544428773,4.407616361071932e-05,0.0,0.0,0.01873236953455571,0.05738716502115656,0.0,0.0003526093088857546,0.006523272214386459,0.0,0.0,4.407616361071932e-05,0.0,0.004187235543018336
cdi_youngster-FMT93,0.0,0.0,0.0,0.0,0.0491832867069759,0.0002707336882952802,0.0,0.0,0.0,0.0,0.0,0.0005414673765905604,9.024456276509341e-05,0.0,0.0,0.0,0.0,0.0,0.0,0.0,0.0,0.0,0.0,0.0,0.0,0.0,0.0,0.0,0.06253948199620973,0.0,0.0,0.0,0.0,0.0,0.007129320458442379,0.0,0.0,0.0,0.0,0.0,0.0,0.17182564750473783,0.0,0.0,0.0,0.009656168215864994,0.0,0.0,0.0,0.0,0.0,0.0,0.0,9.024456276509341e-05,0.0,0.0,0.3585416478657161,0.0,0.0002707336882952802,0.0,0.0,0.0,0.00036097825106037363,0.006136630268026352,0.0,0.0,0.0,0.0,0.040519808681526936,0.0,0.0,9.024456276509341e-05,0.0,9.024456276509341e-05,0.0,0.02517823301146106,0.0,0.0,0.0,0.0,0.0008122010648858406,0.0,0.0,0.0,0.11388863820954787,0.0,0.0,0.0,0.0,0.0,0.0,0.0,0.0,0.0,0.0,0.0,0.0,0.0,0.06253948199620973,0.0,0.0,0.0,0.0,0.0,0.0,0.001804891255301868,0.0,0.03167584153054779,0.03889540655175526,0.0,0.0,0.00424149444995939,0.0,0.0,0.0,0.0,0.0,0.000451222813825467,0.0,0.0,0.0,0.0,0.0
cdi_youngster-FMT95,0.0,0.0,0.0,0.0,0.15097018457169897,0.002555608140085187,0.0,0.0,0.0,0.0,0.0,0.0,0.0,9.46521533364884e-05,0.0,0.0,0.0,0.0,0.0,0.0,0.0,0.0,0.0,0.0,0.0,0.0,0.0,0.0,0.003786086133459536,0.0,0.0,0.0,0.00028395646000946523,0.0,0.015617605300520587,0.0,0.0,9.46521533364884e-05,0.0,9.46521533364884e-05,0.0,0.047326076668244205,9.46521533364884e-05,0.0,0.0,0.0351159488878372,0.0,0.0,0.0,9.46521533364884e-05,0.0,0.0,0.0,0.000473260766682442,0.0,0.0,0.28831045906294367,0.0,0.0001893043066729768,0.0,0.0,0.0001893043066729768,0.0,0.026313298627543776,0.0,0.0,0.0,0.000473260766682442,0.000946521533364884,0.0013251301467108378,0.0,0.0,0.0003786086133459536,0.0003786086133459536,0.0001893043066729768,0.014765735920492191,9.46521533364884e-05,0.0,0.0,0.0,9.46521533364884e-05,0.0,0.0,0.0,0.07269285376242308,0.0,0.0,0.0,0.005679129200189304,0.0,0.0,0.0,0.0,9.46521533364884e-05,0.0,0.0001893043066729768,0.0,0.0,0.023757690487458592,0.0,0.0,0.0,0.0,0.0026502602934216756,0.0,0.0005679129200189305,0.0,0.14216753431140558,0.05925224798864174,0.0,0.0,0.0006625650733554188,0.01656412683388547,0.0,0.04353999053478466,9.46521533364884e-05,0.0,0.005111216280170374,0.001609086606720303,0.0,0.0,0.0,0.0
cdi_youngster-FMT96,0.0,0.0,0.0006634819532908704,0.0,0.001194267515923567,0.0,0.0,0.0001326963906581741,0.0,0.0,0.0,0.0002653927813163482,0.0,0.0,0.0,0.0,0.0,0.0,0.0,0.0,0.0,0.0,0.0,0.0,0.0,0.0,0.0,0.0,0.0003980891719745223,0.0,0.0,0.0,0.0,0.0,0.0050424628450106155,0.0,0.0,0.0,0.0,0.0,0.0,0.003980891719745223,0.0,0.0,0.2513269639065817,0.013004246284501062,0.0,0.0037154989384288748,0.0,0.0001326963906581741,0.0,0.0,0.0,0.0,0.0,0.0,0.0,0.0,0.0,0.0,0.0,0.0,0.0,0.0,0.0,0.0,0.0,0.0,0.0,0.0005307855626326964,0.0,0.0,0.0,0.0,0.0,0.003848195329087049,0.0,0.0,0.0,0.0,0.0,0.0,0.0,0.0001326963906581741,0.0,0.0,0.0,0.0,0.0,0.0,0.0,0.0,0.0003980891719745223,0.0,0.0,0.0,0.0,0.0,0.0363588110403397,0.0,0.0,0.0,0.0,0.0,0.0,0.036093418259023353,0.0,0.5744426751592357,0.0006634819532908704,0.0,0.0,0.0,0.0,0.05732484076433121,0.0,0.0,0.0,0.0003980891719745223,0.0,0.0,0.0,0.0,0.0
cdi_youngster-FMT97,0.0,0.0,0.0,0.0,0.0032700201767202394,0.0,0.0,6.957489737702637e-05,0.0,0.0,0.0013914979475405274,0.0,0.04473665901342795,0.0,0.0,0.0,0.0,0.0,0.0,0.0,0.0,0.0,0.0,0.0002087246921310791,0.0,0.0,0.0,0.0,0.0,0.0,0.0,0.0,0.0002782995895081055,0.0,0.00020872469213107912,0.0,0.0,6.957489737702637e-05,0.0,0.0,0.0,0.0,0.0,0.0,0.09406526125373964,0.005009392611145899,0.0027134209977040286,0.0009740485632783692,0.0,0.0,0.0,0.0,0.0,0.2010714534196062,0.0,0.0,0.0,0.0,0.0,0.0,0.00013914979475405275,0.0,0.0,0.0,0.0,0.0,0.0,0.006957489737702637,0.0,0.0002782995895081055,0.0,0.0,0.0021568218186878174,0.0,0.007374939121964795,0.0,0.0,0.0,0.0,0.0,0.0,0.0,0.0,0.01474987824392959,0.0,0.0,0.0,0.0027829958950810548,0.003757044458359424,0.0,0.0004174493842621582,0.0,0.0,0.05823418910457108,0.0,0.0,0.0,0.0,0.08008070688095735,0.0,0.0,0.0,0.0002782995895081055,0.23898977249008557,0.001878522229179712,0.05649481667014541,0.0,0.11333750782717594,0.0,0.0,0.0,0.001113198358032422,0.000904473665901343,0.016558825575732274,0.005496416892785083,0.0,0.0,6.957489737702637e-05,0.0,0.0,6.957489737702637e-05,0.0,0.0
cdi_youngster-FMT99,0.0,0.0,0.0,0.0,0.0,0.0,0.0,0.0,0.0,0.0,0.0,0.0055722514400200355,0.0,0.00025043826696719256,0.0,0.0,0.0,0.0,0.0,0.0,0.0,0.0,0.0,0.0,0.0,0.0,0.0,0.0,0.00031304783370899073,0.0,6.260956674179814e-05,0.0,0.0014400200350613572,0.0,0.025607312797395438,0.0,0.0,0.0,0.0,0.0,0.0009391435011269722,6.260956674179814e-05,6.260956674179814e-05,0.0,0.1665414475331831,0.05778863010267969,0.0,6.260956674179814e-05,0.0015652391685449538,0.0011269722013523666,0.0,0.0,0.0,0.15934134735787628,0.0,0.0,0.0,0.0,0.000438266967192587,0.0,0.0,0.00012521913348359628,0.006448785374405209,0.0,0.0,0.0,6.260956674179814e-05,0.0,0.0,0.0031304783370899075,0.0,0.0,0.0,0.0006887052341597796,0.0,0.0,0.00025043826696719256,0.0,0.0,0.0,0.007325319308790383,0.0008139243676433759,0.0,6.260956674179814e-05,0.002316553969446531,0.0,0.0,0.0,0.0,0.0015652391685449538,0.009203606311044327,0.0,0.0,0.0,0.0,0.0,0.000438266967192587,0.0,0.0007513148009015778,0.0,0.0,0.0,0.0,0.1508264462809917,0.0,0.0,0.00025043826696719256,0.25125219133483595,0.005885299273729026,0.0,0.0,0.07525669922364137,0.05140245429501628,0.0,0.0,0.0,0.0,0.007137490608564989,6.260956674179814e-05,0.0,0.0,0.0,0.0
