,k__Bacteria;p__Firmicutes;c__Clostridia;o__Clostridiales;f__Ruminococcaceae;g__Clostridium_IV,k__Bacteria;p__Verrucomicrobia;c__Verrucomicrobiae;o__Verrucomicrobiales;f__Verrucomicrobiaceae;g__Akkermansia,k__Bacteria;p__Firmicutes;c__Clostridia;o__Clostridiales;f__Peptostreptococcaceae;g__Peptostreptococcus,k__Bacteria;p__Bacteroidetes;c__Bacteroidia;o__Bacteroidales;f__Porphyromonadaceae;g__Porphyromonas,k__Bacteria;p__Firmicutes;c__Bacilli;o__Lactobacillales;f__Streptococcaceae;g__Streptococcus,k__Bacteria;p__Firmicutes;c__Clostridia;o__Clostridiales;f__Lachnospiraceae;g__Lachnospiracea_incertae_sedis,k__Bacteria;p__Firmicutes;c__Clostridia;o__Clostridiales;f__Eubacteriaceae;g__Eubacterium,k__Bacteria;p__Firmicutes;c__Erysipelotrichia;o__Erysipelotrichales;f__Erysipelotrichaceae;g__Turicibacter,k__Bacteria;p__Actinobacteria;c__Actinobacteria;o__Coriobacteriales;f__Coriobacteriaceae;g__Collinsella,k__Bacteria;p__Firmicutes;c__Clostridia;o__Clostridiales;f__Ruminococcaceae;g__Butyricicoccus,k__Bacteria;p__Firmicutes;c__Negativicutes;o__Selenomonadales;f__Veillonellaceae;g__Dialister,k__Bacteria;p__Firmicutes;c__Bacilli;o__Bacillales;f__Bacillales_Incertae_Sedis_XI;g__Gemella,k__Bacteria;p__Bacteroidetes;c__Bacteroidia;o__Bacteroidales;f__Prevotellaceae;g__Xylanibacter,k__Bacteria;p__Bacteroidetes;c__Bacteroidia;o__Bacteroidales;f__Porphyromonadaceae;g__Parabacteroides,k__Bacteria;p__Firmicutes;c__Clostridia;o__Clostridiales;f__Ruminococcaceae;g__Acetanaerobacterium,k__Bacteria;p__Proteobacteria;c__Gammaproteobacteria;o__Pasteurellales;f__Pasteurellaceae;g__Haemophilus,k__Bacteria;p__Firmicutes;c__Clostridia;o__Clostridiales;f__Eubacteriaceae;g__Pseudoramibacter,k__Bacteria;p__Bacteroidetes;c__Bacteroidia;o__Bacteroidales;f__Bacteroidaceae;g__Bacteroides,k__Bacteria;p__Bacteroidetes;c__Bacteroidia;o__Bacteroidales;f__Rikenellaceae;g__Alistipes,k__Bacteria;p__Firmicutes;c__Negativicutes;o__Selenomonadales;f__Acidaminococcaceae;g__Phascolarctobacterium,k__Bacteria;p__Proteobacteria;c__Betaproteobacteria;o__Burkholderiales;f__Sutterellaceae;g__Parasutterella,k__Bacteria;p__Bacteroidetes;c__Bacteroidia;o__Bacteroidales;f__Prevotellaceae;g__Alloprevotella,k__Bacteria;p__Firmicutes;c__Bacilli;o__Lactobacillales;f__Lactobacillaceae;g__Lactobacillus,k__Bacteria;p__Proteobacteria;c__Gammaproteobacteria;o__Enterobacteriales;f__Enterobacteriaceae;g__Escherichia/Shigella,k__Bacteria;p__Firmicutes;c__Clostridia;o__Clostridiales;f__Lachnospiraceae;g__Hespellia,k__Bacteria;p__Proteobacteria;c__Gammaproteobacteria;o__Enterobacteriales;f__Enterobacteriaceae;g__Enterobacter,k__Bacteria;p__Firmicutes;c__Bacilli;o__Lactobacillales;f__Enterococcaceae;g__Enterococcus,k__Bacteria;p__Actinobacteria;c__Actinobacteria;o__Coriobacteriales;f__Coriobacteriaceae;g__Eggerthella,k__Bacteria;p__Firmicutes;c__Clostridia;o__Clostridiales;f__Lachnospiraceae;g__Lachnospira,k__Bacteria;p__Firmicutes;c__Clostridia;o__Clostridiales;f__Ruminococcaceae;g__Faecalibacterium,k__Bacteria;p__Bacteroidetes;c__Bacteroidia;o__Bacteroidales;f__Prevotellaceae;g__Prevotella,k__Bacteria;p__Firmicutes;c__Clostridia;o__Clostridiales;f__Lachnospiraceae;g__Coprococcus,k__Bacteria;p__Firmicutes;c__Clostridia;o__Clostridiales;f__Lachnospiraceae;g__Roseburia,k__Bacteria;p__Firmicutes;c__Clostridia;o__Clostridiales;f__Ruminococcaceae;g__Gemmiger,k__Bacteria;p__Firmicutes;c__Bacilli;o__Lactobacillales;f__Leuconostocaceae;g__Weissella,k__Bacteria;p__Firmicutes;c__Clostridia;o__Clostridiales;f__Ruminococcaceae;g__Flavonifractor,k__Bacteria;p__Proteobacteria;c__Gammaproteobacteria;o__Enterobacteriales;f__Enterobacteriaceae;g__Klebsiella,k__Bacteria;p__Actinobacteria;c__Actinobacteria;o__Bifidobacteriales;f__Bifidobacteriaceae;g__Bifidobacterium,k__Bacteria;p__Bacteroidetes;c__Bacteroidia;o__Bacteroidales;f__Porphyromonadaceae;g__Odoribacter,k__Bacteria;p__Firmicutes;c__Bacilli;o__Lactobacillales;f__Streptococcaceae;g__Lactococcus,k__Bacteria;p__Firmicutes;c__Clostridia;o__Clostridiales;f__Lachnospiraceae;g__Clostridium_XlVa,k__Bacteria;p__Firmicutes;c__Clostridia;o__Clostridiales;f__Lachnospiraceae;g__Dorea,k__Bacteria;p__Firmicutes;c__Erysipelotrichia;o__Erysipelotrichales;f__Erysipelotrichaceae;g__Erysipelotrichaceae_incertae_sedis,k__Bacteria;p__Proteobacteria;c__Gammaproteobacteria;o__Enterobacteriales;f__Enterobacteriaceae;g__Cronobacter,k__Bacteria;p__Firmicutes;c__Bacilli;o__Lactobacillales;f__Carnobacteriaceae;g__Granulicatella,k__Bacteria;p__Firmicutes;c__Clostridia;o__Clostridiales;f__Peptostreptococcaceae;g__Clostridium_XI,k__Bacteria;p__Proteobacteria;c__Gammaproteobacteria;o__Enterobacteriales;f__Enterobacteriaceae;g__Morganella,k__Bacteria;p__Proteobacteria;c__Deltaproteobacteria;o__Desulfovibrionales;f__Desulfovibrionaceae;g__Desulfovibrio,k__Bacteria;p__Firmicutes;c__Clostridia;o__Clostridiales;f__Clostridiaceae_1;g__Clostridium_sensu_stricto,k__Bacteria;p__Firmicutes;c__Clostridia;o__Clostridiales;f__Lachnospiraceae;g__Ruminococcus2,k__Bacteria;p__Firmicutes;c__Clostridia;o__Clostridiales;f__Ruminococcaceae;g__Oscillibacter,k__Bacteria;p__Bacteroidetes;c__Bacteroidia;o__Bacteroidales;f__Prevotellaceae;g__Paraprevotella,k__Bacteria;p__Firmicutes;c__Clostridia;o__Clostridiales;f__Clostridiales_Incertae_Sedis_XI;g__Parvimonas,k__Bacteria;p__Firmicutes;c__Clostridia;o__Clostridiales;f__Lachnospiraceae;g__Pseudobutyrivibrio,k__Bacteria;p__Firmicutes;c__Clostridia;o__Clostridiales;f__Ruminococcaceae;g__Ruminococcus,k__Bacteria;p__Firmicutes;c__Clostridia;o__Clostridiales;f__Clostridiales_Incertae_Sedis_XIII;g__Mogibacterium,k__Bacteria;p__Firmicutes;c__Negativicutes;o__Selenomonadales;f__Veillonellaceae;g__Veillonella,k__Bacteria;p__Firmicutes;c__Erysipelotrichia;o__Erysipelotrichales;f__Erysipelotrichaceae;g__Solobacterium,k__Bacteria;p__Firmicutes;c__Negativicutes;o__Selenomonadales;f__Veillonellaceae;g__Megamonas,k__Bacteria;p__Firmicutes;c__Clostridia;o__Clostridiales;f__Clostridiales_Incertae_Sedis_XI;g__Anaerococcus,k__Bacteria;p__Firmicutes;c__Clostridia;o__Clostridiales;f__Lachnospiraceae;g__Clostridium_XlVb,k__Bacteria;p__Proteobacteria;c__Betaproteobacteria;o__Burkholderiales;f__Comamonadaceae;g__Comamonas,k__Bacteria;p__Fusobacteria;c__Fusobacteriia;o__Fusobacteriales;f__Fusobacteriaceae;g__Fusobacterium,k__Bacteria;p__Firmicutes;c__Clostridia;o__Clostridiales;f__Lachnospiraceae;g__Blautia,k__Bacteria;p__Firmicutes;c__Bacilli;o__Lactobacillales;f__Leuconostocaceae;g__Leuconostoc,k__Bacteria;p__Firmicutes;c__Erysipelotrichia;o__Erysipelotrichales;f__Erysipelotrichaceae;g__Clostridium_XVIII
crc_chen-healthy37Xiang,0.0,0.007716049382716049,0.0,0.0,0.0038580246913580245,0.023919753086419752,0.0,0.0007716049382716049,0.0,0.012345679012345678,0.0,0.0,0.0,0.0,0.0,0.0,0.0,0.015432098765432098,0.0,0.0,0.0007716049382716049,0.0,0.0,0.0007716049382716049,0.0023148148148148147,0.0,0.0,0.0015432098765432098,0.0,0.03780864197530864,0.0,0.0,0.0,0.0,0.0,0.0030864197530864196,0.0,0.04089506172839506,0.0007716049382716049,0.0,0.016203703703703703,0.05941358024691358,0.0015432098765432098,0.0,0.0,0.02700617283950617,0.0,0.0,0.0,0.2307098765432099,0.0,0.0,0.0,0.0,0.0,0.0,0.0,0.0,0.0,0.0,0.0,0.0,0.004629629629629629,0.05015432098765432,0.0,0.23996913580246915
crc_chen-healthy40Xiang,0.0,0.0,0.0,0.0,0.002012072434607646,0.02012072434607646,0.0,0.0,0.0,0.002012072434607646,0.0,0.0,0.0,0.0006706908115358819,0.0,0.0,0.0,0.06371562709590878,0.0,0.0006706908115358819,0.002012072434607646,0.0,0.0,0.0,0.00335345405767941,0.002012072434607646,0.0,0.0006706908115358819,0.008718980549966466,0.019450033534540577,0.0,0.007377598926894701,0.00670690811535882,0.0,0.0,0.0,0.08853118712273642,0.004694835680751174,0.0,0.0,0.04158283031522468,0.05298457411133467,0.0,0.0,0.0,0.0,0.0,0.0,0.0,0.031522468142186455,0.0,0.0,0.0,0.40308517773306507,0.05097250167672703,0.0,0.0006706908115358819,0.0,0.0,0.0,0.00670690811535882,0.0,0.0,0.03085177733065057,0.0,0.021462105969148222
crc_chen-cancer11Xiang,0.0,0.0,0.0,0.0,0.029090909090909094,0.028181818181818183,0.0,0.0,0.0,0.01090909090909091,0.0,0.0,0.0,0.0,0.0,0.0,0.0,0.0018181818181818182,0.0,0.0018181818181818182,0.0,0.0,0.0,0.046363636363636364,0.0036363636363636364,0.0,0.007272727272727273,0.0036363636363636364,0.006363636363636364,0.0018181818181818182,0.0,0.01,0.1463636363636364,0.0,0.0,0.0009090909090909091,0.0027272727272727275,0.0,0.0,0.0,0.03727272727272727,0.05454545454545455,0.0,0.0,0.0,0.0036363636363636364,0.0,0.0,0.0,0.0027272727272727275,0.0,0.0,0.0,0.12363636363636364,0.08363636363636363,0.0,0.0,0.0,0.0,0.0,0.00909090909090909,0.0,0.0,0.07545454545454545,0.0,0.03272727272727273
crc_chen-healthy25Xiang,0.005945303210463734,0.0,0.08828775267538644,0.00029726516052318666,0.00802615933412604,0.002080856123662307,0.0011890606420927466,0.0,0.0,0.0,0.010404280618311532,0.0014863258026159335,0.00029726516052318666,0.0011890606420927466,0.0,0.0,0.00267538644470868,0.2184898929845422,0.00029726516052318666,0.002972651605231867,0.0,0.009809750297265161,0.0,0.03834720570749108,0.0,0.0,0.0005945303210463733,0.010404280618311534,0.002080856123662307,0.0014863258026159335,0.06777645659928656,0.008620689655172414,0.016349583828775268,0.00029726516052318666,0.0,0.013674197384066587,0.0,0.0,0.0,0.0,0.06777645659928655,0.11414982164090368,0.008620689655172414,0.0,0.0005945303210463733,0.006539833531510107,0.0005945303210463733,0.0011890606420927466,0.00029726516052318666,0.050832342449464926,0.003269916765755054,0.0,0.009512485136741973,0.010404280618311534,0.061831153388822835,0.004161712247324614,0.0014863258026159335,0.016646848989298454,0.0005945303210463733,0.0,0.0032699167657550534,0.0,0.017538644470868014,0.01159334126040428,0.0,0.03032104637336504
crc_chen-cancer8Xiang,0.0,0.0,0.0033927056827820186,0.0,0.008481764206955046,0.002544529262086514,0.0,0.0,0.0,0.002544529262086514,0.0033927056827820186,0.0,0.0,0.0008481764206955047,0.0,0.0,0.0,0.002544529262086514,0.0,0.0,0.0,0.0,0.0,0.017811704834605598,0.0,0.0,0.0,0.011026293469041562,0.0,0.009329940627650551,0.0,0.0,0.2222222222222222,0.0,0.0,0.0,0.0,0.017811704834605598,0.0,0.0,0.05852417302798982,0.31297709923664124,0.0,0.0,0.0,0.0,0.0,0.0,0.0,0.011874469889737066,0.0,0.0,0.0016963528413910093,0.0,0.0,0.005937234944868533,0.0,0.02205258693808312,0.0016963528413910093,0.0,0.0,0.0,0.0,0.09923664122137404,0.0,0.01441899915182358
crc_chen-healthy36Xiang,0.0,0.0,0.0,0.0,0.03819444444444445,0.013194444444444444,0.003472222222222222,0.004166666666666667,0.0,0.0,0.0,0.0,0.0,0.0,0.0,0.0,0.0,0.09305555555555556,0.0,0.0,0.0,0.0,0.0,0.004166666666666667,0.0,0.0,0.0,0.0,0.0076388888888888895,0.07916666666666666,0.0,0.004166666666666667,0.024305555555555552,0.016666666666666666,0.0,0.004166666666666667,0.0,0.002777777777777778,0.002777777777777778,0.0,0.02638888888888889,0.017361111111111112,0.0,0.0,0.0,0.0006944444444444445,0.0,0.0,0.0,0.03125,0.010416666666666666,0.0,0.0,0.4076388888888889,0.02638888888888889,0.0,0.0,0.0,0.0,0.0,0.0,0.0,0.0,0.025694444444444443,0.0,0.006944444444444444
crc_chen-cancer3Xiang,0.0,0.0,0.0,0.0,0.005371530886302597,0.022381378692927487,0.0,0.0,0.0,0.0,0.0,0.0,0.0,0.0,0.0,0.0,0.0,0.005371530886302597,0.0,0.0,0.0,0.0,0.0,0.24261414503133394,0.0,0.0,0.021486123545210387,0.0,0.004476275738585497,0.18263205013428827,0.0,0.0017905102954341987,0.1324977618621307,0.024171888988361683,0.008057296329453895,0.0026857654431512983,0.01790510295434199,0.0,0.0,0.0,0.018800358102059087,0.05819158460161146,0.0008952551477170994,0.0,0.0,0.0035810205908683975,0.0,0.0,0.0,0.008057296329453893,0.0,0.0,0.0,0.019695613249776187,0.08952551477170995,0.0,0.0,0.0,0.0,0.0,0.0,0.0,0.0,0.03491495076096687,0.007162041181736795,0.004476275738585497
crc_chen-healthy32Xiang,0.0,0.02392739273927393,0.0,0.0,0.0,0.004125412541254125,0.0,0.0,0.0,0.0016501650165016502,0.038778877887788776,0.0,0.0,0.0008250825082508251,0.0,0.0,0.0,0.008250825082508252,0.0,0.0,0.0,0.0,0.0,0.0016501650165016502,0.0,0.0008250825082508251,0.0,0.0008250825082508251,0.0016501650165016502,0.0924092409240924,0.0,0.0008250825082508251,0.018151815181518153,0.0,0.0,0.0008250825082508251,0.0,0.0,0.0,0.0,0.02145214521452145,0.041254125412541254,0.0,0.0,0.0,0.007425742574257425,0.0,0.0,0.0008250825082508251,0.03547854785478548,0.0,0.0,0.0,0.4018151815181518,0.09240924092409242,0.0,0.0,0.0,0.0,0.0,0.004125412541254125,0.0,0.0016501650165016502,0.03135313531353135,0.0,0.010726072607260726
crc_chen-cancer16Xiang,0.0,0.0,0.0,0.0,0.0,0.020442930153321975,0.0,0.0,0.0008517887563884157,0.0034071550255536627,0.0,0.0,0.0,0.0,0.0,0.0,0.0,0.0068143100511073255,0.0008517887563884157,0.0,0.0,0.0,0.35008517887563884,0.23850085178875638,0.0,0.0008517887563884157,0.0,0.0,0.0008517887563884157,0.012776831345826235,0.0,0.0,0.05536626916524702,0.008517887563884156,0.0,0.0,0.0008517887563884157,0.005962521294718909,0.0,0.0,0.024701873935264053,0.065587734241908,0.0,0.0,0.0,0.0,0.0,0.0,0.0,0.0008517887563884157,0.0,0.0,0.0034071550255536627,0.0017035775127768314,0.04770017035775127,0.0,0.0,0.0,0.0,0.0,0.0008517887563884157,0.0,0.0,0.026405451448040886,0.0,0.013628620102214651
crc_chen-cancer6Xiang,0.0034782608695652175,0.0,0.0017391304347826088,0.0,0.0017391304347826088,0.0,0.0017391304347826088,0.0,0.0,0.0,0.0,0.0,0.0,0.0,0.0,0.0,0.0,0.45217391304347826,0.0017391304347826088,0.0034782608695652175,0.0,0.0,0.0017391304347826088,0.0,0.0,0.0,0.0,0.0017391304347826088,0.0,0.0,0.0,0.0017391304347826088,0.07652173913043478,0.0,0.0,0.04173913043478261,0.0,0.0,0.006956521739130435,0.0,0.1565217391304348,0.0,0.07652173913043478,0.0,0.0,0.01217391304347826,0.0,0.017391304347826087,0.0,0.0,0.01391304347826087,0.0,0.0,0.0,0.0,0.0,0.0,0.0,0.0,0.0,0.0,0.0,0.0,0.0052173913043478265,0.0,0.036521739130434785
crc_chen-cancer18Xiang,0.0,0.0,0.05399325084364454,0.043869516310461196,0.0,0.0033745781777277844,0.0044994375703037125,0.0,0.0,0.0,0.0,0.03824521934758156,0.0,0.0,0.0,0.0,0.0,0.0359955005624297,0.0,0.00562429696287964,0.0,0.0,0.0,0.0044994375703037125,0.0,0.0,0.0,0.0,0.0,0.0022497187851518562,0.0,0.003374578177727784,0.4263217097862767,0.023622047244094488,0.0,0.006749156355455568,0.0,0.0,0.006749156355455568,0.0,0.0044994375703037125,0.008998875140607425,0.0,0.0,0.0044994375703037125,0.0,0.0,0.0,0.0,0.0011248593925759281,0.0011248593925759281,0.0,0.01799775028121485,0.0,0.0,0.0,0.0,0.04049493813273341,0.0,0.0011248593925759281,0.003374578177727784,0.0,0.0719910011248594,0.0033745781777277844,0.0,0.0011248593925759281
crc_chen-cancer20Xiang,0.0011111111111111111,0.0,0.0011111111111111111,0.0,0.0,0.10777777777777778,0.0,0.0033333333333333335,0.0044444444444444444,0.0,0.0,0.0,0.0,0.012222222222222223,0.0,0.0,0.0,0.15222222222222223,0.0033333333333333335,0.01,0.0,0.0,0.0,0.01,0.01888888888888889,0.0,0.0,0.0011111111111111111,0.0,0.0,0.0,0.0,0.15,0.0,0.0,0.0022222222222222222,0.0011111111111111111,0.0,0.0011111111111111111,0.0,0.07222222222222222,0.0,0.0022222222222222222,0.0,0.0,0.024444444444444446,0.0,0.0,0.012222222222222223,0.0044444444444444444,0.0022222222222222222,0.0,0.0,0.0,0.0,0.0,0.0033333333333333335,0.0,0.016666666666666666,0.0,0.03333333333333333,0.0,0.0,0.05333333333333333,0.0,0.10777777777777778
crc_chen-healthy33Xiang,0.014948859166011016,0.0,0.0,0.0,0.0007867820613690008,0.05586152635719906,0.0007867820613690008,0.0,0.0,0.0055074744295830055,0.0,0.0,0.0,0.0007867820613690008,0.0,0.0,0.0,0.06766325727773406,0.0,0.0,0.0,0.0,0.0007867820613690008,0.0,0.0,0.0,0.0,0.0,0.07238394964594808,0.21479150275373723,0.0,0.0055074744295830055,0.01022816679779701,0.007867820613690008,0.0,0.0007867820613690008,0.0,0.0,0.0,0.0,0.03933910306845004,0.03461841070023603,0.0,0.0,0.0,0.0055074744295830055,0.0,0.0,0.0023603461841070024,0.03697875688434304,0.007081038552321007,0.0,0.0,0.23210070810385525,0.03776553894571204,0.0,0.0,0.0,0.0,0.0,0.0,0.0,0.0,0.045633359559402044,0.0,0.00944138473642801
crc_chen-cancer19Xiang,0.0,0.0,0.0,0.0,0.17878192534381138,0.028487229862475445,0.0009823182711198428,0.0,0.0019646365422396855,0.0009823182711198428,0.0,0.0,0.0,0.0009823182711198428,0.0,0.0,0.0,0.006876227897838899,0.0,0.0,0.0,0.0,0.0,0.0,0.0,0.0009823182711198428,0.0,0.0,0.0,0.1493123772102161,0.0029469548133595285,0.0009823182711198428,0.04223968565815324,0.0137524557956778,0.0,0.0,0.0,0.004911591355599214,0.0009823182711198428,0.0,0.06385068762278978,0.06286836935166995,0.0,0.0,0.0,0.004911591355599214,0.0,0.0,0.003929273084479371,0.1394891944990177,0.0,0.0,0.0,0.014734774066797643,0.0,0.0,0.0019646365422396855,0.0,0.0,0.0,0.0,0.0,0.0,0.030451866404715127,0.0,0.047151277013752456
crc_chen-healthy22Xiang,0.0,0.0,0.0,0.0,0.01483050847457627,0.0,0.0,0.0,0.0,0.0,0.0,0.0,0.0,0.0,0.0,0.0,0.0,0.0,0.0,0.0,0.0007062146892655367,0.0,0.09675141242937853,0.05084745762711865,0.0,0.0014124293785310734,0.661723163841808,0.0,0.0,0.0,0.0,0.0,0.0,0.0,0.0007062146892655367,0.0,0.03036723163841808,0.0211864406779661,0.0,0.0,0.0,0.0,0.0,0.02824858757062147,0.0,0.0,0.03742937853107345,0.0,0.0,0.0,0.0,0.0,0.0,0.0,0.0,0.0,0.0557909604519774,0.0,0.0,0.0,0.0,0.0,0.0,0.0,0.0,0.0
crc_chen-healthy24Xiang,0.011097410604192356,0.0,0.016029593094944512,0.0,0.02281134401972873,0.024660912453760786,0.002466091245376079,0.0,0.0006165228113440197,0.0030826140567200987,0.0012330456226880395,0.03390875462392109,0.0,0.0018495684340320592,0.0,0.0,0.0,0.08816276202219482,0.0012330456226880395,0.0012330456226880395,0.0012330456226880395,0.0,0.0,0.002466091245376079,0.002466091245376079,0.0,0.0,0.0006165228113440197,0.005548705302096177,0.10480887792848335,0.02281134401972873,0.0036991368680641184,0.06966707768187422,0.009864364981504316,0.0,0.0036991368680641184,0.0,0.0036991368680641184,0.0012330456226880395,0.0,0.06103575832305795,0.02342786683107275,0.0030826140567200987,0.0,0.014180024660912454,0.005548705302096177,0.0,0.0,0.002466091245376079,0.023427866831072747,0.002466091245376079,0.0,0.015413070283600493,0.031442663378545004,0.04007398273736128,0.0,0.0018495684340320592,0.006165228113440197,0.0,0.007398273736128237,0.0012330456226880395,0.0,0.0,0.035758323057953144,0.0,0.04747225647348952
crc_chen-cancer21Xiang,0.004421518054532056,0.0,0.0,0.0,0.0007369196757553427,0.0007369196757553427,0.0029476787030213707,0.0,0.0,0.0,0.0,0.004421518054532056,0.0,0.01105379513633014,0.0,0.0,0.0029476787030213707,0.08253500368459839,0.007369196757553427,0.020633750921149593,0.0,0.0,0.0,0.0,0.0,0.0,0.0,0.006632277081798084,0.0,0.10316875460574798,0.0,0.0,0.10390567428150331,0.0,0.0,0.004421518054532056,0.0,0.0029476787030213707,0.006632277081798084,0.0,0.15180545320560057,0.0,0.0029476787030213707,0.0,0.0014738393515106854,0.0036845983787767134,0.0,0.0,0.0,0.012527634487840826,0.012527634487840826,0.0,0.0,0.0,0.0,0.0,0.0,0.0,0.0,0.0,0.0,0.0,0.006632277081798084,0.12453942520265292,0.0,0.08032424465733234
crc_chen-healthy30Xiang,0.0,0.0023446658851113715,0.0,0.0,0.0035169988276670576,0.03634232121922626,0.0,0.0,0.0011723329425556857,0.0011723329425556857,0.0,0.0,0.0,0.0,0.0,0.0,0.0,0.08089097303634234,0.0011723329425556857,0.0023446658851113715,0.0,0.0,0.0,0.0,0.0011723329425556857,0.0,0.0,0.0011723329425556857,0.0,0.1910902696365768,0.0,0.0023446658851113715,0.03634232121922626,0.04220398593200469,0.0023446658851113715,0.0011723329425556857,0.0,0.0,0.0,0.0,0.05744431418522861,0.082063305978898,0.0,0.0,0.0,0.004689331770222743,0.0,0.0,0.0,0.0902696365767878,0.0,0.0,0.0,0.0023446658851113715,0.12192262602579132,0.0,0.0,0.0,0.0,0.0,0.0,0.0,0.0,0.04806565064478312,0.0,0.022274325908558032
crc_chen-cancer2Xiang,0.0,0.031037827352085354,0.0,0.0,0.0009699321047526673,0.01454898157129001,0.0,0.0009699321047526673,0.0019398642095053346,0.007759456838021339,0.0,0.0,0.0,0.011639185257032008,0.0,0.0,0.0,0.13579049466537343,0.0,0.016488845780795344,0.0,0.0,0.0009699321047526673,0.0009699321047526673,0.0,0.0,0.0,0.0,0.1096023278370514,0.34626576139670223,0.019398642095053348,0.0,0.062075654704170716,0.011639185257032008,0.0,0.0009699321047526673,0.0,0.0,0.0,0.0,0.06595538312318139,0.0009699321047526673,0.0,0.0,0.0,0.026188166828322017,0.0,0.0,0.0009699321047526673,0.0,0.0,0.009699321047526674,0.0,0.0,0.0,0.0,0.0009699321047526673,0.0,0.0,0.0,0.005819592628516004,0.0,0.0,0.06983511154219206,0.0,0.02230843840931135
crc_chen-healthy42Xiang,0.000671591672263264,0.000671591672263264,0.0241773002014775,0.001343183344526528,0.006044325050369375,0.0241773002014775,0.000671591672263264,0.0033579583613163196,0.0020147750167897917,0.001343183344526528,0.038280725319006045,0.019476158495634655,0.0,0.0,0.0,0.05708529214237743,0.0,0.05171255876427132,0.001343183344526528,0.0,0.0,0.0,0.006715916722632639,0.002686366689053056,0.005372733378106112,0.0,0.0,0.0020147750167897917,0.020147750167897917,0.053727333781061114,0.0,0.002686366689053056,0.1282740094022834,0.005372733378106112,0.0,0.002686366689053056,0.0,0.0,0.000671591672263264,0.0,0.041638683680322364,0.04969778374748154,0.022834116856950974,0.0,0.006044325050369375,0.0241773002014775,0.0,0.0,0.006044325050369375,0.12155809267965077,0.0,0.0,0.01544660846205507,0.03022162525184688,0.0033579583613163196,0.0,0.0,0.006715916722632639,0.0,0.010073875083948958,0.0,0.0,0.002686366689053056,0.08529214237743452,0.0,0.03223640026863667
crc_chen-healthy23Xiang,0.03132530120481928,0.0,0.0,0.0,0.001606425702811245,0.04819277108433735,0.0,0.0,0.0,0.004016064257028112,0.015261044176706828,0.0,0.0,0.0,0.0,0.0,0.0,0.06666666666666668,0.0,0.0,0.0,0.0,0.0,0.001606425702811245,0.0024096385542168677,0.0,0.0,0.004016064257028113,0.00642570281124498,0.1927710843373494,0.0,0.007228915662650603,0.007228915662650602,0.005622489959839358,0.0,0.0,0.0,0.00321285140562249,0.0,0.0,0.032128514056224904,0.08032128514056225,0.0,0.0,0.0,0.0,0.0,0.0,0.0,0.008032128514056224,0.0008032128514056225,0.0,0.0,0.19036144578313252,0.018473895582329317,0.0,0.0,0.0,0.0,0.0,0.02650602409638554,0.0,0.0,0.05461847389558233,0.0,0.07389558232931727
crc_chen-healthy34Xiang,0.0006697923643670462,0.0,0.0,0.0,0.0053583389149363695,0.02813127930341594,0.0,0.0,0.0,0.0,0.0,0.0,0.0,0.0,0.0,0.0,0.0,0.04554588077695913,0.0,0.0013395847287340924,0.0,0.0,0.0,0.0,0.0,0.0,0.0,0.0,0.009377093101138647,0.04018754186202277,0.0,0.0026791694574681848,0.03415941058271936,0.0020093770931011385,0.0,0.0,0.004018754186202277,0.0,0.0013395847287340924,0.0,0.05157401205626256,0.03014065639651708,0.0,0.0,0.0,0.0020093770931011385,0.0,0.0,0.0,0.05760214333556597,0.0006697923643670462,0.0,0.0,0.5833891493636972,0.016744809109176154,0.0,0.0,0.0,0.0,0.0,0.0,0.0,0.0,0.006697923643670461,0.0,0.021433355659745478
crc_chen-healthy41Xiang,0.0,0.0,0.0,0.0,0.016493055555555556,0.006076388888888889,0.0,0.0026041666666666665,0.0,0.0,0.0,0.0,0.0,0.003472222222222222,0.0,0.0,0.0,0.08767361111111112,0.0,0.024305555555555556,0.0,0.0,0.0,0.0,0.0,0.0,0.001736111111111111,0.011284722222222222,0.0,0.0,0.0,0.0,0.09461805555555555,0.0,0.0,0.0,0.0,0.014756944444444444,0.0,0.0,0.028645833333333336,0.0,0.0008680555555555555,0.0,0.0,0.0026041666666666665,0.0,0.0,0.0,0.011284722222222224,0.0,0.0,0.0,0.0,0.0,0.0,0.0,0.0,0.0,0.0,0.0,0.0,0.0008680555555555555,0.20399305555555555,0.0,0.06076388888888889
crc_chen-cancer7Xiang,0.001702127659574468,0.0,0.0,0.0,0.001702127659574468,0.030638297872340424,0.005957446808510639,0.0,0.0,0.0,0.0,0.0,0.0,0.0,0.0,0.0,0.0,0.003404255319148936,0.0,0.0,0.0,0.0,0.0,0.00425531914893617,0.011063829787234043,0.0,0.0,0.001702127659574468,0.0,0.02468085106382979,0.0,0.007659574468085106,0.0476595744680851,0.002553191489361702,0.0,0.000851063829787234,0.000851063829787234,0.0,0.0,0.0,0.05787234042553191,0.1685106382978723,0.0,0.0,0.0,0.00425531914893617,0.0,0.0,0.0,0.12085106382978723,0.000851063829787234,0.0,0.0,0.32510638297872346,0.0,0.0,0.0,0.0,0.0,0.0,0.0,0.0,0.0,0.04425531914893617,0.0,0.010212765957446808
crc_chen-healthy29Xiang,0.002559726962457338,0.0,0.0,0.0,0.07764505119453925,0.026450511945392493,0.005119453924914676,0.0,0.01962457337883959,0.0,0.012798634812286689,0.0,0.0,0.0,0.0,0.0,0.0,0.13566552901023893,0.0,0.0,0.0,0.0,0.006825938566552901,0.005972696245733789,0.0,0.0,0.0,0.0,0.0,0.21757679180887374,0.0,0.0008532423208191126,0.0,0.0,0.0008532423208191126,0.0,0.0017064846416382253,0.034129692832764506,0.0017064846416382253,0.0,0.04436860068259386,0.08532423208191127,0.0,0.0,0.0,0.005972696245733789,0.0,0.0,0.0,0.0,0.0034129692832764505,0.0,0.0,0.0,0.0,0.0,0.0,0.0,0.0,0.0,0.0,0.0,0.0,0.0674061433447099,0.0,0.0008532423208191126
crc_chen-cancer10Xiang,0.0,0.0013157894736842105,0.0,0.0,0.0,0.025,0.0013157894736842105,0.042105263157894736,0.0,0.0,0.006578947368421052,0.0,0.017105263157894738,0.0,0.0013157894736842105,0.0,0.0,0.01842105263157895,0.002631578947368421,0.0,0.0,0.0,0.0,0.053947368421052626,0.0013157894736842105,0.0,0.0,0.0,0.006578947368421052,0.04736842105263158,0.0,0.005263157894736842,0.025,0.019736842105263157,0.0,0.006578947368421052,0.014473684210526316,0.0,0.006578947368421052,0.0,0.02763157894736842,0.009210526315789475,0.021052631578947368,0.0,0.0,0.03289473684210527,0.0,0.0,0.02631578947368421,0.0,0.0013157894736842105,0.0,0.0,0.2236842105263158,0.10526315789473684,0.0,0.0,0.0,0.0,0.0,0.0,0.025,0.0,0.06578947368421054,0.0,0.005263157894736842
crc_chen-healthy38Xiang,0.0,0.0,0.0,0.0,0.006445215666831929,0.0,0.0,0.0,0.0,0.0,0.0,0.0004957858205255329,0.0,0.0,0.0,0.0,0.0,0.12592959841348536,0.0,0.0,0.0,0.0,0.0,0.060981655924640554,0.0,0.0,0.0,0.0,0.0,0.0,0.0,0.0,0.0,0.0,0.0,0.0,0.0,0.0,0.0,0.0,0.012890431333663858,0.0,0.002478929102627665,0.0,0.0004957858205255329,0.0,0.0,0.0,0.0,0.026276648487853244,0.0,0.0,0.0,0.0,0.0,0.0,0.0,0.0,0.0,0.0,0.0,0.0,0.0004957858205255329,0.0,0.0,0.00842835894893406
crc_chen-cancer15Xiang,0.0035211267605633804,0.008215962441314555,0.0,0.0,0.004694835680751174,0.030516431924882632,0.002347417840375587,0.0011737089201877935,0.0035211267605633804,0.0,0.002347417840375587,0.0,0.0,0.0,0.0,0.0,0.0,0.009389671361502348,0.0,0.0,0.0,0.0,0.007042253521126761,0.004694835680751174,0.002347417840375587,0.0,0.0,0.0,0.0,0.00704225352112676,0.0,0.002347417840375587,0.08098591549295775,0.0035211267605633804,0.0,0.0011737089201877935,0.0,0.0,0.0,0.0,0.04225352112676056,0.1443661971830986,0.02112676056338028,0.0,0.0,0.022300469483568074,0.0,0.0,0.002347417840375587,0.1772300469483568,0.004694835680751174,0.0,0.0,0.0011737089201877935,0.05751173708920188,0.0,0.0,0.0,0.0,0.0,0.0011737089201877935,0.0,0.0,0.07629107981220656,0.0,0.012910798122065728
crc_chen-healthy26Xiang,0.0,0.0,0.0,0.0,0.03642987249544627,0.01639344262295082,0.0009107468123861566,0.0,0.0,0.0018214936247723133,0.0,0.0,0.0,0.0,0.0,0.0,0.0,0.00273224043715847,0.0009107468123861566,0.039162112932604735,0.0,0.0,0.03642987249544627,0.0,0.00546448087431694,0.0,0.0,0.0,0.0009107468123861566,0.04098360655737705,0.17213114754098363,0.004553734061930784,0.05646630236794171,0.01366120218579235,0.0,0.0,0.0,0.0,0.0036429872495446266,0.0,0.01912568306010929,0.07285974499089254,0.011839708561020037,0.0,0.0,0.0,0.0,0.0,0.0,0.09380692167577415,0.0009107468123861566,0.0,0.0,0.19489981785063754,0.004553734061930784,0.0,0.0036429872495446266,0.0,0.0,0.0,0.0,0.0,0.0,0.04007285974499089,0.0,0.006375227686703096
crc_chen-healthy27Xiang,0.0,0.0,0.0,0.0,0.3164155432196669,0.011102299762093575,0.0,0.0,0.0,0.0007930214115781126,0.0023790642347343376,0.0,0.0,0.0,0.0,0.0,0.0,0.023790642347343377,0.0007930214115781126,0.0007930214115781126,0.0,0.0,0.011895321173671689,0.0,0.0055511498810467885,0.0,0.0,0.0,0.0,0.07216494845360824,0.0,0.0023790642347343376,0.08643933386201427,0.00951625693893735,0.0,0.0,0.0007930214115781126,0.0023790642347343376,0.0,0.0,0.03092783505154639,0.025376685170499604,0.0,0.0,0.0,0.0,0.0,0.0,0.0015860428231562252,0.006344171292624901,0.0,0.0,0.0,0.1768437747819191,0.011102299762093575,0.0,0.0015860428231562252,0.0,0.0007930214115781126,0.0,0.0,0.0,0.0,0.017446471054718478,0.0,0.02141157811260904
crc_chen-healthy39Xiang,0.0,0.0,0.0,0.0,0.30248091603053434,0.025763358778625955,0.0009541984732824427,0.0,0.0,0.0028625954198473282,0.0,0.0,0.0,0.0009541984732824427,0.0,0.0,0.0,0.20229007633587787,0.0,0.004770992366412214,0.0,0.0,0.0,0.0009541984732824427,0.0009541984732824427,0.0009541984732824427,0.0,0.0009541984732824427,0.0,0.15553435114503816,0.0,0.0,0.021946564885496185,0.0,0.0,0.0,0.0,0.0057251908396946565,0.0009541984732824427,0.0,0.02099236641221374,0.0715648854961832,0.0,0.0,0.0,0.0019083969465648854,0.0,0.0,0.0,0.022900763358778626,0.0,0.0,0.0,0.0,0.0,0.0,0.0,0.0,0.0,0.0,0.0,0.0,0.0,0.06202290076335878,0.0,0.012404580152671756
crc_chen-cancer1Xiang,0.0032258064516129032,0.0,0.0,0.0,0.002150537634408602,0.031182795698924733,0.0,0.0032258064516129032,0.001075268817204301,0.0,0.0,0.0,0.0,0.0,0.012903225806451613,0.0,0.0,0.041935483870967745,0.0064516129032258064,0.03978494623655914,0.0,0.0,0.008602150537634409,0.0032258064516129032,0.0,0.0,0.001075268817204301,0.0,0.002150537634408602,0.025806451612903226,0.07419354838709678,0.005376344086021506,0.02580645161290323,0.026881720430107527,0.0,0.004301075268817204,0.0,0.015053763440860216,0.0,0.0,0.023655913978494626,0.00967741935483871,0.005376344086021506,0.0,0.0,0.02258064516129032,0.0,0.0,0.010752688172043012,0.011827956989247313,0.004301075268817204,0.0,0.0,0.04838709677419355,0.07096774193548387,0.0,0.0,0.0,0.0,0.0,0.0,0.0,0.0,0.04086021505376344,0.0,0.0032258064516129032
crc_chen-healthy28Xiang,0.000671591672263264,0.0,0.0,0.0,0.03760913364674278,0.04835460040295501,0.0,0.0,0.001343183344526528,0.006715916722632639,0.0,0.0,0.0,0.0,0.0,0.0,0.0,0.030893216924110144,0.0,0.0,0.0,0.0,0.0,0.000671591672263264,0.0,0.0,0.0,0.000671591672263264,0.0020147750167897917,0.02552048354600403,0.0,0.001343183344526528,0.05708529214237744,0.019476158495634655,0.0,0.000671591672263264,0.006044325050369375,0.01208865010073875,0.000671591672263264,0.0,0.04432505036937542,0.05104096709200806,0.0,0.0,0.0,0.006715916722632639,0.0,0.0,0.0,0.0,0.001343183344526528,0.0,0.0,0.09670920080591001,0.28542646071188715,0.0020147750167897917,0.0,0.0,0.0,0.0,0.0,0.0,0.0,0.07387508394895903,0.0,0.03022162525184688
crc_chen-cancer5Xiang,0.002751031636863824,0.0068775790921595595,0.02200825309491059,0.0,0.002751031636863824,0.001375515818431912,0.001375515818431912,0.0,0.002751031636863824,0.0,0.0,0.24759284731774414,0.0,0.013755158184319119,0.001375515818431912,0.0,0.0,0.0811554332874828,0.001375515818431912,0.008253094910591471,0.001375515818431912,0.0,0.0,0.0,0.0,0.0,0.0,0.0,0.001375515818431912,0.10866574965612105,0.0,0.0,0.0068775790921595595,0.04126547455295736,0.0,0.009628610729023383,0.0,0.0,0.15268225584594222,0.0,0.001375515818431912,0.0811554332874828,0.0,0.0,0.0,0.0,0.0,0.011004126547455296,0.0,0.01788170563961486,0.01237964236588721,0.0,0.03163686382393398,0.0,0.005502063273727648,0.0,0.0,0.0,0.005502063273727648,0.0,0.037138927097661624,0.002751031636863824,0.0068775790921595595,0.0068775790921595595,0.0,0.030261348005502064
crc_chen-healthy31Xiang,0.0015910898965791568,0.0007955449482895784,0.0,0.0,0.002386634844868735,0.04375497215592681,0.0,0.0007955449482895784,0.0,0.0,0.0,0.0,0.0,0.002386634844868735,0.0,0.0,0.0,0.061256961018297536,0.0,0.00477326968973747,0.002386634844868735,0.0,0.0,0.0007955449482895784,0.0,0.0,0.0,0.002386634844868735,0.0007955449482895784,0.060461416070007955,0.0,0.005568814638027049,0.07239459029435165,0.027048528241845664,0.0,0.00477326968973747,0.0,0.0031821797931583136,0.0,0.0,0.038981702466189344,0.02466189339697693,0.0,0.0,0.0,0.013524264120922832,0.0,0.0,0.002386634844868735,0.15592680986475735,0.0,0.0,0.0,0.22593476531424025,0.012728719172633254,0.0,0.0,0.0,0.0,0.0,0.002386634844868735,0.0,0.0,0.07239459029435164,0.0,0.03818615751789976
crc_chen-healthy35Xiang,0.0,0.0,0.0,0.0,0.0018083182640144665,0.07414104882459313,0.0,0.0,0.0,0.0,0.017179023508137433,0.0,0.0,0.0,0.0,0.0,0.0,0.03616636528028933,0.0054249547920434,0.0,0.0,0.0,0.0,0.0325497287522604,0.0,0.0,0.0,0.0045207956600361665,0.0,0.019891500904159132,0.0,0.0,0.019891500904159132,0.0,0.0,0.0027124773960217,0.0,0.0,0.0027124773960217,0.0,0.059674502712477394,0.0,0.0018083182640144665,0.0,0.003616636528028933,0.0,0.0,0.0,0.0,0.030741410488245934,0.0018083182640144665,0.0,0.0,0.0,0.0018083182640144665,0.0,0.0,0.0,0.0,0.0,0.026220614828209764,0.0,0.0,0.32640144665461124,0.0,0.07323688969258589
crc_chen-cancer14Xiang,0.0,0.0,0.0,0.0,0.0749063670411985,0.010299625468164793,0.0,0.0,0.0009363295880149813,0.0,0.0,0.0,0.0,0.0,0.0046816479400749065,0.0,0.0,0.012172284644194757,0.0,0.0028089887640449437,0.0,0.0,0.6254681647940075,0.0009363295880149813,0.0009363295880149813,0.0009363295880149813,0.0,0.0,0.0,0.0749063670411985,0.0,0.0,0.020599250936329586,0.008426966292134831,0.0,0.0028089887640449437,0.0056179775280898875,0.0,0.0,0.0,0.01404494382022472,0.010299625468164793,0.0028089887640449437,0.0,0.0,0.0046816479400749065,0.0,0.0,0.0,0.015917602996254682,0.0046816479400749065,0.0,0.0,0.0018726591760299626,0.025280898876404497,0.0,0.0,0.0,0.0,0.0,0.0,0.0,0.0,0.013108614232209739,0.0,0.008426966292134831
crc_chen-cancer13Xiang,0.0,0.0,0.0,0.0,0.015523932729624839,0.01940491591203105,0.00129366106080207,0.0,0.0038809831824062097,0.00129366106080207,0.0,0.0,0.0,0.0,0.0,0.0,0.0,0.00129366106080207,0.0,0.0,0.0,0.0,0.00258732212160414,0.00258732212160414,0.0,0.0,0.0,0.0,0.00258732212160414,0.04139715394566624,0.0,0.04786545924967659,0.025873221216041395,0.014230271668822769,0.018111254851228976,0.007761966364812419,0.00129366106080207,0.0,0.0,0.00129366106080207,0.031047865459249677,0.15006468305304008,0.00905562742561449,0.0,0.0,0.018111254851228976,0.0,0.0,0.01034928848641656,0.14359637774902975,0.00258732212160414,0.0,0.00129366106080207,0.1927554980595084,0.019404915912031046,0.00129366106080207,0.0,0.0,0.0,0.0,0.0,0.0,0.0,0.12160413971539458,0.0,0.02199223803363519
crc_chen-cancer9Xiang,0.0,0.0,0.0,0.0,0.002702702702702703,0.00990990990990991,0.0,0.0,0.0,0.0,0.0,0.0,0.0,0.0,0.0,0.0,0.0,0.0,0.0,0.0,0.0,0.0,0.0018018018018018018,0.0,0.0,0.0,0.0,0.0,0.0,0.02072072072072072,0.0,0.0018018018018018018,0.017117117117117116,0.13333333333333333,0.0,0.0,0.0,0.0,0.0,0.0,0.015315315315315315,0.002702702702702703,0.0,0.0,0.0,0.0045045045045045045,0.0,0.0,0.0,0.6486486486486486,0.0,0.0,0.0,0.0009009009009009009,0.05405405405405406,0.0,0.0,0.0,0.0,0.0,0.0,0.0,0.0,0.007207207207207207,0.0,0.002702702702702703
crc_chen-cancer17Xiang,0.0015220700152207,0.0,0.0,0.0,0.00380517503805175,0.02968036529680365,0.0,0.0,0.0,0.0,0.0,0.0,0.0,0.0,0.0,0.0,0.00076103500761035,0.00228310502283105,0.0,0.0015220700152207,0.0,0.0,0.00076103500761035,0.0060882800608828,0.00076103500761035,0.00380517503805175,0.0,0.00228310502283105,0.0,0.00076103500761035,0.0,0.0,0.2374429223744292,0.0,0.0015220700152207,0.00076103500761035,0.0106544901065449,0.0,0.0,0.0624048706240487,0.12557077625570776,0.0,0.0076103500761035,0.0,0.0,0.00076103500761035,0.0,0.0,0.0,0.00532724505327245,0.0,0.0,0.00076103500761035,0.0,0.0,0.00076103500761035,0.0,0.0,0.00076103500761035,0.0,0.0,0.0,0.015220700152207,0.0730593607305936,0.00076103500761035,0.0106544901065449
crc_chen-cancer4Xiang,0.0,0.0,0.0,0.0,0.053164556962025315,0.00379746835443038,0.0012658227848101266,0.002531645569620253,0.01139240506329114,0.0037974683544303796,0.0,0.0,0.0,0.0,0.0012658227848101266,0.0,0.0,0.00379746835443038,0.0,0.0,0.0,0.0,0.024050632911392405,0.016455696202531647,0.002531645569620253,0.0,0.0,0.0,0.0,0.05443037974683544,0.039240506329113925,0.002531645569620253,0.04050632911392405,0.01139240506329114,0.0,0.0012658227848101266,0.0,0.0,0.006329113924050633,0.0012658227848101266,0.03291139240506329,0.0810126582278481,0.05822784810126582,0.0,0.0,0.015189873417721518,0.0,0.0,0.0012658227848101266,0.11898734177215191,0.008860759493670886,0.0,0.0,0.2126582278481013,0.007594936708860759,0.0,0.0,0.0,0.0,0.0,0.0,0.0012658227848101266,0.007594936708860759,0.06202531645569621,0.0012658227848101266,0.02531645569620253
crc_chen-healthy43Xiang,0.0,0.0,0.0,0.0,0.007568590350047304,0.026490066225165566,0.0,0.000946073793755913,0.0,0.005676442762535478,0.0,0.0,0.0,0.000946073793755913,0.0,0.0,0.0,0.15326395458845793,0.0,0.0,0.0,0.0,0.0,0.006622516556291391,0.05487228003784295,0.005676442762535478,0.001892147587511826,0.0,0.02270577105014191,0.13623462630085148,0.0,0.003784295175023652,0.09933774834437085,0.0,0.003784295175023652,0.0,0.01608325449385052,0.0,0.0,0.0,0.02270577105014191,0.03122043519394513,0.0,0.0,0.0,0.02554399243140965,0.0,0.0,0.000946073793755913,0.003784295175023652,0.0,0.0,0.0,0.0,0.0,0.0,0.007568590350047304,0.0,0.003784295175023652,0.0,0.0,0.0,0.011352885525070956,0.04068117313150425,0.0,0.08420056764427625
crc_chen-cancer12Xiang,0.0,0.0,0.0010570824524312897,0.0,0.004228329809725159,0.09302325581395349,0.0021141649048625794,0.0,0.007399577167019027,0.0,0.009513742071881607,0.0,0.0,0.007399577167019027,0.0,0.0,0.0,0.06659619450317125,0.0,0.0,0.0,0.0,0.0,0.1310782241014799,0.0,0.0010570824524312897,0.0010570824524312897,0.0,0.0,0.2452431289640592,0.007399577167019028,0.0021141649048625794,0.13530655391120508,0.0,0.0,0.0,0.0,0.0,0.0010570824524312897,0.0,0.06659619450317125,0.07716701902748414,0.0,0.0,0.0,0.0,0.0,0.0,0.0,0.007399577167019027,0.019027484143763214,0.015856236786469344,0.0,0.0,0.0,0.0,0.0,0.0010570824524312897,0.0,0.0,0.0,0.0,0.0,0.015856236786469344,0.0,0.0010570824524312897
