,k__Bacteria;p__Actinobacteria;c__Actinobacteria;o__Actinomycetales;f__Corynebacteriaceae;g__Corynebacterium,k__Bacteria;p__Proteobacteria;c__Gammaproteobacteria;o__Enterobacteriales;f__Enterobacteriaceae;g__Enterobacter,k__Bacteria;p__Actinobacteria;c__Actinobacteria;o__Actinomycetales;f__Actinomycetaceae;g__Mobiluncus,k__Bacteria;p__Bacteroidetes;c__Bacteroidia;o__Bacteroidales;f__Rikenellaceae;g__Alistipes,k__Bacteria;p__Firmicutes;c__Negativicutes;o__Selenomonadales;f__Acidaminococcaceae;g__Phascolarctobacterium,k__Bacteria;p__Bacteroidetes;c__Bacteroidia;o__Bacteroidales;f__Prevotellaceae;g__Alloprevotella,k__Bacteria;p__Firmicutes;c__Clostridia;o__Clostridiales;f__Lachnospiraceae;g__Anaerostipes,k__Bacteria;p__Firmicutes;c__Negativicutes;o__Selenomonadales;f__Veillonellaceae;g__Veillonella,k__Bacteria;p__Firmicutes;c__Clostridia;o__Clostridiales;f__Ruminococcaceae;g__Faecalibacterium,k__Bacteria;p__Bacteroidetes;c__Bacteroidia;o__Bacteroidales;f__Prevotellaceae;g__Prevotella,k__Bacteria;p__Firmicutes;c__Negativicutes;o__Selenomonadales;f__Veillonellaceae;g__Megamonas,k__Bacteria;p__Proteobacteria;c__Epsilonproteobacteria;o__Campylobacterales;f__Campylobacteraceae;g__Campylobacter,k__Bacteria;p__Actinobacteria;c__Actinobacteria;o__Coriobacteriales;f__Coriobacteriaceae;g__Atopobium,k__Bacteria;p__Proteobacteria;c__Deltaproteobacteria;o__Desulfovibrionales;f__Desulfovibrionaceae;g__Desulfovibrio,k__Bacteria;p__Firmicutes;c__Clostridia;o__Clostridiales;f__Ruminococcaceae;g__Sporobacter,k__Bacteria;p__Firmicutes;c__Clostridia;o__Clostridiales;f__Ruminococcaceae;g__Oscillibacter,k__Bacteria;p__Firmicutes;c__Clostridia;o__Clostridiales;f__Clostridiales_Incertae_Sedis_XI;g__Parvimonas,k__Bacteria;p__Firmicutes;c__Clostridia;o__Clostridiales;f__Lachnospiraceae;g__Pseudobutyrivibrio,k__Bacteria;p__Fusobacteria;c__Fusobacteriia;o__Fusobacteriales;f__Leptotrichiaceae;g__Streptobacillus,k__Bacteria;p__Proteobacteria;c__Betaproteobacteria;o__Burkholderiales;f__Comamonadaceae;g__Comamonas,k__Bacteria;p__Fusobacteria;c__Fusobacteriia;o__Fusobacteriales;f__Fusobacteriaceae;g__Fusobacterium,k__Bacteria;p__Proteobacteria;c__Betaproteobacteria;o__Neisseriales;f__Neisseriaceae;g__Kingella,k__Bacteria;p__Firmicutes;c__Erysipelotrichia;o__Erysipelotrichales;f__Erysipelotrichaceae;g__Turicibacter,k__Bacteria;p__Firmicutes;c__Negativicutes;o__Selenomonadales;f__Veillonellaceae;g__Dialister,k__Bacteria;p__Firmicutes;c__Clostridia;o__Clostridiales;f__Clostridiales_Incertae_Sedis_XI;g__Peptoniphilus,k__Bacteria;p__Bacteroidetes;c__Bacteroidia;o__Bacteroidales;f__Prevotellaceae;g__Hallella,k__Bacteria;p__Actinobacteria;c__Actinobacteria;o__Actinomycetales;f__Dietziaceae;g__Dietzia,k__Bacteria;p__Fusobacteria;c__Fusobacteriia;o__Fusobacteriales;f__Fusobacteriaceae;g__Clostridium_XIX,k__Bacteria;p__Bacteroidetes;c__Bacteroidia;o__Bacteroidales;f__Porphyromonadaceae;g__Barnesiella,k__Bacteria;p__Firmicutes;c__Clostridia;o__Clostridiales;f__Lachnospiraceae;g__Oribacterium,k__Bacteria;p__Proteobacteria;c__Gammaproteobacteria;o__Pseudomonadales;f__Moraxellaceae;g__Acinetobacter,k__Bacteria;p__Firmicutes;c__Clostridia;o__Clostridiales;f__Lachnospiraceae;g__Roseburia,k__Bacteria;p__Firmicutes;c__Erysipelotrichia;o__Erysipelotrichales;f__Erysipelotrichaceae;g__Solobacterium,k__Bacteria;p__Firmicutes;c__Clostridia;o__Clostridiales;f__Peptostreptococcaceae;g__Peptostreptococcus,k__Bacteria;p__Firmicutes;c__Clostridia;o__Clostridiales;f__Lachnospiraceae;g__Coprococcus,k__Bacteria;p__Firmicutes;c__Clostridia;o__Clostridiales;f__Peptococcaceae_1;g__Peptococcus,k__Bacteria;p__Firmicutes;c__Negativicutes;o__Selenomonadales;f__Veillonellaceae;g__Mitsuokella,k__Bacteria;p__Verrucomicrobia;c__Verrucomicrobiae;o__Verrucomicrobiales;f__Verrucomicrobiaceae;g__Akkermansia,k__Bacteria;p__Firmicutes;c__Bacilli;o__Lactobacillales;f__Streptococcaceae;g__Streptococcus,k__Bacteria;p__Firmicutes;c__Clostridia;o__Clostridiales;f__Lachnospiraceae;g__Dorea,k__Bacteria;p__Firmicutes;c__Clostridia;o__Clostridiales;f__Clostridiaceae_1;g__Clostridium_sensu_stricto,k__Bacteria;p__Firmicutes;c__Clostridia;o__Clostridiales;f__Lachnospiraceae;g__Howardella,k__Bacteria;p__Firmicutes;c__Negativicutes;o__Selenomonadales;f__Veillonellaceae;g__Megasphaera,k__Bacteria;p__Proteobacteria;c__Gammaproteobacteria;o__Aeromonadales;f__Succinivibrionaceae;g__Succinivibrio,k__Bacteria;p__Actinobacteria;c__Actinobacteria;o__Actinomycetales;f__Actinomycetaceae;g__Varibaculum,k__Bacteria;p__Actinobacteria;c__Actinobacteria;o__Coriobacteriales;f__Coriobacteriaceae;g__Enterorhabdus,k__Archaea;p__Euryarchaeota;c__Methanobacteria;o__Methanobacteriales;f__Methanobacteriaceae;g__Methanobrevibacter,k__Bacteria;p__Firmicutes;c__Clostridia;o__Clostridiales;f__Ruminococcaceae;g__Gemmiger,k__Bacteria;p__Firmicutes;c__Clostridia;o__Clostridiales;f__Lachnospiraceae;g__Blautia,k__Bacteria;p__Firmicutes;c__Erysipelotrichia;o__Erysipelotrichales;f__Erysipelotrichaceae;g__Clostridium_XVIII,k__Bacteria;p__Firmicutes;c__Clostridia;o__Clostridiales;f__Lachnospiraceae;g__Hespellia,k__Bacteria;p__Firmicutes;c__Bacilli;o__Lactobacillales;f__Streptococcaceae;g__Lactococcus,k__Bacteria;p__Proteobacteria;c__Betaproteobacteria;o__Burkholderiales;f__Oxalobacteraceae;g__Oxalobacter,k__Bacteria;p__Fusobacteria;c__Fusobacteriia;o__Fusobacteriales;f__Leptotrichiaceae;g__Sneathia,k__Bacteria;p__Fusobacteria;c__Fusobacteriia;o__Fusobacteriales;f__Fusobacteriaceae;g__Cetobacterium,k__Bacteria;p__Firmicutes;c__Clostridia;o__Clostridiales;f__Clostridiales_Incertae_Sedis_XI;g__Finegoldia,k__Bacteria;p__Firmicutes;c__Clostridia;o__Clostridiales;f__Clostridiaceae_1;g__Anaerosporobacter,k__Bacteria;p__Firmicutes;c__Clostridia;o__Clostridiales;f__Ruminococcaceae;g__Subdoligranulum,k__Bacteria;p__Firmicutes;c__Negativicutes;o__Selenomonadales;f__Acidaminococcaceae;g__Acidaminococcus,k__Bacteria;p__Actinobacteria;c__Actinobacteria;o__Actinomycetales;f__Actinomycetaceae;g__Actinomyces,k__Bacteria;p__Firmicutes;c__Erysipelotrichia;o__Erysipelotrichales;f__Erysipelotrichaceae;g__Catenibacterium,k__Bacteria;p__Actinobacteria;c__Actinobacteria;o__Coriobacteriales;f__Coriobacteriaceae;g__Collinsella,k__Bacteria;p__Firmicutes;c__Clostridia;o__Clostridiales;f__Ruminococcaceae;g__Flavonifractor,k__Bacteria;p__Proteobacteria;c__Deltaproteobacteria;o__Desulfovibrionales;f__Desulfovibrionaceae;g__Bilophila,k__Bacteria;p__Actinobacteria;c__Actinobacteria;o__Bifidobacteriales;f__Bifidobacteriaceae;g__Bifidobacterium,k__Bacteria;p__Proteobacteria;c__Gammaproteobacteria;o__Pasteurellales;f__Pasteurellaceae;g__Haemophilus,k__Bacteria;p__Firmicutes;c__Bacilli;o__Bacillales;f__Staphylococcaceae;g__Staphylococcus,k__Bacteria;p__Firmicutes;c__Clostridia;o__Clostridiales;f__Ruminococcaceae;g__Pseudoflavonifractor,k__Bacteria;p__Firmicutes;c__Clostridia;o__Clostridiales;f__Lachnospiraceae;g__Ruminococcus2,k__Bacteria;p__Firmicutes;c__Clostridia;o__Clostridiales;f__Eubacteriaceae;g__Eubacterium,k__Bacteria;p__Firmicutes;c__Clostridia;o__Clostridiales;f__Lachnospiraceae;g__Moryella,k__Bacteria;p__Firmicutes;c__Erysipelotrichia;o__Erysipelotrichales;f__Erysipelotrichaceae;g__Coprobacillus,k__Bacteria;p__Firmicutes;c__Clostridia;o__Clostridiales;f__Peptostreptococcaceae;g__Filifactor,k__Bacteria;p__Firmicutes;c__Clostridia;o__Clostridiales;f__Ruminococcaceae;g__Clostridium_IV,k__Bacteria;p__Bacteroidetes;c__Bacteroidia;o__Bacteroidales;f__Porphyromonadaceae;g__Porphyromonas,k__Bacteria;p__Proteobacteria;c__Gammaproteobacteria;o__Pseudomonadales;f__Pseudomonadaceae;g__Pseudomonas,k__Bacteria;p__Firmicutes;c__Clostridia;o__Clostridiales;f__Lachnospiraceae;g__Lachnospiracea_incertae_sedis,k__Bacteria;p__Firmicutes;c__Negativicutes;o__Selenomonadales;f__Veillonellaceae;g__Allisonella,k__Bacteria;p__Bacteroidetes;c__Bacteroidia;o__Bacteroidales;f__Prevotellaceae;g__Paraprevotella,k__Bacteria;p__Firmicutes;c__Clostridia;o__Clostridiales;f__Clostridiales_Incertae_Sedis_XIII;g__Mogibacterium,k__Bacteria;p__Elusimicrobia;c__Elusimicrobia;o__Elusimicrobiales;f__Elusimicrobiaceae;g__Elusimicrobium,k__Bacteria;p__Lentisphaerae;c__Lentisphaeria;o__Victivallales;f__Victivallaceae;g__Victivallis,k__Bacteria;p__Bacteroidetes;c__Bacteroidia;o__Bacteroidales;f__Porphyromonadaceae;g__Parabacteroides,k__Bacteria;p__Firmicutes;c__Clostridia;o__Clostridiales;f__Ruminococcaceae;g__Acetanaerobacterium,k__Bacteria;p__Bacteroidetes;c__Bacteroidia;o__Bacteroidales;f__Bacteroidaceae;g__Bacteroides,k__Bacteria;p__Proteobacteria;c__Betaproteobacteria;o__Burkholderiales;f__Sutterellaceae;g__Parasutterella,k__Bacteria;p__Proteobacteria;c__Betaproteobacteria;o__Burkholderiales;f__Sutterellaceae;g__Sutterella,k__Bacteria;p__Tenericutes;c__Mollicutes;o__Mycoplasmatales;f__Mycoplasmataceae;g__Mycoplasma,k__Bacteria;p__Firmicutes;c__Bacilli;o__Lactobacillales;f__Lactobacillaceae;g__Lactobacillus,k__Bacteria;p__Proteobacteria;c__Gammaproteobacteria;o__Enterobacteriales;f__Enterobacteriaceae;g__Escherichia/Shigella,k__Bacteria;p__Firmicutes;c__Erysipelotrichia;o__Erysipelotrichales;f__Erysipelotrichaceae;g__Holdemania,k__Bacteria;p__Firmicutes;c__Bacilli;o__Lactobacillales;f__Leuconostocaceae;g__Weissella,k__Bacteria;p__Firmicutes;c__Clostridia;o__Clostridiales;f__Lachnospiraceae;g__Clostridium_XlVb,k__Bacteria;p__Bacteroidetes;c__Bacteroidia;o__Bacteroidales;f__Porphyromonadaceae;g__Odoribacter,k__Bacteria;p__Firmicutes;c__Clostridia;o__Clostridiales;f__Lachnospiraceae;g__Clostridium_XlVa,k__Bacteria;p__Firmicutes;c__Erysipelotrichia;o__Erysipelotrichales;f__Erysipelotrichaceae;g__Erysipelotrichaceae_incertae_sedis,k__Bacteria;p__Firmicutes;c__Bacilli;o__Lactobacillales;f__Carnobacteriaceae;g__Granulicatella,k__Bacteria;p__Firmicutes;c__Clostridia;o__Clostridiales;f__Peptostreptococcaceae;g__Clostridium_XI,k__Bacteria;p__Proteobacteria;c__Gammaproteobacteria;o__Enterobacteriales;f__Enterobacteriaceae;g__Citrobacter,k__Bacteria;p__Proteobacteria;c__Epsilonproteobacteria;o__Campylobacterales;f__Helicobacteraceae;g__Helicobacter,k__Bacteria;p__Firmicutes;c__Clostridia;o__Clostridiales;f__Clostridiales_Incertae_Sedis_XI;g__Anaerococcus,k__Bacteria;p__Firmicutes;c__Clostridia;o__Clostridiales;f__Ruminococcaceae;g__Ruminococcus,k__Bacteria;p__Firmicutes;c__Clostridia;o__Clostridiales;f__Lachnospiraceae;g__Robinsoniella,k__Bacteria;p__Bacteroidetes;c__Bacteroidia;o__Bacteroidales;f__Porphyromonadaceae;g__Butyricimonas
hiv_lozupone-St.acute.LHM002.1.U,0.0,0.0,0.0,0.001072961373390558,0.022263948497854076,0.0,0.001609442060085837,0.0002682403433476395,0.0013412017167381974,0.35032188841201717,0.0,0.0,0.0,0.0,0.0,0.001609442060085837,0.0,0.0,0.0,0.0,0.004023605150214592,0.0,0.0,0.006974248927038627,0.0024141630901287556,0.0,0.0002682403433476395,0.0,0.0,0.0,0.0,0.04265021459227467,0.0,0.0002682403433476395,0.002950643776824034,0.0,0.0,0.21834763948497854,0.0002682403433476395,0.008583690987124463,0.0,0.0002682403433476395,0.008851931330472103,0.0,0.0,0.0,0.0,0.009120171673819743,0.019045064377682403,0.0,0.000536480686695279,0.0,0.0,0.010997854077253219,0.0,0.0029506437768240345,0.0,0.0002682403433476395,0.022800429184549355,0.0,0.0013412017167381974,0.0,0.000536480686695279,0.008315450643776824,0.0,0.0002682403433476395,0.0,0.0,0.014753218884120171,0.0,0.0,0.001072961373390558,0.0,0.0,0.0002682403433476395,0.0,0.006974248927038626,0.001072961373390558,0.004828326180257511,0.0,0.0,0.0,0.014484978540772533,0.0,0.13090128755364805,0.0,0.005633047210300429,0.0,0.0,0.0,0.0,0.0,0.001609442060085837,0.0013412017167381974,0.01126609442060086,0.011266094420600859,0.0,0.008583690987124463,0.0,0.0,0.0024141630901287556,0.0,0.0,0.0
hiv_lozupone-St.acute.LHM026.1.U,0.0,0.0,0.0,0.027873234058801072,0.0,0.0,0.01145475372279496,0.00038182512409316535,0.0019091256204658267,0.05269186712485681,0.0,0.002290950744558992,0.0,0.0038182512409316535,0.003436426116838488,0.042000763650248185,0.0015273004963726614,0.0,0.006491027109583811,0.0,0.00572737686139748,0.0,0.0,0.0061092019854906456,0.009545628102329133,0.0,0.0007636502481863307,0.0,0.0,0.0,0.0,0.008400152730049636,0.0,0.004581901489117984,0.013745704467353952,0.0,0.0,0.0,0.040855288277968686,0.00572737686139748,0.0015273004963726614,0.0,0.00038182512409316535,0.0,0.023291332569683083,0.0007636502481863307,0.0007636502481863307,0.006872852233676976,0.02367315769377625,0.0,0.00038182512409316535,0.0,0.0,0.0,0.0,0.013745704467353952,0.0,0.012600229095074456,0.0,0.001145475372279496,0.009163802978235968,0.0,0.0015273004963726614,0.0,0.0007636502481863307,0.00038182512409316535,0.00038182512409316535,0.0,0.046964490263459335,0.0,0.0,0.0,0.0,0.011454753722794959,0.004200076365024818,0.0,0.09278350515463919,0.0,0.016800305460099273,0.0,0.0,0.00038182512409316535,0.037418862161130204,0.0,0.21420389461626577,0.0,0.01145475372279496,0.0,0.0,0.08094692630775105,0.0,0.0019091256204658267,0.0,0.0015273004963726614,0.010691103474608629,0.029018709431080564,0.0,0.0026727758686521576,0.0,0.0,0.024436807941962582,0.0019091256204658267,0.0,0.002672775868652157
hiv_lozupone-St.acute.LHM032.1.U,0.0,0.0,0.0,0.0006752194463200541,0.0,0.13605671843349088,0.001688048615800135,0.00033760972316002703,0.0,0.6424713031735314,0.0,0.0,0.0,0.0013504388926401081,0.002025658338960162,0.002025658338960162,0.0,0.0006752194463200541,0.00033760972316002703,0.0,0.001012829169480081,0.0,0.0,0.0016880486158001352,0.0,0.01350438892640108,0.0,0.0,0.0,0.0,0.0,0.026671168129642136,0.0,0.0,0.0006752194463200541,0.0013504388926401081,0.0,0.0,0.0013504388926401081,0.01012829169480081,0.0006752194463200541,0.0,0.0,0.00033760972316002703,0.0,0.00033760972316002703,0.0,0.0,0.02734638757596219,0.002363268062120189,0.0,0.00033760972316002703,0.0,0.0013504388926401081,0.0,0.0,0.0,0.0,0.0,0.0,0.022957461174881837,0.00033760972316002703,0.0,0.0,0.001688048615800135,0.0,0.0,0.0,0.014179608372721135,0.0,0.0,0.0,0.0,0.0,0.0,0.0,0.004388926401080351,0.0027008777852802163,0.001012829169480081,0.0030384875084402433,0.004051316677920324,0.00033760972316002703,0.00033760972316002703,0.0,0.001012829169480081,0.0,0.002363268062120189,0.0,0.00033760972316002703,0.0,0.0,0.0,0.0006752194463200541,0.0,0.002363268062120189,0.01451721809588116,0.0,0.0,0.0,0.0,0.0,0.001688048615800135,0.0,0.0
hiv_lozupone-St.chronic.LHM004.1.U,0.0,0.0,0.0,0.0,0.0,0.017824216349108787,0.00030731407498463427,0.00030731407498463427,0.0018438844499078055,0.4791026429010449,0.0,0.0,0.0,0.0,0.0,0.0027658266748617085,0.0,0.00030731407498463427,0.0,0.0,0.00030731407498463427,0.0,0.0,0.019975414874001226,0.0,0.0027658266748617085,0.0,0.0,0.0015365703749231714,0.0015365703749231714,0.0,0.028887523048555623,0.0,0.0,0.003073140749846343,0.003380454824830977,0.0,0.0,0.003380454824830977,0.016287645974185617,0.02366318377381684,0.0,0.11063306699446834,0.0009219422249539029,0.0,0.0,0.0,0.006146281499692686,0.02888752304855562,0.0,0.0,0.0,0.0,0.0,0.0,0.00030731407498463427,0.0,0.0,0.00030731407498463427,0.0,0.09342347879532883,0.0,0.0,0.0,0.02673632452366318,0.0006146281499692685,0.0,0.0,0.007068223724646589,0.0,0.0,0.0,0.0,0.0,0.0,0.0,0.00030731407498463427,0.00430239704978488,0.0021511985248924403,0.0036877688998156115,0.0,0.0,0.0,0.0,0.0,0.0,0.0006146281499692685,0.0,0.027043638598647814,0.0,0.0,0.012599877074370006,0.0,0.0,0.003687768899815611,0.020590043023970498,0.0,0.0,0.0,0.0,0.0,0.0,0.0,0.0
hiv_lozupone-St.chronic.LHM011.1,0.0,0.0,0.0,0.0,0.0,0.025397711415015352,0.003070053028188669,0.0,0.004465531677365337,0.6087077867708625,0.0,0.00027909572983533354,0.0,0.0,0.0008372871895060006,0.008931063354730673,0.0,0.0,0.0,0.03795701925760536,0.0022327658386826683,0.0,0.0,0.021490371197320682,0.0,0.012280212112754674,0.0,0.0,0.0,0.0016745743790120013,0.0,0.017024839519955343,0.00027909572983533354,0.0,0.005023723137036003,0.0005581914596706671,0.0,0.0,0.0019536701088473346,0.011722020653084007,0.00027909572983533354,0.0,0.01814122243929668,0.0,0.00027909572983533354,0.0,0.0,0.005861010326542003,0.021211275467485347,0.0,0.0,0.0,0.0,0.0,0.0,0.0,0.0,0.0,0.0016745743790120011,0.0,0.044934412503488695,0.0,0.00027909572983533354,0.0,0.0011163829193413341,0.0,0.0,0.0,0.009768350544236673,0.0,0.0,0.0,0.0,0.00027909572983533354,0.0,0.0027909572983533353,0.0013954786491766676,0.0030700530281886685,0.0,0.0013954786491766676,0.0,0.0,0.005861010326542004,0.0,0.0,0.0,0.02288584984649735,0.0,0.0,0.0,0.0,0.0,0.0,0.0,0.0075355847055540055,0.00474462740720067,0.0,0.00027909572983533354,0.0008372871895060006,0.0,0.0,0.013396595032096009,0.0,0.0
hiv_lozupone-St.chronic.LHM021.1.T,0.0,0.0,0.0,0.0,0.0,0.013738019169329074,0.004153354632587859,0.0006389776357827476,0.0025559105431309905,0.5792332268370607,0.0,0.0,0.0,0.0019169329073482429,0.0009584664536741214,0.00255591054313099,0.0,0.0019169329073482429,0.0,0.0,0.0009584664536741214,0.0,0.0,0.0134185303514377,0.0,0.003514376996805112,0.0,0.0,0.0006389776357827476,0.0003194888178913738,0.0,0.04600638977635782,0.0,0.0,0.0060702875399361025,0.0,0.0,0.0,0.001597444089456869,0.02523961661341853,0.0,0.0006389776357827476,0.030031948881789138,0.0009584664536741214,0.0,0.0,0.0,0.004792332268370607,0.017252396166134186,0.0,0.0003194888178913738,0.0,0.0,0.0,0.0,0.0,0.0,0.0,0.0,0.0,0.038338658146964855,0.0,0.0003194888178913738,0.0009584664536741214,0.02492012779552716,0.0019169329073482426,0.0,0.0,0.010543130990415336,0.0,0.0,0.0,0.0,0.0,0.0,0.0,0.0134185303514377,0.0009584664536741214,0.0,0.0019169329073482429,0.0006389776357827476,0.0,0.0006389776357827476,0.0,0.0006389776357827476,0.0,0.004792332268370607,0.0,0.0,0.0,0.0,0.0,0.0003194888178913738,0.0,0.03450479233226837,0.005111821086261981,0.0,0.0025559105431309905,0.0,0.0,0.0,0.0060702875399361025,0.0,0.0
hiv_lozupone-St.chronic.LHM025.1.U,0.0,0.058823529411764705,0.0,0.001849796522382538,0.0,0.020347761746207917,0.0029596744358120607,0.0003699593044765076,0.0011098779134295228,0.17758046614872364,0.0,0.0,0.0,0.0011098779134295228,0.0029596744358120607,0.007029226785053645,0.0,0.0,0.0,0.0,0.006659267480577137,0.0,0.0,0.06511283758786535,0.0,0.008139104698483167,0.0,0.0,0.024047354790972992,0.0007399186089530152,0.0,0.023677395486496486,0.0,0.0003699593044765076,0.005179430262671107,0.0022197558268590455,0.0,0.0,0.0,0.024047354790972995,0.0,0.0,0.1709211986681465,0.004069552349241583,0.0,0.0,0.0,0.007029226785053644,0.01701812800591935,0.0,0.0,0.0,0.0,0.0014798372179060304,0.0,0.0,0.0,0.0007399186089530152,0.012948575656677765,0.0003699593044765076,0.07029226785053644,0.0,0.0,0.0011098779134295228,0.001849796522382538,0.0003699593044765076,0.0003699593044765076,0.0,0.008139104698483167,0.0,0.0,0.0,0.0,0.004069552349241583,0.0003699593044765076,0.0,0.00776914539400666,0.0003699593044765076,0.0,0.0022197558268590455,0.0,0.0,0.005179430262671106,0.0,0.01553829078801332,0.0,0.001849796522382538,0.0,0.0,0.024787273399926008,0.0,0.0,0.0,0.0,0.011838697743248243,0.014428412874583796,0.0,0.006659267480577136,0.0003699593044765076,0.0,0.0,0.02885682574916759,0.0003699593044765076,0.0
hiv_lozupone-St.chronic.LHM028.1.U,0.0002041649652919559,0.0,0.0,0.0,0.0,0.03674969375255206,0.0004083299305839118,0.0,0.0016333197223356473,0.6488362596978359,0.0,0.0008166598611678236,0.0,0.0004083299305839118,0.0012249897917517355,0.005920783993466721,0.0008166598611678236,0.0,0.0008166598611678236,0.0,0.0016333197223356473,0.0,0.0008166598611678236,0.02674561045324623,0.0010208248264597796,0.005920783993466721,0.0,0.0,0.0002041649652919559,0.0008166598611678236,0.0,0.027358105349122093,0.0,0.0,0.008983258472846062,0.0,0.0,0.0,0.0002041649652919559,0.0036749693752552064,0.0,0.0,0.044303797468354424,0.0036749693752552064,0.0,0.0002041649652919559,0.0,0.0014291547570436914,0.009187423438138016,0.0,0.0,0.0,0.0,0.0004083299305839118,0.0,0.0002041649652919559,0.0,0.0,0.0034708044099632505,0.0,0.05594120048999592,0.0,0.0,0.0,0.011637403021641485,0.0,0.0,0.0,0.0038791343405471623,0.0,0.0002041649652919559,0.0,0.0,0.0004083299305839118,0.0004083299305839118,0.0,0.0018374846876276032,0.0002041649652919559,0.0008166598611678236,0.0008166598611678236,0.005104124132298897,0.0,0.0,0.0,0.0006124948958758677,0.0,0.0006124948958758677,0.0,0.0,0.002654144548795427,0.0,0.0,0.0002041649652919559,0.0,0.004287464271131074,0.002654144548795427,0.0,0.0004083299305839118,0.0,0.0,0.0,0.0010208248264597796,0.0,0.0
hiv_lozupone-St.chronic.LHM030.1.U,0.0,0.0,0.0,0.0016901408450704226,0.0,0.1095774647887324,0.0005633802816901409,0.0005633802816901409,0.0005633802816901409,0.283943661971831,0.0,0.012676056338028171,0.0,0.003943661971830986,0.006478873239436619,0.019154929577464785,0.005915492957746479,0.0,0.015774647887323943,0.0,0.12760563380281692,0.0,0.0,0.01746478873239437,0.003098591549295775,0.0011267605633802818,0.00028169014084507044,0.0,0.009295774647887323,0.0,0.0,0.02704225352112676,0.0,0.0019718309859154933,0.0033802816901408453,0.0008450704225352113,0.0,0.0,0.011267605633802816,0.007323943661971831,0.00028169014084507044,0.0,0.005633802816901409,0.02112676056338028,0.0,0.00028169014084507044,0.00028169014084507044,0.0014084507042253522,0.006197183098591548,0.0,0.0,0.0,0.0005633802816901409,0.0,0.0,0.009577464788732394,0.0,0.002816901408450704,0.0,0.0,0.014084507042253521,0.0,0.0,0.0008450704225352113,0.0022535211267605635,0.005352112676056338,0.0,0.0,0.0050704225352112674,0.0,0.0,0.0,0.0,0.0,0.017183098591549296,0.0,0.0014084507042253522,0.0008450704225352113,0.0014084507042253522,0.0033802816901408453,0.0,0.0,0.005915492957746479,0.0,0.031549295774647886,0.0,0.00028169014084507044,0.0,0.0,0.0033802816901408453,0.0,0.0,0.0008450704225352113,0.0008450704225352113,0.010985915492957746,0.003943661971830986,0.0036619718309859155,0.0005633802816901409,0.0,0.0,0.0050704225352112674,0.00028169014084507044,0.00028169014084507044,0.00028169014084507044
hiv_lozupone-St.chronic.LHM031.1.U,0.003423354887790034,0.0,0.0005705591479650057,0.0,0.0,0.024343856979840244,0.012171928489920122,0.0003803727653100038,0.00304298212248003,0.3691517687333587,0.0,0.01198174210726512,0.0,0.003233168505135032,0.00703689615823507,0.018828451882845192,0.0072270825408900724,0.0,0.0,0.0,0.03195131228604032,0.0,0.0001901863826550019,0.03271205781666032,0.010840623811335109,0.005895777862305059,0.0,0.0,0.006276150627615063,0.0009509319132750095,0.0,0.027386839102320277,0.0,0.00304298212248003,0.008368200836820083,0.0009509319132750096,0.0,0.0,0.008368200836820083,0.008748573602130088,0.0011411182959300114,0.0001901863826550019,0.001711677443895017,0.0,0.0030429821224800305,0.0003803727653100038,0.0001901863826550019,0.0036135412704450362,0.023583111449220238,0.0,0.0009509319132750095,0.0,0.0,0.0,0.0,0.015214910612400151,0.0,0.001711677443895017,0.0,0.011220996576645112,0.06352225180677064,0.0,0.0,0.0,0.0,0.013122860403195132,0.0,0.0,0.009699505515405098,0.0,0.0,0.0,0.0,0.0003803727653100038,0.0009509319132750096,0.0,0.0007607455306200076,0.0003803727653100038,0.0020920502092050207,0.00399391403575504,0.0,0.0,0.0001901863826550019,0.0,0.04127044503613542,0.0003803727653100038,0.0011411182959300114,0.00399391403575504,0.0,0.0,0.0,0.0,0.0,0.0,0.005135032331685051,0.015405096995055153,0.013883605933815138,0.014834537847090148,0.0,0.0,0.005895777862305059,0.009699505515405098,0.0,0.0001901863826550019
hiv_lozupone-St.chronic.LHM034.1.U,0.0,0.0,0.0,0.014294592914853946,0.0,0.015537600994406464,0.004972032318210068,0.0,0.0009322560596643878,0.41547545059042884,0.0,0.0,0.0,0.003418272218769422,0.007768800497203233,0.04257302672467372,0.0,0.0,0.0,0.0,0.0009322560596643878,0.0,0.00031075201988812925,0.0,0.0,0.005593536357986327,0.0,0.0,0.0,0.0,0.0,0.04661280298321939,0.0,0.0,0.018334369173399624,0.002175264139216905,0.0,0.0,0.0074580484773151025,0.014294592914853946,0.0,0.001243008079552517,0.0,0.0,0.0,0.0009322560596643878,0.0,0.010254816656308266,0.07395898073337477,0.0,0.0009322560596643878,0.0,0.006836544437538844,0.0,0.0,0.0,0.0,0.0,0.007147296457426973,0.0,0.020509633312616533,0.0,0.0,0.0006215040397762585,0.0006215040397762585,0.0,0.0,0.0,0.015226848974518335,0.0,0.0,0.0,0.0,0.002486016159105034,0.0,0.0,0.018023617153511497,0.0,0.005904288377874456,0.0018645121193287756,0.0,0.0,0.019577377252952145,0.00031075201988812925,0.024238657551274086,0.004972032318210068,0.0074580484773151025,0.0,0.0,0.004039776258545681,0.0,0.0,0.0006215040397762585,0.0,0.01740211311373524,0.01646985705407085,0.00031075201988812925,0.0062150403977625866,0.0,0.0,0.0,0.015537600994406464,0.0006215040397762585,0.0006215040397762585
hiv_lozupone-St.chronic.LHM035.1.U,0.0,0.0,0.0,0.0009143553794574824,0.0,0.022554099359951233,0.003352636391344102,0.00030478512648582747,0.0027430661383724478,0.2212740018287108,0.0,0.0,0.0,0.0012191405059433099,0.012800975312404756,0.03535507467235599,0.0,0.00030478512648582747,0.0,0.0,0.00030478512648582747,0.0,0.0006095702529716549,0.024992380371837854,0.0,0.0,0.0,0.0,0.0,0.0009143553794574825,0.0,0.01828710758914965,0.0,0.0,0.007924413288631514,0.0012191405059433099,0.0,0.0,0.0009143553794574824,0.003047851264858275,0.0,0.0012191405059433099,0.05973788479122219,0.14568729046022555,0.00030478512648582747,0.0,0.0006095702529716549,0.006400487656202377,0.017067967083206338,0.0,0.0006095702529716549,0.0,0.0,0.0,0.0,0.00030478512648582747,0.0,0.0006095702529716549,0.00030478512648582747,0.0,0.03169765315452606,0.0,0.0,0.00030478512648582747,0.003047851264858275,0.0,0.0,0.0,0.0027430661383724478,0.0,0.0,0.0,0.0,0.00030478512648582747,0.0,0.0,0.014629686071319719,0.0,0.008229198415117343,0.004571776897287412,0.001828710758914965,0.006705272782688205,0.001828710758914965,0.0,0.004571776897287412,0.0,0.00030478512648582747,0.0,0.0,0.04236513258153002,0.0,0.0,0.0006095702529716549,0.0,0.009448338921060652,0.006400487656202378,0.0,0.0006095702529716549,0.0,0.0,0.00030478512648582747,0.005486132276744895,0.0,0.00030478512648582747
hiv_lozupone-St.chronic.LHM036.1.T,0.0,0.0,0.0,0.010375771172181716,0.0,0.07655636567582724,0.0014021312394840158,0.0,0.0011217049915872126,0.4971957375210319,0.0,0.0,0.0,0.0005608524957936063,0.0,0.0033651149747616375,0.0,0.0011217049915872126,0.0,0.0,0.00532809871003926,0.0,0.0,0.0036455412226584407,0.00028042624789680314,0.0,0.0,0.0,0.0,0.0005608524957936063,0.0,0.014582164890633765,0.0,0.0,0.0014021312394840158,0.0,0.0,0.0,0.00028042624789680314,0.005608524957936062,0.0,0.0005608524957936063,0.007571508693213685,0.13825014021312396,0.0,0.0008412787436904094,0.0,0.0005608524957936063,0.013180033651149744,0.0,0.0008412787436904094,0.0,0.0,0.0,0.0,0.0,0.0,0.0,0.0008412787436904094,0.0,0.03813796971396523,0.0,0.00028042624789680314,0.0014021312394840156,0.0,0.0,0.0,0.0,0.0016825574873808188,0.0,0.0,0.0,0.0,0.00028042624789680314,0.0,0.0,0.016545148625911384,0.0,0.04122265844083006,0.0,0.002243409983174425,0.0,0.006449803701626473,0.00028042624789680314,0.02131239484015704,0.0,0.00448681996634885,0.0,0.0,0.0,0.00028042624789680314,0.0,0.00028042624789680314,0.00028042624789680314,0.012338754907459339,0.0025238362310712283,0.0,0.0,0.0,0.0,0.0,0.004206393718452047,0.0,0.003925967470555244
hiv_lozupone-St.chronic.LHM037.1.U,0.0,0.0,0.0,0.07783882783882784,0.01221001221001221,0.0,0.036935286935286936,0.00030525030525030525,0.0027472527472527475,0.0006105006105006105,0.0,0.0,0.0,0.0,0.0,0.003663003663003663,0.0,0.0,0.0,0.0,0.0,0.0,0.0,0.0,0.0,0.0,0.0,0.0,0.0,0.00030525030525030525,0.0,0.04304029304029303,0.0,0.0,0.003357753357753358,0.0,0.0,0.0,0.0018315018315018315,0.005189255189255189,0.001221001221001221,0.0,0.0,0.0,0.0,0.0,0.0,0.020451770451770452,0.04212454212454212,0.0,0.00030525030525030525,0.0,0.0,0.0,0.0,0.0,0.0,0.00030525030525030525,0.0,0.0,0.0115995115995116,0.0,0.0,0.00641025641025641,0.0030525030525030525,0.003968253968253968,0.0,0.0,0.006715506715506716,0.0006105006105006105,0.0,0.0,0.0,0.00030525030525030525,0.0,0.0,0.002442002442002442,0.0,0.08485958485958486,0.0,0.0,0.0,0.019230769230769232,0.0,0.48137973137973133,0.0,0.041819291819291816,0.0,0.0018315018315018315,0.00030525030525030525,0.0,0.01984126984126984,0.0006105006105006105,0.0018315018315018315,0.011294261294261294,0.0,0.0,0.003968253968253968,0.0,0.0,0.0,0.011294261294261296,0.0,0.0
hiv_lozupone-St.chronic.LHM042.1.T,0.0,0.0,0.0,0.006714413607878247,0.0,0.05416293643688451,0.006714413607878246,0.0,0.0006714413607878246,0.2448522829006267,0.0,0.0,0.0,0.00022381378692927484,0.002909579230080573,0.023276633840644587,0.0,0.00022381378692927484,0.0,0.0,0.0,0.0,0.0004476275738585497,0.03581020590868397,0.0,0.0,0.0,0.0,0.0,0.00022381378692927484,0.0,0.004476275738585497,0.0,0.0,0.0024619516562220233,0.0006714413607878246,0.0,0.0,0.0004476275738585497,0.010071620411817368,0.0,0.00022381378692927484,0.02685765443151298,0.30841539838854076,0.0,0.0,0.0,0.0008952551477170994,0.02126230975828111,0.0,0.00022381378692927484,0.0,0.0,0.0,0.0,0.0,0.0,0.0004476275738585497,0.008057296329453895,0.0,0.03267681289167413,0.0,0.0,0.00022381378692927484,0.0,0.0,0.0,0.0,0.004700089525514772,0.0,0.0,0.0,0.0,0.0,0.0,0.0,0.04319606087735005,0.0008952551477170994,0.005819158460161146,0.0022381378692927487,0.0,0.0,0.010966875559534468,0.0,0.006938227394807521,0.0,0.0004476275738585497,0.0,0.0,0.0,0.0004476275738585497,0.0,0.001566696508504924,0.0004476275738585497,0.01812891674127126,0.014547896150402865,0.0,0.0,0.0,0.0,0.0,0.020143240823634737,0.0,0.0
hiv_lozupone-St.chronic.LHM045.1.T,0.0,0.0,0.0,0.0007228915662650603,0.0,0.05951807228915662,0.005060240963855421,0.00048192771084337347,0.0009638554216867469,0.48722891566265064,0.0,0.00048192771084337347,0.0,0.0014457831325301205,0.0007228915662650603,0.0036144578313253013,0.0,0.0,0.0,0.0,0.0,0.0,0.0,0.0014457831325301205,0.0,0.004096385542168675,0.0,0.0,0.0,0.00048192771084337347,0.0,0.03253012048192771,0.00024096385542168674,0.0,0.006265060240963856,0.0,0.0,0.0,0.0007228915662650603,0.012289156626506023,0.0,0.00024096385542168674,0.003132530120481928,0.00819277108433735,0.0,0.0,0.0,0.007951807228915662,0.08481927710843373,0.0,0.0007228915662650603,0.0,0.00048192771084337347,0.0,0.0,0.0,0.0,0.00024096385542168674,0.0019277108433734939,0.0,0.051084337349397595,0.0,0.00048192771084337347,0.0019277108433734939,0.015421686746987951,0.00048192771084337347,0.0,0.0,0.021686746987951807,0.0,0.0,0.0,0.0,0.0,0.0,0.0,0.00024096385542168674,0.0014457831325301205,0.007951807228915662,0.0016867469879518072,0.0,0.0,0.0012048192771084338,0.0,0.008433734939759036,0.00048192771084337347,0.05421686746987952,0.0,0.0012048192771084336,0.0,0.00048192771084337347,0.0,0.0,0.0,0.005783132530120481,0.03686746987951807,0.0,0.0,0.0,0.0,0.0,0.0,0.0,0.00048192771084337347
hiv_lozupone-St.chronic.LHM047.1.U,0.0,0.0,0.0,0.0,0.0,0.024509803921568627,0.018382352941176468,0.0024509803921568627,0.003676470588235294,0.5698529411764706,0.0,0.0,0.0,0.0,0.0024509803921568627,0.0024509803921568627,0.0,0.0,0.0,0.0,0.0,0.0,0.0,0.03431372549019608,0.0,0.00980392156862745,0.0,0.0,0.007352941176470588,0.0,0.0,0.015931372549019607,0.0,0.0,0.017156862745098037,0.0012254901960784314,0.0,0.0,0.0012254901960784314,0.013480392156862746,0.0,0.0,0.0,0.0,0.0,0.0,0.0,0.003676470588235294,0.030637254901960786,0.0,0.0,0.0,0.0,0.0,0.0,0.0,0.0,0.0,0.0,0.0,0.030637254901960783,0.0,0.0012254901960784314,0.0,0.011029411764705883,0.0012254901960784314,0.0,0.0,0.004901960784313725,0.0,0.0,0.0,0.0,0.0,0.0,0.0,0.007352941176470588,0.0,0.0,0.0012254901960784314,0.0,0.0,0.0,0.0,0.0,0.0,0.0,0.0,0.0012254901960784314,0.0,0.0,0.0,0.0012254901960784314,0.0,0.0196078431372549,0.00857843137254902,0.0,0.0024509803921568627,0.0,0.0,0.0,0.0196078431372549,0.0,0.0
hiv_lozupone-ST.N.LHM049.1,0.0,3.6187305493232976e-05,0.0,0.005536657740464645,3.6187305493232976e-05,0.0,0.027176666425417963,0.0001447492219729319,0.009770572483172903,0.01385973800390823,0.0,0.0,0.0,0.0,0.0,0.00047043497141202866,0.0,0.00010856191647969893,0.0,0.0,0.13208366505030034,0.0,0.010096258232612,0.0,0.0,0.0,0.0,0.00036187305493232976,0.0,0.0001447492219729319,0.00010856191647969893,0.021169573713541282,0.0,0.0,0.007201273793153361,0.0,0.0,0.0,0.001628428747195484,0.024824491568357823,0.0007599334153578925,0.00036187305493232976,0.0,0.0,0.0,0.00010856191647969893,0.0,0.003727292465802996,0.10089020771513355,3.6187305493232976e-05,0.0008323080263443584,7.237461098646595e-05,0.0,0.0,7.237461098646595e-05,0.0,0.0,0.0010856191647969891,0.001447492219729319,0.0,0.012448433089672143,0.0012303683867699211,0.0009046826373308244,0.009662010566693203,0.004125352826228559,0.0012303683867699211,0.0,0.0,0.03586161974379388,0.0,0.0,0.0,0.0,0.0,0.0,0.0,0.04002315987551566,0.0,0.0,0.0,0.0,0.0,0.024643555040891656,0.0,0.3776507201273793,0.00021712383295939786,0.004414851270174423,0.0,0.0,0.0,0.0,0.0,0.0017369906636751828,0.00021712383295939786,0.02352174857060143,0.017008033581819494,0.0,0.016465223999421002,0.0,0.0,0.0,0.0,0.0,0.00032568574943909676
hiv_lozupone-St.neg.LHM001.1,0.0003898635477582846,0.0,0.0,0.058479532163742694,0.006627680311890838,0.0,0.008576998050682261,0.0003898635477582846,0.0023391812865497076,0.5980506822612086,0.0,0.0027290448343079924,0.0,0.0,0.0,0.009746588693957113,0.0,0.0,0.0,0.0,0.0,0.0,0.0007797270955165692,0.0,0.0003898635477582846,0.0,0.0,0.0,0.0015594541910331384,0.0007797270955165692,0.0,0.01637426900584795,0.0,0.0,0.004678362573099415,0.0,0.0,0.0,0.0023391812865497076,0.006237816764132554,0.003898635477582846,0.0,0.0,0.0,0.0,0.0,0.0,0.0023391812865497076,0.02962962962962963,0.0,0.0,0.0,0.0,0.0,0.0,0.0003898635477582846,0.0,0.0,0.0,0.0,0.0,0.0,0.0003898635477582846,0.0011695906432748538,0.0,0.0027290448343079924,0.0,0.0,0.008966861598440547,0.0,0.0,0.0,0.0,0.0,0.0003898635477582846,0.0,0.011695906432748537,0.0,0.0,0.0003898635477582846,0.0,0.0,0.04678362573099415,0.0,0.03742690058479532,0.0003898635477582846,0.01676413255360624,0.0,0.0,0.0,0.0003898635477582846,0.0,0.0,0.0027290448343079924,0.0304093567251462,0.0003898635477582846,0.0,0.0031189083820662767,0.0,0.0,0.0003898635477582846,0.017933723196881093,0.0,0.0011695906432748538
hiv_lozupone-St.neg.LHM003.1,0.0,0.0010090817356205853,0.0,0.23007063572149344,0.0,0.0,0.025227043390514632,0.0,0.0030272452068617556,0.0010090817356205853,0.0,0.0,0.0,0.0,0.016145307769929364,0.03632694248234107,0.0,0.0,0.0,0.0,0.0,0.0,0.004036326942482341,0.011099899091826439,0.0,0.0,0.0,0.0,0.01917255297679112,0.0,0.0,0.041372351160444,0.0,0.0,0.011099899091826439,0.0,0.0,0.0,0.0030272452068617556,0.0020181634712411706,0.0010090817356205853,0.0,0.0,0.0,0.0,0.0,0.0,0.0,0.03733602421796166,0.0,0.0,0.0,0.0,0.0,0.0,0.0,0.0,0.0020181634712411706,0.0,0.0,0.007063572149344097,0.0,0.0010090817356205853,0.0030272452068617556,0.020181634712411706,0.0,0.0,0.0,0.0020181634712411706,0.0,0.0,0.0,0.0,0.0,0.0,0.0,0.007063572149344097,0.0,0.0,0.0,0.0,0.0,0.0010090817356205853,0.0,0.3007063572149344,0.0,0.005045408678102927,0.0,0.0,0.0,0.0010090817356205853,0.0,0.0010090817356205853,0.011099899091826439,0.035317860746720484,0.0,0.0,0.012108980827447024,0.0,0.0,0.0,0.006054490413723511,0.0,0.0
hiv_lozupone-St.neg.LHM008.1,0.0,0.0,0.0,0.062034739454094295,0.0,0.0,0.015508684863523574,0.0,0.007444168734491315,0.0006203473945409429,0.0,0.0,0.0,0.0,0.0,0.013647642679900745,0.0,0.0,0.0,0.0,0.0,0.0,0.0006203473945409429,0.006823821339950372,0.0,0.0,0.0,0.0,0.0,0.004342431761786601,0.0,0.24627791563275434,0.0,0.0,0.008684863523573201,0.0,0.0,0.0,0.0012406947890818859,0.007444168734491315,0.0006203473945409429,0.0012406947890818859,0.0,0.0,0.0,0.0,0.0,0.03287841191066997,0.034739454094292806,0.0,0.0018610421836228288,0.0,0.0,0.0,0.0,0.0006203473945409429,0.004962779156327543,0.0,0.0,0.0,0.02481389578163772,0.0,0.005583126550868486,0.004342431761786601,0.01240694789081886,0.0,0.0,0.0,0.022332506203473948,0.0012406947890818859,0.0,0.0006203473945409429,0.0,0.0,0.0,0.0,0.008684863523573201,0.0,0.0,0.0,0.0,0.0,0.04404466501240695,0.0,0.3033498759305211,0.039081885856079406,0.0,0.0,0.0,0.0006203473945409429,0.0006203473945409429,0.0,0.013027295285359801,0.0006203473945409429,0.017990074441687348,0.004962779156327543,0.0,0.0018610421836228288,0.0,0.0,0.0,0.0,0.0,0.0
hiv_lozupone-St.neg.LHM009.1,0.0,0.0005425935973955507,0.0,0.061855670103092786,0.0,0.0,0.005425935973955507,0.0,0.013022246337493217,0.0005425935973955507,0.0,0.0,0.0,0.0,0.0027129679869777536,0.01356483993488877,0.0,0.0,0.0,0.0,0.0010851871947911015,0.0,0.0016277807921866523,0.0,0.0,0.0,0.0,0.0,0.0,0.0016277807921866521,0.0,0.042322300596852956,0.0,0.0,0.02875746066196419,0.0,0.0,0.020075963103635377,0.0,0.0032555615843733042,0.0010851871947911015,0.0,0.0,0.0005425935973955507,0.0,0.0,0.0,0.008681497558328812,0.011394465545306565,0.0,0.0,0.0,0.0,0.0,0.0,0.0,0.012479652740097666,0.0,0.002170374389582203,0.0,0.004340748779164406,0.0,0.0005425935973955507,0.0005425935973955507,0.0,0.0032555615843733042,0.0,0.0,0.005425935973955507,0.0,0.0,0.0,0.0,0.0005425935973955507,0.0,0.0,0.020618556701030927,0.0,0.0,0.0,0.0,0.0005425935973955507,0.020618556701030927,0.0,0.4704286489419425,0.02875746066196419,0.0,0.0,0.0,0.0,0.0,0.0,0.0,0.0016277807921866521,0.02224633749321758,0.0,0.0,0.011937059142702116,0.0,0.0,0.0,0.008681497558328812,0.0,0.002170374389582203
hiv_lozupone-St.neg.LHM010.1,0.0005446623093681918,0.0,0.0,0.046840958605664486,0.0,0.0,0.004901960784313725,0.0010893246187363835,0.0027233115468409588,0.049564270152505446,0.0,0.07788671023965142,0.0,0.0,0.0027233115468409588,0.01198257080610022,0.0,0.0,0.0,0.0,0.0005446623093681918,0.0,0.0,0.009259259259259259,0.003812636165577342,0.0,0.0,0.0,0.0,0.0027233115468409588,0.0,0.03104575163398693,0.0005446623093681918,0.0,0.013616557734204794,0.0,0.0,0.0,0.0016339869281045752,0.010893246187363833,0.0,0.0,0.0,0.0,0.0,0.0,0.0,0.039760348583877995,0.01579520697167756,0.0,0.0,0.0,0.0,0.0,0.0,0.005991285403050109,0.0016339869281045752,0.0,0.0,0.0,0.0005446623093681918,0.0005446623093681918,0.0005446623093681918,0.0,0.0027233115468409588,0.0,0.0010893246187363835,0.0,0.01198257080610022,0.0,0.0005446623093681918,0.0,0.0,0.0,0.004901960784313725,0.0,0.006535947712418301,0.0,0.0,0.0010893246187363835,0.0,0.0,0.06263616557734204,0.0,0.19553376906318082,0.05555555555555555,0.0,0.0,0.03540305010893246,0.1655773420479303,0.0,0.0,0.005991285403050109,0.0,0.021241830065359478,0.0,0.0,0.0005446623093681918,0.0,0.0,0.010893246187363833,0.002178649237472767,0.0,0.0
hiv_lozupone-St.neg.LHM012.1,0.0,0.0,0.0,0.0005321979776476849,0.0,0.0,0.0021287919105907396,0.0,0.0015965939329430547,0.0005321979776476849,0.0,0.0,0.0,0.0,0.0,0.0,0.0,0.0,0.0,0.0,0.0,0.0,0.0005321979776476849,0.016498137307078234,0.0,0.0,0.0,0.0,0.0,0.0,0.0,0.030867482703565725,0.0,0.0,0.0010643959552953698,0.0,0.0,0.0,0.0005321979776476849,0.005321979776476849,0.145290047897818,0.0,0.0,0.0,0.0,0.0,0.0,0.0,0.031931878658861094,0.0,0.0,0.0,0.0,0.0,0.0,0.0,0.0,0.0005321979776476849,0.0,0.0,0.014369345396487493,0.0,0.0,0.0,0.05747738158594998,0.0005321979776476849,0.0,0.0,0.006918573709419904,0.0,0.0,0.0,0.0,0.0,0.0,0.0,0.0026609898882384245,0.0,0.0,0.0,0.0,0.0,0.0021287919105907396,0.0,0.06652474720596062,0.0026609898882384245,0.0,0.0,0.0,0.0,0.0005321979776476849,0.4486428951569984,0.0010643959552953698,0.0,0.0031931878658861094,0.0,0.0,0.04417243214475785,0.0,0.0,0.0,0.0,0.0,0.0
hiv_lozupone-St.neg.LHM013.1,0.0,0.0,0.0,0.01926605504587156,0.0,0.0,0.0045871559633027525,0.0009174311926605505,0.0006116207951070336,0.6119266055045871,0.0,0.0,0.0,0.0,0.0024464831804281344,0.006422018348623854,0.0,0.0,0.0,0.0,0.0006116207951070336,0.0,0.0,0.0,0.0,0.0,0.0,0.0,0.0,0.0,0.0,0.01743119266055046,0.0,0.0,0.022935779816513763,0.0,0.0,0.0,0.001529051987767584,0.00764525993883792,0.0,0.0,0.0009174311926605505,0.0,0.0,0.0,0.0,0.0009174311926605504,0.015290519877675839,0.0,0.0006116207951070336,0.0,0.0006116207951070336,0.0,0.0,0.0,0.0,0.0,0.0,0.0,0.014678899082568806,0.0,0.0,0.0003058103975535168,0.0045871559633027525,0.0030581039755351682,0.0,0.0,0.004281345565749235,0.0,0.0,0.0,0.0,0.0,0.0,0.0,0.0006116207951070336,0.0,0.02110091743119266,0.0,0.0,0.0,0.021712538226299694,0.0,0.025076452599388382,0.0012232415902140672,0.005504587155963303,0.0,0.0,0.0,0.0,0.0,0.0003058103975535168,0.0003058103975535168,0.02018348623853211,0.0006116207951070336,0.0,0.0003058103975535168,0.0,0.0,0.0,0.001834862385321101,0.0006116207951070336,0.0
hiv_lozupone-St.neg.LHM014.1,0.0,0.0,0.0,0.10806536636794939,0.05745914602003163,0.0,0.005271481286241434,0.0005271481286241434,0.0015814443858724301,0.09435951502372167,0.0,0.0,0.0,0.0,0.0,0.003690036900369004,0.0,0.0,0.0,0.0,0.0005271481286241434,0.0,0.0,0.0,0.0,0.0,0.0,0.0,0.0,0.0005271481286241434,0.0,0.14443858724301528,0.0,0.0,0.017395888244596733,0.0,0.0,0.0063257775434897206,0.0,0.005798629414865577,0.0,0.0,0.0,0.0,0.0,0.0,0.0,0.0015814443858724301,0.02214022140221402,0.0,0.0,0.0,0.0,0.0,0.0,0.0,0.0,0.0,0.0,0.0,0.0021085925144965737,0.0,0.003690036900369004,0.01739588824459673,0.0,0.0,0.0,0.0,0.022667369530838165,0.0,0.0,0.0010542962572482868,0.0,0.012651555086979441,0.0,0.0,0.004744333157617291,0.0,0.0005271481286241434,0.0,0.0,0.0,0.0021085925144965737,0.0,0.34317343173431736,0.06905640484976279,0.0,0.0,0.0,0.0005271481286241434,0.0005271481286241434,0.0,0.005271481286241434,0.0031628887717448603,0.011070110701107012,0.0063257775434897206,0.0,0.0,0.0,0.0,0.0,0.0,0.0,0.0
hiv_lozupone-St.neg.LHM015.1,0.0,0.0,0.0,0.01928374655647383,0.03443526170798898,0.0,0.008264462809917356,0.0,0.002066115702479339,0.0371900826446281,0.0,0.0,0.0,0.0,0.0027548209366391185,0.02134986225895317,0.0,0.0,0.0,0.0,0.0,0.0,0.0,0.0,0.0,0.0,0.0,0.0,0.0,0.0013774104683195593,0.0,0.16322314049586778,0.0,0.0,0.008953168044077135,0.0,0.0,0.011707988980716254,0.0,0.02134986225895317,0.03443526170798898,0.0,0.0,0.0,0.0,0.0,0.0,0.13774104683195593,0.03443526170798898,0.0013774104683195593,0.0,0.0,0.0,0.0,0.0,0.0,0.0,0.0048209366391184574,0.010330578512396695,0.0,0.0,0.0,0.003443526170798898,0.008264462809917356,0.011019283746556474,0.0,0.0,0.0,0.010330578512396695,0.0,0.0,0.0,0.0,0.0,0.0,0.0,0.006887052341597796,0.0,0.025482093663911846,0.0,0.0,0.0,0.0048209366391184574,0.0,0.09848484848484848,0.0006887052341597796,0.007575757575757576,0.0,0.0,0.006198347107438017,0.0,0.0,0.008953168044077135,0.0,0.02134986225895317,0.011707988980716254,0.0,0.02134986225895317,0.0,0.0,0.0,0.0006887052341597796,0.0,0.0
hiv_lozupone-St.neg.LHM016.1,0.0,0.0,0.0,0.046180159635119726,0.0,0.0,0.028506271379703532,0.002280501710376283,0.0011402508551881414,0.0,0.0,0.0,0.0,0.0,0.0,0.0017103762827822121,0.0,0.0,0.0,0.0,0.0,0.0,0.0,0.014253135689851768,0.0,0.0,0.0,0.0,0.0,0.0011402508551881414,0.0,0.15507411630558723,0.0,0.0,0.0005701254275940707,0.0,0.0,0.0,0.0005701254275940707,0.019954389965792477,0.0,0.0,0.0,0.0,0.0,0.0,0.0,0.0034207525655644243,0.09350057012542759,0.0,0.0,0.0,0.0,0.0,0.0,0.0,0.0,0.0005701254275940707,0.0,0.0,0.0,0.0,0.0005701254275940707,0.003990877993158495,0.0,0.027366020524515394,0.0,0.0,0.0330672748004561,0.0,0.0,0.0,0.0,0.0,0.0,0.0,0.00798175598631699,0.0,0.0,0.0005701254275940707,0.0,0.0,0.16818700114025087,0.0,0.3295324971493729,0.0,0.0,0.0,0.0,0.0,0.0005701254275940707,0.0,0.0005701254275940707,0.0017103762827822121,0.014253135689851768,0.002280501710376283,0.0,0.002280501710376283,0.003990877993158495,0.0,0.0,0.0,0.0,0.0011402508551881414
hiv_lozupone-St.neg.LHM019.1,0.0,0.0,0.0,0.09324324324324323,0.0,0.0,0.0009009009009009009,0.00045045045045045046,0.0,0.00045045045045045046,0.0,0.00045045045045045046,0.0,0.0,0.009009009009009009,0.023423423423423424,0.0,0.0,0.0,0.0,0.0,0.0,0.0,0.0,0.0,0.0,0.0,0.0,0.0,0.0,0.0,0.0,0.0,0.0,0.0036036036036036037,0.0,0.0,0.008108108108108109,0.0009009009009009009,0.0009009009009009009,0.0,0.0,0.0,0.0,0.0,0.0,0.0,0.0,0.07792792792792791,0.0022522522522522522,0.0,0.0,0.0,0.0,0.0,0.0,0.0,0.0,0.0,0.0,0.0,0.0,0.0018018018018018018,0.002702702702702703,0.0036036036036036037,0.0,0.0,0.0,0.018468468468468467,0.0,0.0,0.00045045045045045046,0.0,0.0013513513513513514,0.00045045045045045046,0.0,0.0018018018018018018,0.0,0.0,0.0,0.0,0.0,0.03648648648648649,0.0,0.5076576576576577,0.0,0.04324324324324324,0.0,0.0,0.0018018018018018018,0.0,0.0,0.0,0.0013513513513513514,0.023423423423423424,0.014414414414414415,0.0,0.0009009009009009009,0.0,0.0,0.0,0.008108108108108109,0.0,0.0
hiv_lozupone-St.neg.LHM027.1,0.0,0.0,0.0,0.0761509172724126,0.014191761855313257,0.0,0.06334371754932502,0.00034614053305642093,0.0,0.013845621322256836,0.0,0.0,0.0,0.0,0.0,0.010730356524749048,0.0,0.0,0.0,0.0,0.0,0.0,0.0006922810661128419,0.0,0.0,0.0,0.0,0.0,0.0,0.0,0.0,0.00034614053305642093,0.0,0.0,0.030460366908965038,0.0,0.0,0.0,0.006230529595015577,0.006922810661128417,0.0,0.0020768431983385254,0.0,0.0,0.0,0.0,0.0,0.007268951194184839,0.033229491173416406,0.00034614053305642093,0.0017307026652821046,0.0,0.0,0.0,0.0,0.0,0.0,0.003461405330564209,0.0,0.0,0.017307026652821047,0.0,0.00034614053305642093,0.005884389061959155,0.0,0.0,0.0,0.0,0.022152994115610936,0.00380754586362063,0.0,0.0,0.0,0.003115264797507788,0.0006922810661128419,0.0,0.10730356524749048,0.0,0.0,0.0,0.0,0.0,0.01142263759086189,0.0,0.07649705780546902,0.0,0.016268605053651783,0.0,0.0,0.00034614053305642093,0.0010384215991692627,0.0,0.005192107995846313,0.005538248528902735,0.013499480789200415,0.0,0.0,0.004845967462789893,0.0,0.0,0.0,0.004845967462789893,0.0027691242644513675,0.003115264797507788
hiv_lozupone-ST.P.C.LHM048.1.T,0.0,0.00022381378692927484,0.0,0.006714413607878245,0.0,0.005058191584601611,0.0012981199641897941,8.952551477170994e-05,0.007609668755595345,0.10971351835273052,0.0005371530886302597,0.00013428827215756492,0.0,0.004118173679498657,0.0,0.0035362578334825426,0.0,0.0,0.0,0.0,0.02050134288272157,0.0,0.0,0.0,0.00013428827215756492,0.0,0.0,0.0,0.007967770814682184,0.00026857654431512983,0.0,0.006803939122649955,0.0006266786034019695,8.952551477170994e-05,0.0013428827215756492,0.0,0.0,0.0008952551477170994,0.002775290957923008,0.0021933751119068935,0.0,0.0,0.0,0.0,0.00026857654431512983,0.0,0.0,0.0,0.015353625783348254,0.00013428827215756492,0.0,0.0,0.0,0.0,0.00738585496866607,0.00013428827215756492,0.0,0.006087735004476276,4.476275738585497e-05,0.00013428827215756492,0.0012981199641897941,0.0010295434198746643,0.008236347358997314,0.0021038495971351834,0.0005819158460161146,4.476275738585497e-05,4.476275738585497e-05,0.0005819158460161146,0.047045658012533575,0.0,4.476275738585497e-05,0.002641002685765443,0.0,0.0004476275738585497,4.476275738585497e-05,0.0,0.18567591763652644,0.0,0.0004028648164726947,4.476275738585497e-05,0.0,0.0,0.09995523724261415,0.00035810205908683976,0.30058191584601607,0.00013428827215756492,0.0013428827215756492,0.0,0.0,0.002506714413607878,0.00031333930170098477,0.0,0.001253357206803939,0.00026857654431512983,0.007878245299910474,0.0747538048343778,0.0,0.020232766338406444,0.0,0.0,0.00022381378692927484,0.0,0.0,0.00017905102954341988
hiv_lozupone-ST.P.C.LHM052.1.U,0.0002361553902467824,0.0,0.0,0.000885582713425434,5.90388475616956e-05,0.022907072853937893,0.0010036604085488252,0.0,0.03323887117723462,0.41350808832211594,0.0,5.90388475616956e-05,0.0,0.002656748140276302,0.004132719329318692,0.018420120439249024,0.0,0.0,0.0,0.0,0.0001180776951233912,0.0,0.0038965639390719092,0.02538670445152911,0.0002361553902467824,0.006435234384224819,0.0,0.0,0.0004723107804935648,0.0005903884756169559,5.90388475616956e-05,0.049356476561577524,5.90388475616956e-05,0.00035423308537017357,0.0029519423780847796,0.0032471366158932577,0.01033179832329673,0.0,0.0011807769512339119,0.011217381036722164,0.0024796315975912147,0.0,0.05573267209824064,0.0,0.0,0.000885582713425434,0.00035423308537017357,0.004309835872003779,0.019896091628291417,0.0,0.0001180776951233912,0.00029519423780847797,0.0,0.0,0.0,0.005667729365922777,0.0,0.0,0.012929507616011335,0.0,0.027925374896682016,0.00035423308537017357,0.0014169323414806943,0.0004723107804935648,0.007202739402526863,5.90388475616956e-05,0.0013578934939189988,0.0,0.013106624158696421,0.0,0.0,0.0,0.0,0.008678710591569251,0.0,0.0,0.0016530877317274767,0.0014759711890423898,0.0001180776951233912,0.0038965639390719092,0.0,0.0,0.013637973786751682,0.0005313496280552603,0.02739402526862675,0.0,0.00017711654268508679,0.0,0.0,0.0,5.90388475616956e-05,0.0,0.0004132719329318692,0.0,0.015763372298972723,0.01930570315267446,0.0,0.005785807061046169,0.0,0.004309835872003778,0.0018302042744125634,0.0093871767623096,0.0,0.00035423308537017357
hiv_lozupone-ST.P.C.LHM062.1.U,0.0,0.00022264276967605477,0.0,0.00723589001447178,0.0,0.005955694088834464,0.00016698207725704108,0.0,0.013748191027496382,0.4252476900812646,0.0,0.0,0.0,0.0022264276967605477,0.0035622843148168763,0.015584993877323832,0.0,0.0008349103862852053,0.0,0.0,0.0005566069241901369,0.0,0.00038962484693309585,0.028442613826115994,0.0,0.002894356005788712,0.0,0.0,0.0,0.00105755315596126,0.00011132138483802739,0.018868974730045642,5.566069241901369e-05,5.566069241901369e-05,0.003283980852721808,0.00016698207725704108,0.00423021262384504,5.566069241901369e-05,0.0,0.006067015473672492,0.00016698207725704108,0.00011132138483802739,0.014304797951686519,0.0,0.0,5.566069241901369e-05,0.00011132138483802739,0.0017811421574084382,0.00829344317043304,0.0,0.0,0.0,0.0005009462317711232,0.0,0.0,0.0,0.0,5.566069241901369e-05,0.009740621173327395,0.0,0.013358566180563285,0.0,0.0006679283090281643,0.0,0.0005009462317711232,0.0006122676166091506,0.0,0.0,0.013302905488144272,0.0,0.0,0.0,0.0,0.013414226872982299,0.0,0.0,0.014583101413781588,0.00044528553935210954,5.566069241901369e-05,0.000723589001447178,0.03567850384058777,0.0006679283090281643,0.01280195925637315,0.0005566069241901369,0.13670266058109765,0.0,0.0037292663920739173,0.0,0.0,0.00211510631192252,0.00016698207725704108,0.0,0.00011132138483802739,0.00011132138483802739,0.03584548591784482,0.008182121785595011,0.0,0.009684960480908382,0.0,0.0,0.0,0.010686852944450629,0.00044528553935210954,0.0007792496938661917
hiv_lozupone-ST.P.C.LHM063.1.T,0.0,0.0,0.0,0.0,0.0,0.0020518833357760515,0.0013923494064194636,7.328154770628756e-05,0.02374322145683717,0.15286530851531582,0.0,0.0,0.0,0.0,0.0,0.0010259416678880258,0.0,0.0,0.0,0.0,0.0,0.0,0.0047633006009086916,0.05100395720357614,0.0,0.006522057745859592,0.0,0.0,0.0,7.328154770628756e-05,7.328154770628756e-05,0.0925545947530412,0.0,7.328154770628756e-05,0.03143778396599736,0.0,0.011358639894474571,0.0,0.004396892862377253,0.035614832185255754,0.002491572622013777,0.0010992232155943133,0.10501245786311006,0.07848453759343398,0.0,0.0001465630954125751,0.0,0.017587571449509013,0.04572768576872343,0.0,0.001832038692657189,0.0001465630954125751,0.0,0.0,0.0,7.328154770628756e-05,0.0,0.0001465630954125751,0.02967902682104646,0.0,0.0471200351751429,0.00043968928623772536,0.0010992232155943133,0.002784698812838927,0.02366993990913088,0.0001465630954125751,0.0,0.002491572622013777,0.016854755972446137,0.0,0.0,0.0,0.0,0.0007328154770628756,0.0,0.0,0.010552542869705408,0.0008060970247691632,0.0005862523816503004,0.0,0.0,0.0,0.002125164883482339,0.0,0.01890663930822219,0.0,0.0002931261908251502,0.0,0.0,0.0001465630954125751,0.0,0.0,0.0,0.0,0.022570716693536566,0.017587571449509017,0.0,0.022350872050417706,0.0,0.0,7.328154770628756e-05,0.031071376227465926,7.328154770628756e-05,7.328154770628756e-05
hiv_lozupone-ST.P.C.LHM065.1.T,0.0,0.0,0.0,0.003801076971808679,0.0,0.17331855136733185,0.0006863055643543448,0.0,0.052475979305247604,0.07744694330060183,0.0,0.0005807200929152149,0.0,0.0,0.0012670256572695597,0.00015837820715869496,0.0,0.0,0.0,0.0,5.279273571956499e-05,0.0,0.0,0.008130081300813009,5.279273571956499e-05,0.0,0.0,0.0,0.0025868440502586844,5.279273571956499e-05,0.0,0.11677753141167775,0.0,0.0,0.0,0.0,0.0,5.279273571956499e-05,0.0005807200929152149,0.018371872030408617,0.0,0.00015837820715869496,0.0,0.0,5.279273571956499e-05,0.0,0.0,0.0044873825361630235,0.05722732552000845,5.279273571956499e-05,0.0,0.0,0.0,0.0,0.0,0.00010558547143912998,0.0,0.0003167564143173899,0.0,0.0,0.0,0.0,0.0006335128286347799,0.0012142329215499947,0.0,5.279273571956499e-05,0.0,0.00026396367859782494,0.005648822721993454,0.0,0.0,0.0,0.0,0.0,0.0,0.0,0.005859993664871713,0.0003167564143173899,0.006440713757786929,0.0,0.0,0.0,0.03605743849646288,0.0,0.3733502270087636,0.0,0.0,0.0,0.0,0.0,5.279273571956499e-05,0.0,0.00010558547143912998,5.279273571956499e-05,0.004909724421919543,0.00021117094287825995,5.279273571956499e-05,0.00010558547143912998,0.0,0.0,0.00010558547143912998,0.0011086474501108647,0.0,0.0004751346214760849
hiv_lozupone-ST.P.C.LHM069.1.U,0.0,0.0,0.0012117206433135052,0.004791804362194316,0.0,0.0,0.0002203128442388191,5.507821105970478e-05,0.008426966292134831,0.11390174047146948,0.0,0.01900198281559815,0.0038554747741793346,0.0009363295880149813,0.0023683630755673055,0.002313284864507601,0.03668208856576338,0.0,0.0,0.0,0.16771315267680106,0.04009693765146508,0.00011015642211940956,0.00980392156862745,0.04064771976206213,0.0016523463317911435,0.0007710949548358669,0.0,0.0,0.00033046926635822867,0.00016523463317911433,0.002037893809209077,0.0,0.03387309980171844,0.0011566424322538003,0.0004406256884776382,5.507821105970478e-05,5.507821105970478e-05,0.0047918043621943155,0.0006058603216567526,0.0,5.507821105970478e-05,0.0,0.0,0.012998457810090328,0.0,0.0,0.0006058603216567526,0.0031394580304031734,0.0002203128442388191,5.507821105970478e-05,0.0,0.0,0.0,0.00011015642211940956,0.00253359770874642,0.0,0.0002203128442388191,0.0,0.012117206433135052,0.0018175809649702578,0.0,0.0002203128442388191,0.0008812513769552765,0.0,0.005232430050671954,0.0004406256884776382,0.0,0.010740251156642433,0.0,0.002588675919806125,0.0,0.004901960784313725,0.00038554747741793345,0.022747301167658076,0.0,0.002588675919806125,0.0,0.0,0.0031945362414628775,0.0,0.0,0.0036351619299405157,0.0,0.26079532936770217,0.0,0.0005507821105970478,0.0,0.0,5.507821105970478e-05,0.0,0.0,0.000495703899537343,0.0004406256884776382,0.0026437541308658294,0.007766027759418374,0.0115113461114783,0.0006058603216567526,0.0,0.0,0.029687155761180875,0.0015972681207314385,0.00011015642211940956,0.0
