,k__Bacteria;p__Firmicutes;c__Clostridia;o__Clostridiales;f__Ruminococcaceae;g__Clostridium_IV,k__Bacteria;p__Firmicutes;c__Negativicutes;o__Selenomonadales;f__Veillonellaceae;g__Selenomonas,k__Bacteria;p__Firmicutes;c__Clostridia;o__Clostridiales;f__Lachnospiraceae;g__Syntrophococcus,k__Bacteria;p__Firmicutes;c__Bacilli;o__Lactobacillales;f__Streptococcaceae;g__Streptococcus,k__Bacteria;p__Firmicutes;c__Clostridia;o__Clostridiales;f__Lachnospiraceae;g__Lachnospiracea_incertae_sedis,k__Bacteria;p__Bacteroidetes;c__Bacteroidia;o__Bacteroidales;f__Prevotellaceae;g__Paraprevotella,k__Bacteria;p__Firmicutes;c__Clostridia;o__Clostridiales;f__Ruminococcaceae;g__Butyricicoccus,k__Bacteria;p__Firmicutes;c__Negativicutes;o__Selenomonadales;f__Veillonellaceae;g__Dialister,k__Bacteria;p__Firmicutes;c__Clostridia;o__Clostridiales;f__Clostridiales_Incertae_Sedis_XIII;g__Anaerovorax,k__Bacteria;p__Firmicutes;c__Clostridia;o__Clostridiales;f__Ruminococcaceae;g__Anaerofilum,k__Bacteria;p__Bacteroidetes;c__Bacteroidia;o__Bacteroidales;f__Prevotellaceae;g__Xylanibacter,k__Bacteria;p__Bacteroidetes;c__Bacteroidia;o__Bacteroidales;f__Porphyromonadaceae;g__Parabacteroides,k__Bacteria;p__Synergistetes;c__Synergistia;o__Synergistales;f__Synergistaceae;g__Pyramidobacter,k__Bacteria;p__Bacteroidetes;c__Bacteroidia;o__Bacteroidales;f__Bacteroidaceae;g__Bacteroides,k__Bacteria;p__Fusobacteria;c__Fusobacteriia;o__Fusobacteriales;f__Fusobacteriaceae;g__Clostridium_XIX,k__Bacteria;p__Firmicutes;c__Clostridia;o__Clostridiales;f__Ruminococcaceae;g__Ethanoligenens,k__Bacteria;p__Bacteroidetes;c__Bacteroidia;o__Bacteroidales;f__Porphyromonadaceae;g__Barnesiella,k__Bacteria;p__Bacteroidetes;c__Bacteroidia;o__Bacteroidales;f__Rikenellaceae;g__Alistipes,k__Bacteria;p__Firmicutes;c__Negativicutes;o__Selenomonadales;f__Acidaminococcaceae;g__Phascolarctobacterium,k__Bacteria;p__Proteobacteria;c__Betaproteobacteria;o__Burkholderiales;f__Sutterellaceae;g__Parasutterella,k__Bacteria;p__Bacteroidetes;c__Bacteroidia;o__Bacteroidales;f__Prevotellaceae;g__Alloprevotella,k__Bacteria;p__Proteobacteria;c__Betaproteobacteria;o__Burkholderiales;f__Sutterellaceae;g__Sutterella,k__Bacteria;p__Firmicutes;c__Erysipelotrichia;o__Erysipelotrichales;f__Erysipelotrichaceae;g__Catenibacterium,k__Bacteria;p__Firmicutes;c__Bacilli;o__Lactobacillales;f__Lactobacillaceae;g__Lactobacillus,k__Bacteria;p__Firmicutes;c__Negativicutes;o__Selenomonadales;f__Acidaminococcaceae;g__Acidaminococcus,k__Bacteria;p__Firmicutes;c__Clostridia;o__Clostridiales;f__Lachnospiraceae;g__Anaerostipes,k__Bacteria;p__Firmicutes;c__Negativicutes;o__Selenomonadales;f__Veillonellaceae;g__Schwartzia,k__Bacteria;p__Firmicutes;c__Negativicutes;o__Selenomonadales;f__Veillonellaceae;g__Veillonella,k__Bacteria;p__Firmicutes;c__Clostridia;o__Clostridiales;f__Ruminococcaceae;g__Faecalibacterium,k__Bacteria;p__Bacteroidetes;c__Bacteroidia;o__Bacteroidales;f__Prevotellaceae;g__Prevotella,k__Bacteria;p__Firmicutes;c__Clostridia;o__Clostridiales;f__Lachnospiraceae;g__Coprococcus,k__Bacteria;p__Firmicutes;c__Negativicutes;o__Selenomonadales;f__Veillonellaceae;g__Mitsuokella,k__Bacteria;p__Firmicutes;c__Clostridia;o__Clostridiales;f__Lachnospiraceae;g__Roseburia,k__Bacteria;p__Firmicutes;c__Clostridia;o__Clostridiales;f__Ruminococcaceae;g__Flavonifractor,k__Bacteria;p__Firmicutes;c__Negativicutes;o__Selenomonadales;f__Veillonellaceae;g__Megamonas,k__Bacteria;p__Firmicutes;c__Clostridia;o__Clostridiales;f__Ruminococcaceae;g__Gemmiger,k__Bacteria;p__Firmicutes;c__Erysipelotrichia;o__Erysipelotrichales;f__Erysipelotrichaceae;g__Clostridium_XVIII,k__Bacteria;p__Firmicutes;c__Clostridia;o__Clostridiales;f__Lachnospiraceae;g__Clostridium_XlVa,k__Bacteria;p__Firmicutes;c__Clostridia;o__Clostridiales;f__Lachnospiraceae;g__Dorea,k__Bacteria;p__Firmicutes;c__Erysipelotrichia;o__Erysipelotrichales;f__Erysipelotrichaceae;g__Erysipelotrichaceae_incertae_sedis,k__Bacteria;p__Proteobacteria;c__Gammaproteobacteria;o__Enterobacteriales;f__Enterobacteriaceae;g__Cronobacter,k__Bacteria;p__Firmicutes;c__Clostridia;o__Clostridiales;f__Ruminococcaceae;g__Sporobacter,k__Bacteria;p__Firmicutes;c__Clostridia;o__Clostridiales;f__Clostridiaceae_1;g__Clostridium_sensu_stricto,k__Bacteria;p__Firmicutes;c__Clostridia;o__Clostridiales;f__Lachnospiraceae;g__Ruminococcus2,k__Bacteria;p__Firmicutes;c__Clostridia;o__Clostridiales;f__Ruminococcaceae;g__Oscillibacter,k__Bacteria;p__Firmicutes;c__Clostridia;o__Clostridiales;f__Lachnospiraceae;g__Howardella,k__Bacteria;p__Firmicutes;c__Negativicutes;o__Selenomonadales;f__Veillonellaceae;g__Megasphaera,k__Bacteria;p__Proteobacteria;c__Gammaproteobacteria;o__Aeromonadales;f__Succinivibrionaceae;g__Succinivibrio,k__Bacteria;p__Firmicutes;c__Clostridia;o__Clostridiales;f__Lachnospiraceae;g__Pseudobutyrivibrio,k__Bacteria;p__Firmicutes;c__Clostridia;o__Clostridiales;f__Ruminococcaceae;g__Ruminococcus,k__Bacteria;p__Firmicutes;c__Clostridia;o__Clostridiales;f__Ruminococcaceae;g__Clostridium_III,k__Bacteria;p__Firmicutes;c__Erysipelotrichia;o__Erysipelotrichales;f__Erysipelotrichaceae;g__Coprobacillus,k__Bacteria;p__Firmicutes;c__Clostridia;o__Clostridiales;f__Lachnospiraceae;g__Clostridium_XlVb,k__Bacteria;p__Fusobacteria;c__Fusobacteriia;o__Fusobacteriales;f__Fusobacteriaceae;g__Fusobacterium,k__Bacteria;p__Firmicutes;c__Clostridia;o__Clostridiales;f__Lachnospiraceae;g__Blautia,k__Bacteria;p__Bacteroidetes;c__Bacteroidia;o__Bacteroidales;f__Porphyromonadaceae;g__Butyricimonas,k__Bacteria;p__Bacteroidetes;c__Bacteroidia;o__Bacteroidales;f__Porphyromonadaceae;g__Odoribacter
hiv_dinh-027OB,0.0,0.0,0.0,0.0,0.02209631728045326,0.006798866855524078,0.0016997167138810198,0.006232294617563739,0.0,0.0,0.08895184135977337,0.0028328611898016994,0.0,0.053257790368271954,0.0,0.0,0.0,0.0028328611898016994,0.0,0.0,0.036827195467422094,0.0011331444759206798,0.0,0.0,0.0005665722379603399,0.0,0.0,0.0,0.09745042492917846,0.29745042492917845,0.014730878186968839,0.0016997167138810198,0.019830028328611894,0.0,0.0,0.0005665722379603399,0.0,0.0,0.0011331444759206798,0.0011331444759206798,0.0,0.01303116147308782,0.0,0.0005665722379603399,0.006232294617563739,0.0,0.0,0.0,0.0022662889518413596,0.0,0.0,0.0,0.0,0.0,0.003399433427762039,0.0,0.0
hiv_dinh-029SS,0.00039077764751856197,0.0,0.0,0.0,0.050801094177413054,0.0,0.00039077764751856197,0.007424775302852678,0.0,0.0,0.0007815552950371239,0.0,0.0,0.7338804220398594,0.0,0.0,0.0,0.0,0.0,0.00390777647518562,0.0,0.0,0.0,0.0,0.0,0.011332551778038297,0.0,0.0,0.12465806955842124,0.0023446658851113715,0.0,0.0,0.005470887065259868,0.0,0.0,0.002735443532629934,0.0,0.00039077764751856197,0.0,0.0,0.0,0.0,0.0,0.0007815552950371239,0.0011723329425556857,0.0,0.0,0.0,0.0,0.0,0.0,0.0,0.0007815552950371239,0.0,0.0007815552950371239,0.0,0.00039077764751856197
hiv_dinh-039SC,0.0005889281507656066,0.0,0.0,0.0,0.09717314487632508,0.0,0.0035335689045936395,0.002944640753828033,0.0,0.0,0.0005889281507656066,0.028857479387514724,0.0,0.38162544169611307,0.0,0.0,0.0,0.01354534746760895,0.0,0.001177856301531213,0.0,0.001177856301531213,0.0,0.0,0.0,0.0005889281507656066,0.0,0.0,0.3486454652532391,0.002355712603062426,0.018256772673733802,0.0,0.03769140164899882,0.0,0.0,0.007067137809187279,0.0,0.0005889281507656066,0.0,0.0,0.0,0.0,0.0,0.0,0.0029446407538280327,0.0,0.0,0.0,0.0,0.0,0.001177856301531213,0.0,0.005300353356890459,0.0,0.0005889281507656066,0.0,0.0
hiv_dinh-116JS,0.0,0.0,0.0,0.0,0.0069947539345490885,0.0,0.002498126405196103,0.0,0.0,0.0,0.0,0.007744191856107919,0.0,0.7209592805395952,0.0,0.0,0.0,0.0027479390457157134,0.0027479390457157134,0.0,0.0,0.0,0.0004996252810392206,0.0,0.0,0.002498126405196103,0.0,0.0,0.19335498376217836,0.0,0.0004996252810392206,0.0,0.0002498126405196103,0.0,0.0,0.0,0.0,0.0009992505620784412,0.0007494379215588309,0.0,0.0,0.0,0.0,0.0,0.008743442418186361,0.0,0.0,0.0,0.0,0.0,0.0,0.0009992505620784412,0.0017486884836372721,0.0,0.002498126405196103,0.0,0.0
hiv_dinh-129GP,0.0,0.0,0.0,0.00030525030525030525,0.07905982905982906,0.0,0.00030525030525030525,0.001221001221001221,0.0,0.0,0.0,0.00518925518925519,0.0,0.42216117216117216,0.0,0.0,0.002442002442002442,0.01098901098901099,0.0,0.0,0.0,0.001221001221001221,0.0,0.0,0.0,0.001221001221001221,0.0,0.0,0.2857142857142857,0.029609279609279608,0.007936507936507936,0.0,0.0521978021978022,0.00030525030525030525,0.0,0.002136752136752137,0.0,0.007631257631257631,0.001221001221001221,0.0,0.0,0.0,0.0,0.01282051282051282,0.0015262515262515263,0.0,0.0009157509157509158,0.0,0.0,0.0,0.00030525030525030525,0.0,0.002136752136752137,0.0,0.007326007326007327,0.00030525030525030525,0.0009157509157509158
hiv_dinh-020JR,0.0005970149253731343,0.0,0.0,0.001791044776119403,0.008358208955223882,0.0,0.011343283582089553,0.0,0.0,0.0,0.0,0.0,0.0,0.0005970149253731343,0.0,0.0,0.0,0.0,0.0,0.014328358208955224,0.0,0.0,0.0005970149253731343,0.0,0.0,0.00835820895522388,0.0,0.0,0.6202985074626866,0.0005970149253731343,0.03880597014925373,0.0,0.06507462686567164,0.0,0.0,0.001791044776119403,0.0,0.056716417910447764,0.0,0.005970149253731343,0.0,0.0,0.0,0.0029850746268656717,0.004179104477611941,0.0,0.0,0.0,0.0,0.0,0.0005970149253731343,0.0,0.00955223880597015,0.0,0.04477611940298507,0.0,0.0
hiv_dinh-46,0.0,0.0,0.0,0.0,0.12534059945504086,0.0326975476839237,0.005306180983794637,0.0,0.0,0.0,0.014054209092212822,0.0032984368277642335,0.0,0.11673598164348199,0.0,0.0,0.0,0.0007170514842965725,0.060949376165208666,0.0,0.0,0.0,0.0,0.0,0.03140685501218987,0.0032984368277642335,0.0,0.0,0.2648788182991539,0.10569338878531478,0.0,0.0,0.04345331994837229,0.0004302308905779435,0.0,0.009321669295855442,0.005879822171231895,0.005019360390076008,0.001147282374874516,0.0,0.0001434102968593145,0.0,0.0,0.003872078015201492,0.010038720780152015,0.0,0.0,0.0,0.0,0.0,0.000286820593718629,0.0,0.006596873655528466,0.0,0.022085185716334436,0.0,0.0012906926717338304
hiv_dinh-215,0.00013609145345672293,0.0,0.0,0.0,0.006940664126292869,0.03783342406096897,0.00013609145345672293,0.0031301034295046276,0.0009526401741970605,0.0,0.016194882961350028,0.01810016330974415,0.0,0.10683179096352749,0.0,0.00013609145345672293,0.0,0.0,0.0012248230811105062,0.0,0.021774632553075667,0.0,0.0035383777898747963,0.0,0.005579749591725639,0.0047632008709853025,0.0,0.0,0.01810016330974415,0.22482308111050625,0.016194882961350028,0.04164398475775721,0.0344311377245509,0.00013609145345672293,0.0,0.0009526401741970605,0.0,0.0008165487207403376,0.029259662493195428,0.00462710941752858,0.0,0.028034839412084924,0.0,0.0005443658138268917,0.024904735982580292,0.0005443658138268917,0.02735438214480131,0.04545454545454546,0.0,0.0,0.00040827436037016874,0.0,0.0,0.0,0.010342950462710943,0.0,0.0
hiv_dinh-300,0.0,0.006112054329371817,0.0,0.0006791171477079797,0.005772495755517827,0.0018675721561969441,0.0005093378607809848,0.0010186757215619694,0.0,0.0,0.1427843803056027,0.002376910016977929,0.0,0.016298811544991514,0.0,0.0,0.0027164685908319186,0.001697792869269949,0.00016977928692699492,0.0,0.0,0.001697792869269949,0.007470288624787776,0.00016977928692699492,0.00016977928692699492,0.0005093378607809848,0.00899830220713073,0.0,0.12325976230899831,0.4514431239388794,0.00016977928692699492,0.0,0.014770797962648557,0.0,0.0,0.0005093378607809847,0.0,0.00033955857385398983,0.0022071307300509336,0.001867572156196944,0.0,0.0006791171477079797,0.0,0.03361629881154499,0.007640067911714772,0.0,0.00016977928692699492,0.0005093378607809848,0.001697792869269949,0.00016977928692699492,0.0,0.0,0.004244482173174872,0.0010186757215619694,0.0032258064516129032,0.00016977928692699492,0.00016977928692699492
hiv_dinh-023TD,0.0003834355828220859,0.0,0.0,0.0,0.0245398773006135,0.006134969325153374,0.003834355828220859,0.0,0.0,0.0,0.0,0.016104294478527605,0.0,0.3159509202453987,0.0,0.0,0.0,0.01226993865030675,0.0,0.0,0.0,0.0026840490797546013,0.0,0.0,0.0015337423312883436,0.008052147239263804,0.0,0.0,0.5084355828220859,0.0015337423312883436,0.00843558282208589,0.003067484662576687,0.009969325153374233,0.0,0.0,0.0015337423312883436,0.0,0.0003834355828220859,0.0007668711656441718,0.0,0.0,0.004601226993865031,0.0,0.0019171779141104297,0.00843558282208589,0.0,0.0,0.0,0.0011503067484662577,0.0,0.0026840490797546013,0.0,0.004217791411042946,0.0,0.028374233128834355,0.0,0.0
hiv_dinh-041PD,0.0,0.0,0.0,0.000526592943654555,0.06582411795681938,0.0,0.00105318588730911,0.0,0.0,0.0,0.0,0.0031595576619273297,0.0,0.45181674565560825,0.0,0.0,0.003686150605581885,0.003686150605581885,0.0,0.0,0.0,0.0,0.0,0.0,0.0,0.001579778830963665,0.0,0.0,0.4175882043180621,0.0,0.0105318588730911,0.0,0.023696682464454975,0.0,0.0,0.0,0.0,0.000526592943654555,0.0,0.0,0.0,0.0,0.0,0.003686150605581885,0.000526592943654555,0.0,0.0,0.0,0.0,0.0,0.000526592943654555,0.000526592943654555,0.0,0.0,0.00315955766192733,0.0,0.0
hiv_dinh-077SF,0.0008035355564483728,0.0,0.0,0.07231820008035356,0.07633587786259542,0.0,0.0004017677782241864,0.0008035355564483728,0.0,0.0,0.0012053033346725592,0.0,0.023302531137002813,0.42145439935717155,0.0,0.0,0.0,0.01124949779027722,0.0,0.002812374447569305,0.0,0.0,0.0,0.0,0.002812374447569305,0.0004017677782241864,0.0,0.0,0.008035355564483728,0.0024106066693451184,0.1860184813177983,0.0,0.0008035355564483728,0.0,0.0,0.006830052229811169,0.0,0.0004017677782241864,0.014463640016070712,0.0,0.0,0.0036159100040176776,0.0,0.05986339895540378,0.002008838891120932,0.0,0.011651265568501407,0.0,0.0,0.0012053033346725592,0.0,0.0,0.0,0.0,0.0064282844515869825,0.0,0.0
hiv_dinh-193MR,0.0,0.0,0.0,0.0,0.10599613152804643,0.0027079303675048355,0.0015473887814313346,0.0011605415860735009,0.0,0.0,0.07195357833655706,0.015087040618955511,0.0,0.0851063829787234,0.0,0.0,0.0019342359767891683,0.010444874274661509,0.014700193423597678,0.0,0.0,0.0027079303675048355,0.0,0.0,0.005415860735009671,0.0,0.0,0.0,0.05841392649903288,0.25338491295938104,0.0019342359767891683,0.0,0.023210831721470017,0.0,0.0,0.0007736943907156673,0.0,0.0,0.0015473887814313346,0.0,0.0,0.0,0.0,0.0,0.0015473887814313346,0.0,0.005802707930367505,0.0,0.0,0.0,0.0,0.0,0.0,0.0,0.003094777562862669,0.00038684719535783365,0.0007736943907156673
hiv_dinh-152JF,0.0003057169061449098,0.0,0.0,0.0,0.003974319779883827,0.0,0.0,0.0,0.0,0.0,0.0006114338122898196,0.004280036686028737,0.0,0.2974625496789972,0.01681442983797004,0.0,0.0,0.0,0.0,0.0,0.011005808621216752,0.0036686028737389176,0.0,0.0,0.0003057169061449098,0.0,0.0,0.0,0.0036686028737389176,0.051054723326199945,0.0,0.0003057169061449098,0.026597370834607153,0.0,0.0,0.0,0.0,0.0009171507184347294,0.0006114338122898196,0.0,0.0,0.0,0.0,0.0,0.0,0.0,0.0027514521553041885,0.0012228676245796392,0.0,0.0,0.0,0.0,0.0003057169061449098,0.5197187404463467,0.0009171507184347294,0.0,0.0
hiv_dinh-179TH,0.0,0.0,0.0,0.0,0.05273916598528209,0.0,0.004905968928863451,0.0,0.0,0.0,0.0,0.004088307440719542,0.0,0.7023712183156173,0.0,0.0,0.0,0.010220768601798855,0.012673753066230581,0.0,0.0,0.019215044971381847,0.0,0.0,0.0,0.00286181520850368,0.0,0.0,0.0,0.0,0.00572363041700736,0.0,0.011038430089942763,0.002044153720359771,0.0,0.005314799672935405,0.0,0.00858544562551104,0.0004088307440719542,0.03679476696647588,0.0,0.0,0.0,0.015535568274734261,0.003679476696647588,0.0,0.0,0.0,0.0,0.0,0.0,0.01267375306623058,0.017988552739165983,0.0,0.01553556827473426,0.0,0.0
hiv_dinh-115RW,0.0,0.0,0.0,0.0009299442033477991,0.11872287662740236,0.0,0.0024798512089274642,0.0,0.0,0.0,0.0,0.003409795412275263,0.0,0.35647861128332303,0.0,0.0,0.0,0.02851828890266584,0.005889646621202728,0.0024798512089274642,0.0,0.0,0.0,0.0,0.0,0.0009299442033477991,0.0,0.0,0.32331060136391815,0.0,0.0027898326100433976,0.0,0.009609423434593924,0.00030998140111593303,0.0,0.0021698698078115313,0.00619962802231866,0.00030998140111593303,0.0037197768133911966,0.0,0.0,0.0,0.0,0.007439553626782393,0.015809051456912585,0.0,0.0,0.0,0.0,0.0006199628022318661,0.00030998140111593303,0.0,0.02479851208927464,0.02231866088034718,0.008989460632362058,0.0,0.0030998140111593306
hiv_dinh-HG113,0.0,0.0,0.0,0.0,0.36055081458494953,0.0,0.0007757951900698216,0.0001939487975174554,0.0,0.0,0.053723816912335146,0.017067494181536077,0.0,0.13072148952676493,0.0,0.0,0.0031031807602792862,0.0005818463925523662,0.0,0.0003878975950349108,0.0,0.0,0.0,0.0,0.0017455391776570986,0.0003878975950349108,0.0,0.0,0.25911559348332036,0.03588052754072925,0.0,0.0,0.014934057408844065,0.0,0.0,0.002133436772692009,0.0015515903801396431,0.0007757951900698216,0.01008533747090768,0.004072924747866563,0.0,0.0,0.0,0.04712955779674166,0.0005818463925523662,0.0,0.0,0.0,0.0,0.0001939487975174554,0.0,0.0,0.0019394879751745541,0.0,0.007564003103180761,0.0,0.0
hiv_dinh-043RB,0.0,0.0,0.0,0.0,0.0017035775127768314,0.0,0.00028392958546280523,0.0,0.0,0.0,0.00028392958546280523,0.01249290176036343,0.0,0.8202725724020443,0.0,0.0,0.0,0.004826802952867689,0.0,0.0,0.0,0.016183986371379896,0.012492901760363431,0.0,0.015616127200454286,0.0008517887563884157,0.0,0.0,0.08290743895513912,0.00028392958546280523,0.0,0.0,0.0,0.0,0.0,0.004826802952867689,0.0,0.0,0.0,0.00028392958546280523,0.0,0.0,0.0,0.0005678591709256105,0.0,0.0,0.0025553662691652473,0.0,0.0,0.0,0.0,0.0,0.0,0.0,0.0017035775127768314,0.0,0.0
hiv_dinh-063CG,0.0,0.008809020436927413,0.0,0.0,0.016208597603946443,0.0,0.01127554615926709,0.05391120507399577,0.0,0.0,0.0028188865398167725,0.007399577167019028,0.0,0.12473572938689217,0.0,0.0,0.0,0.0,0.0,0.0,0.0,0.0,0.0,0.0,0.008809020436927412,0.0014094432699083862,0.013389711064129669,0.0,0.18992248062015504,0.23713883016208598,0.014799154334038054,0.0,0.012332628611698381,0.0,0.0,0.003171247357293869,0.0,0.0028188865398167725,0.003875968992248063,0.0,0.0,0.0007047216349541931,0.0,0.003875968992248062,0.00035236081747709656,0.0,0.021846370683579985,0.0,0.0,0.0,0.0,0.0,0.00035236081747709656,0.0,0.00916138125440451,0.0,0.0028188865398167725
hiv_dinh-149SD,0.0,0.00213857998289136,0.000427715996578272,0.000427715996578272,0.008982035928143712,0.000427715996578272,0.001710863986313088,0.000427715996578272,0.0,0.0,0.008126603934987167,0.000855431993156544,0.0,0.002566295979469632,0.0,0.0,0.000427715996578272,0.0,0.0,0.0,0.0,0.001710863986313088,0.000855431993156544,0.0,0.0,0.0,0.001710863986313088,0.0,0.046193327630453376,0.45893926432848586,0.000427715996578272,0.0,0.001283147989734816,0.0,0.008126603934987169,0.000427715996578272,0.0,0.0,0.0,0.000427715996578272,0.0,0.000427715996578272,0.0,0.0025662959794696323,0.001283147989734816,0.0,0.0,0.0,0.0,0.0,0.0,0.0,0.001283147989734816,0.004704875962360992,0.00213857998289136,0.0,0.0
hiv_dinh-222YA,0.0,0.0,0.0,0.0010554089709762533,0.04010554089709762,0.0,0.002638522427440633,0.0021108179419525065,0.0,0.0,0.0,0.0063324538258575196,0.0,0.44116094986807386,0.0,0.0,0.0,0.0,0.011609498680738786,0.0,0.0,0.016886543535620052,0.01372031662269129,0.0,0.0015831134564643799,0.004221635883905013,0.0,0.0,0.3393139841688655,0.0,0.01372031662269129,0.0,0.018469656992084433,0.0,0.0,0.0015831134564643799,0.0,0.0,0.0005277044854881266,0.015303430079155671,0.0,0.0,0.0,0.0010554089709762533,0.005277044854881266,0.0,0.0015831134564643799,0.0,0.0,0.0,0.0,0.0,0.006860158311345646,0.0,0.00474934036939314,0.0,0.0
hiv_dinh-HG237,0.0009124087591240876,0.0,0.0,0.0,0.04744525547445255,0.0006082725060827251,0.0024330900243309003,0.006386861313868613,0.00030413625304136254,0.0,0.003345498783454988,0.0033454987834549872,0.0,0.06660583941605838,0.0,0.0024330900243309003,0.0012165450121654502,0.00030413625304136254,0.0,0.0,0.0021289537712895377,0.00030413625304136254,0.02281021897810219,0.0,0.00030413625304136254,0.0006082725060827251,0.0,0.0,0.17335766423357662,0.005474452554744526,0.03527980535279806,0.0,0.010340632603406327,0.0,0.0,0.004562043795620438,0.004257907542579075,0.00030413625304136254,0.05079075425790754,0.03345498783454988,0.00030413625304136254,0.039537712895377136,0.0,0.26976885644768855,0.08485401459854015,0.0015206812652068127,0.002737226277372263,0.0,0.0,0.0,0.002737226277372263,0.0,0.0,0.0,0.01916058394160584,0.0,0.0
hiv_dinh-282,0.00020859407592824363,0.00980392156862745,0.0008343763037129745,0.0006257822277847309,0.22319566124322068,0.0006257822277847309,0.006675010429703797,0.0,0.0,0.0,0.0,0.005632040050062579,0.0,0.04860241969128077,0.0,0.00020859407592824363,0.00020859407592824363,0.0016687526074259493,0.00020859407592824363,0.0,0.0,0.0006257822277847309,0.019399249061326656,0.0,0.0,0.0725907384230288,0.012932832707551106,0.0,0.27513558614935335,0.00458906967042136,0.011055486024196913,0.0,0.03191489361702128,0.0,0.030246141009595325,0.0027117229870671673,0.0,0.00041718815185648727,0.009595327492699209,0.010012515644555695,0.0,0.003754693366708386,0.0,0.00396328744263663,0.009595327492699209,0.00020859407592824363,0.0,0.00041718815185648727,0.0,0.0,0.0,0.0,0.0636211931581143,0.0006257822277847309,0.011264080100125156,0.0,0.00041718815185648727
hiv_dinh-843,0.0011307297555884143,0.0,0.0,0.0005218752718100374,0.021744802992084894,0.029398973645298775,0.0006958336957467165,0.0,8.697921196833956e-05,0.0,0.0,0.015308341306427765,0.0,0.8230842828563973,0.0,0.0,0.0,0.008610941984865617,0.0,0.0,0.0,0.0,0.0,0.005305731930068713,0.0,0.0,0.0,0.0120901104635992,0.0,0.0,0.009393754892580673,0.0,0.0,0.000782812907715056,0.0,0.0,0.00408802296251196,0.00782812907715056,0.0,0.00043489605984169783,0.00391406453857528,0.0,0.0042619813864486385,0.009132817256675654,0.000608854483778377,0.0,0.0,0.0,0.0,0.00017395842393667913,0.0,0.0,0.0029572932069235453,0.0,0.0049578150821953555,0.0,0.0011307297555884143
hiv_dinh-895,0.00014869888475836432,0.0,0.0,0.0166542750929368,0.051895910780669144,0.0011895910780669145,0.008475836431226767,0.00014869888475836432,0.00029739776951672863,0.0,0.01144981412639405,0.01754646840148699,0.0,0.142453531598513,0.0,0.0,0.0025278810408921933,0.00014869888475836432,0.0,0.0,0.00014869888475836432,0.0011895910780669145,0.045799256505576216,0.0,0.0,0.0010408921933085502,0.0,0.0,0.07226765799256506,0.2749442379182156,0.005650557620817845,0.00014869888475836432,0.012639405204460965,0.0007434944237918215,0.0,0.0,0.00014869888475836432,0.024832713754646837,0.03866171003717472,0.0,0.0,0.0007434944237918215,0.0,0.03420074349442379,0.016356877323420074,0.00014869888475836432,0.0031226765799256505,0.0025278810408921933,0.0,0.00014869888475836432,0.0004460966542750929,0.0,0.0016356877323420074,0.021561338289962824,0.021561338289962824,0.00029739776951672863,0.0016356877323420074
hiv_dinh-2123,0.0,0.0,0.0,0.0007545542740109949,0.00010779346771585642,0.0,0.0,0.00010779346771585642,0.0,0.009270238223563652,0.0,0.3252128920987388,0.0,0.38083432144012075,0.0,0.0,0.0,0.0,0.0,0.0403147569257303,0.0,0.0,0.0,0.0,0.0,0.09496604505766951,0.0,0.0032338040314756926,0.0,0.0,0.0,0.0,0.00032338040314756927,0.0,0.0,0.0,0.027918508138406812,0.00032338040314756927,0.0,0.00021558693543171284,0.0034493909669074054,0.0,0.0009701412094427077,0.03740433329740218,0.0,0.0,0.0,0.0,0.0,0.0,0.0,0.0,0.0,0.0,0.026840573461248247,0.0,0.0
hiv_dinh-120NG,0.0003266906239790918,0.0,0.0,0.0022868343678536423,0.050637046716759226,0.0,0.0,0.0003266906239790918,0.0,0.0,0.0,0.0003266906239790918,0.0003266906239790918,0.626592616791898,0.0,0.0,0.0,0.015027768703038222,0.0,0.001633453119895459,0.0,0.0,0.0,0.0,0.010127409343351846,0.0009800718719372753,0.0,0.0,0.15681149950996404,0.0,0.013721006207121855,0.0,0.011760862463247305,0.0,0.0,0.0006533812479581836,0.0,0.0,0.0035935968637700096,0.020581509310682783,0.0,0.008820646847435477,0.0,0.009800718719372752,0.010127409343351844,0.0,0.0003266906239790918,0.0,0.0003266906239790918,0.0,0.0,0.0,0.001633453119895459,0.0,0.019274746814766416,0.0013067624959163672,0.0
hiv_dinh-12,0.00174433092449539,0.0,0.0,0.00049838026414154,0.05183154747072016,0.0,0.00174433092449539,0.0,0.00049838026414154,0.0,0.0,0.029155245452280088,0.0,0.04061799152753551,0.0,0.0,0.008721654622476949,0.05507101918764017,0.0,0.0,0.0,0.0,0.0,0.0,0.0,0.03289309743334164,0.0,0.0,0.01470221779217543,0.0,0.00523299277348617,0.0,0.4056815350112136,0.00049838026414154,0.0,0.00299028158484924,0.018440069773236978,0.01420383752803389,0.00099676052828308,0.0,0.0,0.00523299277348617,0.0,0.055320209319710933,0.00523299277348617,0.0,0.0,0.0,0.0,0.0,0.0,0.0,0.00174433092449539,0.0,0.07525541988537254,0.0,0.050336406678295545
hiv_dinh-710,0.0001165365342034728,0.0,0.0,0.013052091830788953,0.145670667754341,0.0,0.0016315114788486192,0.0,0.0,0.0,0.0,0.03461135065843142,0.0,0.22176902458920872,0.0,0.0,0.014450530241230627,0.013518237967602842,0.017597016664724394,0.0,0.0,0.000582682671017364,0.0,0.00046614613681389113,0.002680340286679874,0.007574874723225731,0.0,0.0002330730684069456,0.3526395524997087,0.0,0.0036126325603076568,0.0,0.029367206619275145,0.0,0.0006992192052208368,0.0018645845472555647,0.0003496096026104184,0.005127607504952803,0.017713553198927864,0.0,0.0001165365342034728,0.0025638037524764014,0.0,0.003029949889290292,0.020277356951404264,0.0,0.010604824612516023,0.0,0.006875655518004894,0.0004661461368138912,0.0001165365342034728,0.0,0.004428388299731966,0.0,0.02004428388299732,0.0,0.0
hiv_dinh-128TW,0.0008077544426494346,0.0,0.0,0.0,0.001211631663974152,0.007673667205169629,0.0,0.0008077544426494346,0.0,0.0,0.010904684975767368,0.06381260096930533,0.0,0.13812600969305333,0.0,0.0,0.004038772213247173,0.0,0.0,0.0004038772213247173,0.0,0.0,0.0,0.0,0.0,0.0004038772213247173,0.0,0.0,0.03796445880452343,0.5,0.0,0.0,0.004038772213247173,0.001211631663974152,0.0,0.0,0.0,0.0,0.001211631663974152,0.005654281098546042,0.0,0.0032310177705977385,0.0,0.0327140549273021,0.004846526655896608,0.0,0.0004038772213247173,0.0,0.0,0.0,0.0,0.0,0.0008077544426494346,0.0,0.0016155088852988692,0.0,0.0028271405492730213
hiv_dinh-164JO,0.0,0.0,0.0,0.0005221932114882506,0.004960835509138381,0.0,0.0,0.0,0.0,0.0,0.0002610966057441253,0.015926892950391645,0.0,0.8545691906005222,0.0,0.0,0.0,0.01462140992167102,0.00835509138381201,0.0,0.0,0.00391644908616188,0.0,0.0,0.012271540469973889,0.0010443864229765013,0.0,0.0002610966057441253,0.02637075718015666,0.0007832898172323759,0.0,0.0,0.0002610966057441253,0.0,0.0,0.0,0.0,0.014882506527415143,0.0,0.0,0.0,0.0,0.0,0.0002610966057441253,0.0007832898172323759,0.0,0.004699738903394255,0.0,0.0,0.0002610966057441253,0.0,0.0,0.0,0.0002610966057441253,0.0039164490861618795,0.0002610966057441253,0.0
hiv_dinh-172SW,0.0005773672055427252,0.0,0.0,0.0011547344110854503,0.07274826789838337,0.0011547344110854503,0.0011547344110854503,0.0,0.0,0.0,0.01212471131639723,0.009237875288683603,0.0005773672055427252,0.11316397228637415,0.0,0.0,0.0023094688221709007,0.0017321016166281754,0.0,0.0,0.03175519630484988,0.0005773672055427252,0.0040415704387990765,0.0005773672055427252,0.0,0.0005773672055427252,0.0,0.0,0.19630484988452657,0.2199769053117783,0.003464203233256351,0.0,0.008660508083140877,0.0,0.0,0.0005773672055427252,0.0,0.0005773672055427252,0.0,0.005773672055427252,0.0,0.0017321016166281754,0.0,0.06697459584295612,0.005773672055427251,0.0,0.0,0.0,0.0,0.0,0.0,0.0,0.0069284064665127015,0.0,0.008660508083140877,0.0,0.0005773672055427252
hiv_dinh-HG216,0.0,0.0,0.008782556026650516,0.0,0.006359781950333132,0.0012113870381586917,0.0003028467595396729,0.15021199273167776,0.0,0.0,0.0224106602059358,0.0015142337976983646,0.0,0.00817686250757117,0.0,0.0003028467595396729,0.0003028467595396729,0.0009085402786190187,0.0,0.0006056935190793458,0.0009085402786190187,0.0,0.007571168988491824,0.0,0.0009085402786190187,0.0024227740763173833,0.0003028467595396729,0.0,0.4003634161114476,0.08631132646880679,0.03422168382798304,0.002725620835857056,0.023924894003634165,0.0,0.0,0.005754088431253785,0.0,0.0003028467595396729,0.02271350696547547,0.008479709267110842,0.006965475469412478,0.0009085402786190188,0.0,0.036947304663840094,0.004239854633555421,0.0012113870381586917,0.10781344639612356,0.0,0.0,0.0006056935190793458,0.0003028467595396729,0.0,0.0003028467595396729,0.0,0.011811023622047244,0.0,0.0
hiv_dinh-064DB,0.0,0.0,0.0,0.0004608294930875576,0.026267281105990786,0.0,0.0004608294930875576,0.0004608294930875576,0.0,0.0,0.13640552995391705,0.005990783410138249,0.0,0.15944700460829492,0.0,0.0,0.0013824884792626728,0.0032258064516129032,0.0,0.0,0.0,0.009216589861751152,0.004147465437788019,0.0,0.003686635944700461,0.0009216589861751152,0.0,0.0,0.31981566820276497,0.2557603686635945,0.0,0.0,0.0032258064516129032,0.0,0.0,0.0018433179723502304,0.0,0.0004608294930875576,0.0,0.0,0.0,0.0,0.0,0.0009216589861751152,0.0,0.0,0.007373271889400922,0.0,0.0,0.0,0.0,0.0,0.0013824884792626728,0.0,0.0,0.0,0.0
hiv_dinh-453,0.0,0.0,0.0017031630170316302,0.005231143552311437,0.102676399026764,0.0051094890510948905,0.0023114355231143554,0.030535279805352797,0.0,0.0,0.00012165450121654502,0.018856447688564475,0.00012165450121654502,0.03600973236009733,0.0,0.0,0.005474452554744525,0.0,0.0,0.0,0.00024330900243309004,0.0,0.03260340632603406,0.0,0.04635036496350365,0.00036496350364963507,0.0,0.0,0.4936739659367396,0.010948905109489052,0.011435523114355231,0.008759124087591242,0.04939172749391728,0.00012165450121654502,0.0,0.00145985401459854,0.0,0.004136253041362531,0.008515815085158153,0.006690997566909976,0.0,0.0,0.0,0.011313868613138687,0.0014598540145985403,0.0037712895377128956,0.027980535279805353,0.0,0.0,0.0,0.0,0.0,0.000364963503649635,0.0,0.013260340632603406,0.0,0.0
hiv_dinh-198LW,0.019593613933236574,0.0,0.0,0.0010885341074020319,0.00544267053701016,0.0,0.0039912917271407835,0.0,0.0,0.0,0.0,0.0,0.0,0.7656023222060957,0.0,0.0,0.0,0.02177068214804064,0.0,0.0,0.0,0.0,0.0,0.0,0.0,0.0,0.0,0.0,0.11393323657474601,0.0,0.0,0.0,0.01088534107402032,0.0,0.0,0.0,0.000725689404934688,0.007982583454281567,0.0,0.0,0.0,0.0,0.0,0.0,0.001451378809869376,0.0,0.0,0.0,0.0,0.000362844702467344,0.0,0.0,0.01088534107402032,0.0,0.01451378809869376,0.0,0.009071117561683599
