,k__Bacteria;p__Firmicutes;c__Clostridia;o__Clostridiales;f__Ruminococcaceae;g__Clostridium_IV,k__Bacteria;p__Firmicutes;c__Bacilli;o__Lactobacillales;f__Lactobacillaceae;g__Pediococcus,k__Bacteria;p__Firmicutes;c__Clostridia;o__Clostridiales;f__Peptostreptococcaceae;g__Peptostreptococcus,k__Bacteria;p__Firmicutes;c__Clostridia;o__Clostridiales;f__Lachnospiraceae;g__Clostridium_XlVa,k__Bacteria;p__Firmicutes;c__Clostridia;o__Clostridiales;f__Lachnospiraceae;g__Lachnospiracea_incertae_sedis,k__Bacteria;p__Bacteroidetes;c__Bacteroidia;o__Bacteroidales;f__Prevotellaceae;g__Paraprevotella,k__Bacteria;p__Firmicutes;c__Clostridia;o__Clostridiales;f__Lachnospiraceae;g__Dorea,k__Bacteria;p__Firmicutes;c__Erysipelotrichia;o__Erysipelotrichales;f__Erysipelotrichaceae;g__Turicibacter,k__Bacteria;p__Firmicutes;c__Clostridia;o__Clostridiales;f__Ruminococcaceae;g__Butyricicoccus,k__Bacteria;p__Firmicutes;c__Negativicutes;o__Selenomonadales;f__Veillonellaceae;g__Dialister,k__Bacteria;p__Firmicutes;c__Clostridia;o__Clostridiales;f__Clostridiaceae_1;g__Sarcina,k__Bacteria;p__Firmicutes;c__Clostridia;o__Clostridiales;f__Clostridiales_Incertae_Sedis_XI;g__Peptoniphilus,k__Bacteria;p__Firmicutes;c__Bacilli;o__Lactobacillales;f__Streptococcaceae;g__Lactococcus,k__Bacteria;p__Proteobacteria;c__Gammaproteobacteria;o__Enterobacteriales;f__Enterobacteriaceae;g__Proteus,k__Bacteria;p__Bacteroidetes;c__Bacteroidia;o__Bacteroidales;f__Porphyromonadaceae;g__Parabacteroides,k__Bacteria;p__Firmicutes;c__Clostridia;o__Clostridiales;f__Lachnospiraceae;g__Lachnospira,k__Bacteria;p__Firmicutes;c__Clostridia;o__Clostridiales;f__Lachnospiraceae;g__Butyrivibrio,k__Bacteria;p__Bacteroidetes;c__Bacteroidia;o__Bacteroidales;f__Bacteroidaceae;g__Bacteroides,k__Bacteria;p__Firmicutes;c__Clostridia;o__Clostridiales;f__;g__Natranaerovirga,k__Bacteria;p__Bacteroidetes;c__Bacteroidia;o__Bacteroidales;f__Porphyromonadaceae;g__Barnesiella,k__Bacteria;p__Firmicutes;c__Clostridia;o__Clostridiales;f__Ruminococcaceae;g__Subdoligranulum,k__Bacteria;p__Bacteroidetes;c__Bacteroidia;o__Bacteroidales;f__Rikenellaceae;g__Alistipes,k__Bacteria;p__Firmicutes;c__Clostridia;o__Clostridiales;f__Ruminococcaceae;g__Acetanaerobacterium,k__Bacteria;p__Firmicutes;c__Negativicutes;o__Selenomonadales;f__Acidaminococcaceae;g__Phascolarctobacterium,k__Bacteria;p__Proteobacteria;c__Betaproteobacteria;o__Burkholderiales;f__Sutterellaceae;g__Parasutterella,k__Bacteria;p__Firmicutes;c__Clostridia;o__Clostridiales;f__Lachnospiraceae;g__Roseburia,k__Bacteria;p__Proteobacteria;c__Betaproteobacteria;o__Burkholderiales;f__Sutterellaceae;g__Sutterella,k__Bacteria;p__Firmicutes;c__Erysipelotrichia;o__Erysipelotrichales;f__Erysipelotrichaceae;g__Catenibacterium,k__Bacteria;p__Firmicutes;c__Bacilli;o__Lactobacillales;f__Lactobacillaceae;g__Lactobacillus,k__Bacteria;p__Proteobacteria;c__Gammaproteobacteria;o__Enterobacteriales;f__Enterobacteriaceae;g__Escherichia/Shigella,k__Bacteria;p__Proteobacteria;c__Gammaproteobacteria;o__Enterobacteriales;f__Enterobacteriaceae;g__Enterobacter,k__Bacteria;p__Firmicutes;c__Erysipelotrichia;o__Erysipelotrichales;f__Erysipelotrichaceae;g__Holdemania,k__Bacteria;p__Firmicutes;c__Clostridia;o__Clostridiales;f__Lachnospiraceae;g__Anaerostipes,k__Bacteria;p__Firmicutes;c__Bacilli;o__Lactobacillales;f__Enterococcaceae;g__Enterococcus,k__Bacteria;p__Actinobacteria;c__Actinobacteria;o__Coriobacteriales;f__Coriobacteriaceae;g__Collinsella,k__Bacteria;p__Actinobacteria;c__Actinobacteria;o__Actinomycetales;f__Actinomycetaceae;g__Actinomyces,k__Bacteria;p__Firmicutes;c__Negativicutes;o__Selenomonadales;f__Veillonellaceae;g__Veillonella,k__Bacteria;p__Firmicutes;c__Clostridia;o__Clostridiales;f__Ruminococcaceae;g__Faecalibacterium,k__Bacteria;p__Bacteroidetes;c__Bacteroidia;o__Bacteroidales;f__Prevotellaceae;g__Prevotella,k__Bacteria;p__Firmicutes;c__Clostridia;o__Clostridiales;f__Lachnospiraceae;g__Coprococcus,k__Bacteria;p__Actinobacteria;c__Actinobacteria;o__Coriobacteriales;f__Coriobacteriaceae;g__Eggerthella,k__Bacteria;p__Firmicutes;c__Clostridia;o__Clostridiales;f__Ruminococcaceae;g__Gemmiger,k__Bacteria;p__Proteobacteria;c__Gammaproteobacteria;o__Enterobacteriales;f__Enterobacteriaceae;g__Raoultella,k__Bacteria;p__Bacteroidetes;c__Bacteroidia;o__Bacteroidales;f__Prevotellaceae;g__Hallella,k__Bacteria;p__Firmicutes;c__Clostridia;o__Clostridiales;f__Ruminococcaceae;g__Flavonifractor,k__Bacteria;p__Proteobacteria;c__Gammaproteobacteria;o__Enterobacteriales;f__Enterobacteriaceae;g__Klebsiella,k__Bacteria;p__Firmicutes;c__Clostridia;o__Clostridiales;f__Lachnospiraceae;g__Clostridium_XlVb,k__Bacteria;p__Firmicutes;c__Erysipelotrichia;o__Erysipelotrichales;f__Erysipelotrichaceae;g__Clostridium_XVIII,k__Bacteria;p__Verrucomicrobia;c__Verrucomicrobiae;o__Verrucomicrobiales;f__Verrucomicrobiaceae;g__Akkermansia,k__Bacteria;p__Firmicutes;c__Bacilli;o__Lactobacillales;f__Streptococcaceae;g__Streptococcus,k__Bacteria;p__Proteobacteria;c__Gammaproteobacteria;o__Pasteurellales;f__Pasteurellaceae;g__Haemophilus,k__Bacteria;p__Firmicutes;c__Erysipelotrichia;o__Erysipelotrichales;f__Erysipelotrichaceae;g__Erysipelotrichaceae_incertae_sedis,k__Bacteria;p__Firmicutes;c__Negativicutes;o__Selenomonadales;f__Veillonellaceae;g__Negativicoccus,k__Bacteria;p__Actinobacteria;c__Actinobacteria;o__Coriobacteriales;f__Coriobacteriaceae;g__Atopobium,k__Bacteria;p__Firmicutes;c__Bacilli;o__Lactobacillales;f__Carnobacteriaceae;g__Granulicatella,k__Bacteria;p__Firmicutes;c__Clostridia;o__Clostridiales;f__Peptostreptococcaceae;g__Clostridium_XI,k__Bacteria;p__Firmicutes;c__Bacilli;o__Lactobacillales;f__Aerococcaceae;g__Abiotrophia,k__Bacteria;p__Firmicutes;c__Clostridia;o__Clostridiales;f__Clostridiaceae_1;g__Clostridium_sensu_stricto,k__Bacteria;p__Firmicutes;c__Clostridia;o__Clostridiales;f__Ruminococcaceae;g__Hydrogenoanaerobacterium,k__Bacteria;p__Firmicutes;c__Clostridia;o__Clostridiales;f__Lachnospiraceae;g__Ruminococcus2,k__Bacteria;p__Firmicutes;c__Clostridia;o__Clostridiales;f__Ruminococcaceae;g__Oscillibacter,k__Bacteria;p__Bacteroidetes;c__Bacteroidia;o__Bacteroidales;f__Porphyromonadaceae;g__Odoribacter,k__Bacteria;p__Firmicutes;c__Negativicutes;o__Selenomonadales;f__Veillonellaceae;g__Megasphaera,k__Bacteria;p__Proteobacteria;c__Gammaproteobacteria;o__Aeromonadales;f__Succinivibrionaceae;g__Succinivibrio,k__Bacteria;p__Firmicutes;c__Clostridia;o__Clostridiales;f__Ruminococcaceae;g__Ruminococcus,k__Bacteria;p__Firmicutes;c__Clostridia;o__Clostridiales;f__Ruminococcaceae;g__Anaerotruncus,k__Bacteria;p__Proteobacteria;c__Deltaproteobacteria;o__Desulfovibrionales;f__Desulfovibrionaceae;g__Bilophila,k__Bacteria;p__Firmicutes;c__Clostridia;o__Clostridiales;f__Ruminococcaceae;g__Pseudoflavonifractor,k__Bacteria;p__Proteobacteria;c__Gammaproteobacteria;o__Enterobacteriales;f__Enterobacteriaceae;g__Providencia,k__Bacteria;p__Firmicutes;c__Negativicutes;o__Selenomonadales;f__Acidaminococcaceae;g__Acidaminococcus,k__Bacteria;p__Firmicutes;c__Clostridia;o__Clostridiales;f__Clostridiales_Incertae_Sedis_XI;g__Parvimonas,k__Bacteria;p__Actinobacteria;c__Actinobacteria;o__Bifidobacteriales;f__Bifidobacteriaceae;g__Bifidobacterium,k__Bacteria;p__Fusobacteria;c__Fusobacteriia;o__Fusobacteriales;f__Fusobacteriaceae;g__Fusobacterium,k__Bacteria;p__Firmicutes;c__Clostridia;o__Clostridiales;f__Lachnospiraceae;g__Blautia,k__Bacteria;p__Bacteroidetes;c__Bacteroidia;o__Bacteroidales;f__Porphyromonadaceae;g__Butyricimonas,k__Bacteria;p__Proteobacteria;c__Gammaproteobacteria;o__Enterobacteriales;f__Enterobacteriaceae;g__Cronobacter
ibd_papa-099A,0.0,0.0,0.0,0.06941176470588235,0.0,0.0,0.004705882352941176,0.0,0.0,0.002352941176470588,0.0,0.0,0.0,0.0,0.0,0.0,0.0,0.14470588235294116,0.0,0.0,0.0,0.0,0.0,0.0,0.0,0.0,0.0,0.0,0.0,0.09647058823529411,0.0,0.0,0.0,0.0,0.0,0.0,0.0,0.4470588235294118,0.0,0.0,0.0035294117647058825,0.002352941176470588,0.0,0.0,0.023529411764705882,0.0,0.002352941176470588,0.0058823529411764705,0.0,0.001176470588235294,0.0,0.001176470588235294,0.0,0.0,0.0,0.012941176470588235,0.0,0.021176470588235293,0.0,0.09294117647058824,0.0,0.0,0.0,0.0,0.0,0.0,0.0,0.002352941176470588,0.0,0.0,0.0,0.0,0.0,0.05411764705882352,0.0,0.0035294117647058825
ibd_papa-199A,0.008347978910369069,0.0,0.0,0.009666080843585237,0.007469244288224956,0.0030755711775043936,0.0030755711775043936,0.0,0.0008787346221441124,0.006590509666080844,0.0,0.0,0.0,0.0,0.0210896309314587,0.0013181019332161687,0.0,0.27460456942003514,0.0,0.007908611599297012,0.0,0.07952548330404219,0.0,0.0531634446397188,0.0,0.0421792618629174,0.0,0.0,0.0,0.0,0.0,0.0004393673110720562,0.0004393673110720562,0.0,0.02240773286467487,0.0,0.0,0.03690685413005272,0.01625659050966608,0.0,0.0,0.0681019332161687,0.0,0.0,0.0,0.0,0.0,0.0,0.039103690685413,0.0,0.0,0.0,0.0,0.0,0.0,0.0017574692442882249,0.0,0.0,0.0,0.0004393673110720562,0.002196836555360281,0.005272407732864675,0.0,0.0,0.010984182776801407,0.0,0.0,0.0008787346221441124,0.0,0.0,0.0,0.046133567662565905,0.0,0.01054481546572935,0.0,0.0
ibd_papa-062B,0.0,0.0,0.0,0.2495114006514658,0.0,0.0,0.0,0.0,0.0,0.0,0.0,0.0,0.0,0.0,0.0,0.0,0.0,0.4553745928338762,0.0,0.0,0.0,0.0,0.0,0.0,0.0,0.0482084690553746,0.0,0.0,0.006514657980456026,0.09055374592833877,0.0,0.0,0.004560260586319218,0.001954397394136808,0.0,0.0,0.007817589576547232,0.0,0.0,0.0,0.0,0.0026058631921824105,0.0,0.0,0.0006514657980456026,0.0006514657980456026,0.0,0.00977198697068404,0.0,0.00977198697068404,0.0006514657980456026,0.0013029315960912053,0.0,0.0,0.0,0.0013029315960912053,0.0,0.0,0.0,0.009120521172638438,0.0,0.0,0.0006514657980456026,0.0,0.0,0.0,0.0,0.0,0.0,0.0,0.0,0.0,0.0026058631921824105,0.09446254071661238,0.0,0.0013029315960912053
ibd_papa-194A,0.0,0.006072874493927126,0.0,0.005398110661268557,0.0,0.0,0.0,0.0,0.0,0.0,0.0,0.0,0.0,0.011470985155195682,0.0,0.0,0.0,0.45074224021592446,0.0,0.0,0.0,0.0,0.0,0.0,0.0,0.0,0.0,0.0,0.0,0.058029689608636977,0.0,0.0,0.0,0.0006747638326585695,0.0,0.0,0.031039136302294195,0.20377867746288797,0.0,0.0,0.0,0.0,0.0,0.0,0.0,0.0,0.0,0.0,0.0,0.002699055330634278,0.0006747638326585695,0.0,0.0,0.0006747638326585695,0.0,0.0020242914979757085,0.0,0.004723346828609987,0.0,0.0,0.0,0.0,0.0,0.0,0.0,0.0,0.0,0.0,0.0,0.0,0.0,0.017543859649122806,0.0,0.20445344129554657,0.0,0.0
ibd_papa-166A,0.0,0.0,0.0,0.004127358490566038,0.005306603773584906,0.0,0.0,0.0076650943396226415,0.0,0.027712264150943397,0.0,0.0,0.0,0.0,0.0,0.02122641509433962,0.0,0.08254716981132076,0.0,0.0,0.0,0.0,0.0,0.0,0.0,0.107311320754717,0.0,0.0,0.0,0.008254716981132075,0.0,0.0,0.0,0.0005896226415094339,0.0,0.0,0.009433962264150943,0.32252358490566035,0.3207547169811321,0.008254716981132075,0.0,0.0,0.0,0.0,0.0,0.0,0.0,0.0,0.0,0.018278301886792452,0.025353773584905658,0.0011792452830188679,0.0,0.0,0.0,0.0011792452830188679,0.0,0.010023584905660379,0.0,0.0011792452830188679,0.0,0.0,0.0,0.0,0.0,0.0,0.0,0.0,0.0,0.0,0.0,0.0,0.0,0.015330188679245283,0.0,0.0005896226415094339
ibd_papa-219A,0.0,0.0,0.0,0.0,0.0,0.0,0.0,0.0,0.0,0.0,0.0,0.0,0.0,0.0,0.0010298661174047373,0.0,0.0,0.003089598352214212,0.0,0.0,0.0,0.0,0.0,0.0,0.0,0.005149330587023687,0.0,0.0,0.41297631307929966,0.47682801235839345,0.0,0.0,0.0,0.003089598352214212,0.0,0.0,0.0,0.0010298661174047373,0.0,0.0,0.0,0.0,0.0,0.0,0.0,0.0,0.0,0.0,0.0,0.02368692070030896,0.010298661174047374,0.0,0.0,0.0,0.0,0.0,0.0020597322348094747,0.0,0.0,0.0,0.0,0.0,0.0,0.0,0.0,0.0,0.0,0.0,0.0,0.0,0.0,0.04840370751802265,0.0,0.0020597322348094747,0.0,0.008238928939237899
ibd_papa-132A,0.0,0.0,0.0,0.10941935483870968,0.0,0.0,0.003096774193548387,0.0,0.0,0.012903225806451613,0.0,0.0,0.0,0.0,0.0059354838709677425,0.006193548387096774,0.0,0.2,0.0,0.0,0.0,0.0,0.0,0.0,0.0,0.2216774193548387,0.0,0.0,0.0,0.0,0.0,0.0,0.005419354838709678,0.0,0.0,0.0,0.06529032258064515,0.1726451612903226,0.0,0.0005161290322580645,0.0,0.0,0.0,0.0,0.0,0.0,0.0,0.0018064516129032257,0.0,0.07896774193548387,0.06270967741935485,0.0,0.0,0.0,0.0,0.006193548387096774,0.0,0.007483870967741935,0.0,0.0007741935483870968,0.0,0.0,0.0,0.0,0.0005161290322580645,0.0,0.0,0.0,0.0,0.0,0.0,0.001032258064516129,0.0,0.008516129032258065,0.0,0.0
ibd_papa-026A,0.00048484848484848484,0.0,0.0,0.0,0.0,0.0,0.0,0.00048484848484848484,0.0,0.002909090909090909,0.0,0.0,0.0,0.0,0.0,0.0,0.0,0.00048484848484848484,0.016727272727272726,0.0,0.0,0.0,0.0,0.0,0.0,0.0,0.0,0.0,0.0,0.01503030303030303,0.0,0.0,0.0,0.00048484848484848484,0.0,0.0,0.25793939393939397,0.0,0.20775757575757575,0.0,0.0,0.0,0.006303030303030303,0.0009696969696969697,0.0,0.2841212121212121,0.0,0.0,0.0,0.022303030303030304,0.026666666666666665,0.0,0.0,0.0,0.0,0.027878787878787878,0.0,0.00024242424242424242,0.0,0.0,0.0,0.0,0.0014545454545454545,0.0,0.0,0.0,0.0,0.0,0.0019393939393939393,0.0,0.0,0.0,0.027636363636363636,0.0,0.0,0.009696969696969697
ibd_papa-102A,0.006007133470996809,0.0,0.0,0.31987985733058005,0.0,0.0,0.0,0.0,0.0015017833677492022,0.0030035667354984044,0.0,0.0,0.0,0.0,0.0011263375258119017,0.0,0.0,0.049934296977660976,0.0,0.0,0.02665665477754834,0.0007508916838746011,0.002064952130655153,0.0,0.0007508916838746011,0.0,0.04505350103247606,0.0,0.0,0.0,0.0,0.0,0.0,0.0,0.00037544584193730055,0.0,0.0011263375258119017,0.0018772292096865028,0.0,0.0,0.0,0.051060634503472875,0.0,0.0,0.02646893185657969,0.0009386146048432514,0.0,0.0030035667354984044,0.003379012577435705,0.0022526750516238033,0.0,0.003379012577435705,0.0,0.0,0.0,0.0,0.00037544584193730055,0.0,0.0046930730242162565,0.00037544584193730055,0.02008635254364558,0.0,0.30392340904824483,0.0,0.0007508916838746011,0.002628120893561104,0.006382579312934109,0.0,0.0,0.0,0.0,0.0015017833677492022,0.0,0.007696639759714661,0.0,0.0
ibd_papa-140A,0.0,0.0,0.0,0.011516314779270632,0.03262955854126679,0.0,0.0,0.0,0.0,0.0,0.0,0.0,0.0,0.0,0.030710172744721688,0.0,0.0,0.05374280230326296,0.0,0.0,0.0,0.0019193857965451055,0.0,0.0,0.005758157389635317,0.015355086372360844,0.0,0.0,0.0,0.0,0.0,0.0,0.003838771593090211,0.0,0.0,0.0,0.0,0.710172744721689,0.011516314779270634,0.0,0.0,0.007677543186180422,0.0,0.0,0.0,0.0,0.0,0.0,0.0,0.0,0.0,0.0,0.0,0.0,0.0,0.005758157389635317,0.0,0.0,0.0,0.003838771593090211,0.0,0.0,0.0,0.0,0.0,0.0,0.0,0.0,0.0,0.0,0.0,0.026871401151631478,0.0,0.05374280230326296,0.0,0.0
ibd_papa-005A,0.0,0.0,0.0,0.03760552570990023,0.0,0.0,0.0,0.0,0.0,0.0,0.0,0.0,0.0,0.0,0.0,0.0,0.0,0.0,0.0,0.0,0.0,0.0,0.0,0.0,0.0,0.0,0.0,0.0,0.0,0.0,0.0,0.0,0.09286262471220261,0.023791250959324634,0.0,0.0,0.0,0.0,0.0,0.0,0.0,0.0,0.0,0.0,0.4842670759785111,0.0,0.0,0.052187260168841135,0.0,0.0,0.0,0.0,0.0,0.0,0.0,0.2762854950115119,0.0,0.02916346891788181,0.0,0.0,0.0,0.0,0.0,0.0,0.0,0.0,0.0,0.0,0.0,0.0,0.0,0.0015349194167306216,0.0,0.0,0.0,0.0
ibd_papa-080A,0.0,0.0,0.0,0.14447134786117835,0.0016142050040355124,0.0,0.0,0.0,0.0016142050040355124,0.0,0.0,0.0,0.0,0.0,0.19370460048426152,0.0,0.0,0.38660209846650523,0.0,0.0,0.0,0.12106537530266344,0.0,0.009685230024213076,0.02017756255044391,0.0,0.0,0.0,0.0,0.0,0.0,0.0,0.0,0.0,0.0,0.0,0.0,0.05569007263922518,0.0,0.0,0.0016142050040355124,0.0008071025020177562,0.0,0.0,0.01775625504439064,0.0,0.016142050040355124,0.0,0.0,0.0,0.0,0.00645682001614205,0.0,0.0,0.0,0.003228410008071025,0.0,0.0,0.0,0.008878127522195318,0.003228410008071025,0.0,0.0,0.0,0.0,0.0,0.0,0.0,0.0,0.0,0.0,0.0008071025020177562,0.0,0.002421307506053269,0.0,0.0
ibd_papa-103A,0.022870211549456832,0.0,0.0,0.01486563750714694,0.09491137793024586,0.0,0.02058319039451115,0.0,0.014865637507146942,0.031446540880503145,0.0,0.0,0.0,0.0,0.0,0.0,0.0,0.12921669525443108,0.0,0.0,0.0,0.012006861063464836,0.0,0.0,0.0,0.1212121212121212,0.0,0.0,0.0,0.0011435105774728416,0.0,0.0,0.002287021154945683,0.0,0.0,0.0,0.0,0.20297312750142937,0.0,0.0,0.002287021154945683,0.006289308176100629,0.0,0.0,0.0,0.0,0.002858776443682104,0.0005717552887364208,0.004002287021154946,0.0274442538593482,0.0005717552887364208,0.0005717552887364208,0.0,0.0,0.0,0.0005717552887364208,0.0,0.0,0.0,0.008576329331046312,0.0005717552887364208,0.0,0.0,0.0,0.0005717552887364208,0.0,0.0,0.0,0.0,0.0,0.0,0.0137221269296741,0.0,0.1749571183533448,0.0,0.0
ibd_papa-234A,0.013690105787181083,0.0,0.0,0.016179215930304917,0.027380211574362167,0.0,0.016801493466085875,0.0,0.015556938394523958,0.04355942750466709,0.0,0.0,0.001866832607342875,0.0,0.0074673304293715,0.0,0.0,0.18419415059116367,0.0,0.0,0.0,0.0012445550715619166,0.0,0.0,0.0,0.09894212818917238,0.0,0.0,0.0,0.006222775357809582,0.0,0.0,0.0006222775357809583,0.0,0.029869321717486002,0.0,0.0006222775357809583,0.18606098319850656,0.0,0.013067828251400123,0.0006222775357809583,0.0522713130056005,0.0,0.0,0.0074673304293715,0.0,0.01120099564405725,0.001866832607342875,0.0,0.06098319850653392,0.0,0.0006222775357809583,0.0,0.0,0.0,0.0,0.0,0.0,0.0,0.008711885500933415,0.00373366521468575,0.0,0.0,0.0,0.0,0.0,0.0,0.0,0.0,0.0,0.0,0.014312383322962042,0.0,0.1176104542626011,0.0,0.0
ibd_papa-222A,0.018102824040550327,0.0,0.0,0.00941346850108617,0.017378711078928313,0.0,0.00724112961622013,0.0,0.010137581462708182,0.0,0.0,0.0,0.0,0.0,0.008689355539464157,0.0,0.0,0.057204923968139025,0.0,0.0,0.0,0.01955104996379435,0.0,0.013034033309196237,0.000724112961622013,0.03258508327299059,0.0,0.0,0.0,0.001448225923244026,0.0,0.0,0.002896451846488052,0.0,0.010861694424330198,0.0,0.0,0.44677769732078204,0.0,0.014482259232440262,0.000724112961622013,0.002172338884866039,0.0,0.0,0.0,0.0,0.005068790731354091,0.003620564808110065,0.0,0.09847936278059377,0.0,0.003620564808110065,0.0,0.0,0.0,0.004344677769732078,0.0,0.0,0.0,0.000724112961622013,0.0,0.0,0.0,0.0,0.0,0.0,0.0,0.0,0.0,0.0,0.0,0.0,0.0,0.15133960897900073,0.0,0.0
ibd_papa-136A,0.0,0.0,0.0,0.046799354491662185,0.008606777837547068,0.0,0.0,0.0,0.0,0.0,0.0,0.0,0.0,0.0,0.0,0.0,0.0,0.0,0.011296395911780527,0.0,0.0,0.0,0.0,0.0,0.0,0.17966648735879506,0.0005379236148466917,0.0,0.0,0.048413125336202255,0.0,0.0,0.0032275416890801506,0.0053792361484669175,0.0,0.0,0.04464766003227541,0.32114039806347494,0.0,0.0,0.0,0.13125336202259277,0.0,0.0,0.0,0.002151694459386767,0.0,0.006993006993006992,0.0,0.04303388918773533,0.009682625067240451,0.0322754168908015,0.0,0.0,0.0,0.00914470145239376,0.0,0.0016137708445400753,0.0,0.0,0.0,0.0,0.0,0.0,0.001613770844540075,0.0,0.0,0.0,0.0005379236148466917,0.0,0.0,0.019903173749327593,0.0,0.06401291016675632,0.0,0.0010758472296933835
ibd_papa-016A,0.0,0.0,0.0,0.012838801711840228,0.01783166904422254,0.0,0.006419400855920115,0.0,0.0,0.004992867332382311,0.0,0.0,0.0,0.0,0.0,0.0007132667617689016,0.0,0.2817403708987161,0.0,0.0,0.0,0.0,0.0,0.0,0.0,0.06704707560627675,0.0014265335235378032,0.0,0.0,0.0007132667617689016,0.0,0.0,0.00927246790299572,0.0,0.0,0.0,0.0042796005706134095,0.3223965763195435,0.0,0.0,0.0007132667617689016,0.0028530670470756064,0.0,0.0,0.0014265335235378032,0.0,0.003566333808844508,0.005706134094151213,0.01283880171184023,0.007845934379457919,0.0028530670470756064,0.0028530670470756064,0.0,0.0,0.0,0.0042796005706134095,0.0,0.0,0.0,0.0,0.0,0.0,0.0,0.0,0.06134094151212554,0.0,0.0,0.0,0.0,0.0,0.0,0.0021398002853067048,0.0,0.049928673323823114,0.0,0.0
ibd_papa-018A,0.0,0.0,0.0,0.11951447245564892,0.0018674136321195146,0.0,0.0,0.0,0.003734827264239029,0.0765639589169001,0.0,0.0,0.0,0.0,0.0,0.0,0.0,0.41083099906629317,0.0,0.0,0.0,0.0,0.0,0.0,0.0,0.0588235294117647,0.0,0.0,0.1465919701213819,0.029878618113912233,0.0,0.0,0.0028011204481792717,0.0,0.0,0.0,0.0,0.0018674136321195146,0.0,0.0,0.0018674136321195146,0.0,0.0,0.0,0.009337068160597572,0.0,0.014939309056956115,0.0056022408963585435,0.0,0.013071895424836602,0.0,0.011204481792717087,0.0,0.0,0.0,0.0056022408963585435,0.0,0.0,0.0,0.0,0.0,0.0,0.0,0.0,0.0,0.0,0.0,0.0,0.0,0.0,0.0,0.0,0.015873015873015872,0.07002801120448178,0.0,0.0
ibd_papa-172A,0.0,0.0,0.0,0.020118343195266272,0.0035502958579881655,0.0,0.002366863905325444,0.0,0.0,0.002366863905325444,0.0,0.0,0.0,0.0,0.001183431952662722,0.007100591715976331,0.0,0.05207100591715977,0.0,0.0,0.0,0.0035502958579881655,0.0,0.0,0.0,0.1455621301775148,0.0,0.0,0.0,0.0,0.0,0.0,0.0,0.0,0.002366863905325444,0.0,0.0,0.6544378698224852,0.0,0.0035502958579881655,0.0,0.056804733727810655,0.0,0.0,0.0,0.0,0.001183431952662722,0.0,0.0,0.001183431952662722,0.002366863905325444,0.0,0.0,0.0,0.0,0.0,0.0,0.0,0.0,0.001183431952662722,0.0,0.0,0.0,0.0,0.005917159763313609,0.0,0.0,0.0,0.0,0.0,0.0,0.0,0.0,0.020118343195266272,0.0,0.0
ibd_papa-124A,0.0012970168612191958,0.0,0.0,0.006485084306095979,0.061608300907911806,0.0,0.011673151750972763,0.0,0.005188067444876783,0.0,0.0,0.0,0.0,0.0,0.0006485084306095979,0.0,0.0,0.0032425421530479894,0.0,0.0,0.0,0.0,0.0,0.0006485084306095979,0.0,0.046044098573281456,0.0,0.0006485084306095979,0.0,0.0,0.0,0.0019455252918287938,0.0032425421530479894,0.0,0.04474708171206226,0.0,0.0,0.004539559014267185,0.0,0.0038910505836575876,0.0025940337224383916,0.0025940337224383916,0.0,0.0,0.0006485084306095979,0.0006485084306095979,0.0,0.01556420233463035,0.0,0.07328145265888458,0.0,0.04798962386511024,0.0,0.0,0.0,0.00648508430609598,0.0,0.0019455252918287938,0.0,0.013618677042801557,0.0,0.0,0.0,0.0,0.0,0.0,0.0,0.0,0.0,0.0,0.0,0.0,0.0,0.530479896238651,0.0,0.0
ibd_papa-155A,0.035820895522388055,0.0,0.0,0.04875621890547264,0.0,0.0,0.0,0.0,0.0,0.011940298507462685,0.0,0.0,0.0,0.0,0.04975124378109452,0.0029850746268656717,0.0,0.4686567164179104,0.0,0.0,0.0,0.05074626865671642,0.0,0.07860696517412935,0.0,0.04477611940298507,0.0,0.0,0.0,0.0,0.0,0.0,0.0029850746268656712,0.0,0.0,0.0,0.0,0.08756218905472637,0.0,0.0,0.0,0.024875621890547265,0.0,0.0,0.013930348258706466,0.0,0.0,0.004975124378109453,0.005970149253731343,0.0029850746268656712,0.0,0.0029850746268656717,0.0,0.0,0.0,0.001990049751243781,0.0,0.0,0.0,0.014925373134328358,0.0029850746268656712,0.001990049751243781,0.0,0.0,0.0,0.0,0.0,0.0,0.0,0.0,0.0,0.006965174129353234,0.0,0.020895522388059702,0.0,0.0
ibd_papa-233A,0.004132231404958678,0.0,0.0,0.008953168044077135,0.028236914600550965,0.0,0.05991735537190083,0.0,0.0,0.06060606060606061,0.0,0.0,0.0,0.0,0.008953168044077135,0.0,0.0,0.26170798898071623,0.0,0.0,0.0,0.0013774104683195593,0.0,0.0,0.0,0.14531680440771352,0.0,0.0,0.0,0.0013774104683195593,0.0,0.0,0.0,0.0,0.0,0.0,0.0,0.18044077134986228,0.0,0.0006887052341597796,0.0013774104683195593,0.0013774104683195593,0.0,0.0,0.008264462809917356,0.0,0.0,0.0,0.0,0.004132231404958678,0.0,0.0048209366391184574,0.0,0.0,0.0,0.006198347107438017,0.0,0.002066115702479339,0.0,0.0048209366391184574,0.003443526170798898,0.0,0.0,0.0,0.0,0.0,0.0,0.0,0.0,0.06611570247933884,0.0,0.03168044077134986,0.0,0.087465564738292,0.0,0.0
ibd_papa-216A,0.0,0.0,0.0,0.0013831258644536654,0.002074688796680498,0.0,0.006915629322268327,0.0,0.0006915629322268327,0.0,0.0,0.0,0.0,0.0,0.0006915629322268327,0.0,0.0,0.06639004149377593,0.0,0.0,0.0,0.0,0.0,0.0,0.0,0.22614107883817425,0.0,0.0,0.0,0.0,0.0,0.0,0.021438450899031812,0.0,0.0,0.0,0.0,0.4017980636237898,0.0,0.021438450899031812,0.0,0.008990318118948824,0.0,0.0,0.0,0.0,0.0,0.004149377593360996,0.0,0.01867219917012448,0.0,0.0027662517289073307,0.0,0.0,0.0,0.0006915629322268327,0.0,0.0,0.0,0.0,0.005532503457814661,0.0,0.0,0.0,0.0,0.0,0.0,0.0,0.0,0.0,0.0,0.0,0.0,0.17911479944674963,0.0,0.0
ibd_papa-215A,0.0,0.11740890688259109,0.0,0.0020242914979757085,0.0,0.0,0.008097165991902834,0.006072874493927126,0.0,0.0,0.0,0.0,0.0,0.0,0.0,0.0,0.0,0.2611336032388664,0.0,0.0,0.0,0.0,0.0,0.0,0.0,0.0,0.0,0.0,0.018218623481781375,0.18016194331983804,0.0,0.0,0.0,0.0020242914979757085,0.006072874493927126,0.0020242914979757085,0.11133603238866398,0.03643724696356275,0.018218623481781375,0.0,0.0,0.0,0.0,0.0,0.0,0.008097165991902834,0.0,0.0,0.0,0.10526315789473685,0.010121457489878543,0.0,0.0,0.0,0.0,0.0020242914979757085,0.0,0.0,0.0,0.0,0.0,0.0,0.0,0.0,0.0,0.0,0.0,0.0,0.0,0.0,0.0,0.09514170040485831,0.0,0.0,0.0,0.006072874493927126
ibd_papa-038A,0.0,0.0,0.0,0.0,0.0,0.0,0.0,0.0,0.0,0.0,0.0,0.0,0.0,0.011945392491467578,0.0,0.0,0.0,0.0,0.0,0.0,0.0,0.0,0.0,0.0,0.0,0.0,0.0,0.0,0.4351535836177474,0.027303754266211604,0.0034129692832764505,0.0,0.0,0.0,0.0,0.0,0.31569965870307165,0.0,0.0,0.0,0.0,0.0,0.040955631399317405,0.0,0.0,0.013651877133105802,0.0,0.0,0.0,0.07167235494880546,0.0,0.0,0.0,0.0,0.0,0.0017064846416382253,0.0,0.010238907849829351,0.0,0.0,0.0,0.0,0.0,0.0,0.0,0.0,0.0,0.0,0.0,0.0,0.0,0.0,0.0,0.0,0.0,0.0
ibd_papa-048A,0.005676442762535478,0.0,0.0,0.01892147587511826,0.03216650898770104,0.0,0.0293282876064333,0.0,0.0,0.0,0.0,0.0,0.0,0.0,0.011352885525070956,0.0,0.0,0.2317880794701987,0.0,0.0,0.0,0.017975402081362345,0.0,0.04730368968779566,0.0,0.023651844843897825,0.0,0.0,0.0,0.0,0.0,0.003784295175023652,0.000946073793755913,0.0,0.021759697256385997,0.0,0.000946073793755913,0.14285714285714285,0.0,0.005676442762535478,0.0,0.008514664143803218,0.0,0.0,0.010406811731315042,0.0,0.023651844843897825,0.007568590350047304,0.0,0.028382213812677394,0.0,0.002838221381267739,0.0,0.0,0.0,0.0,0.0,0.0,0.0,0.05203405865657522,0.002838221381267739,0.002838221381267739,0.0,0.0,0.0,0.0,0.0,0.0,0.0,0.0,0.0,0.002838221381267739,0.0,0.2043519394512772,0.0,0.0
ibd_papa-195A,0.002702702702702703,0.0,0.0,0.032432432432432434,0.0018018018018018018,0.0,0.0036036036036036037,0.0,0.0,0.08198198198198199,0.0,0.00990990990990991,0.0,0.0,0.0,0.0,0.0,0.40540540540540543,0.0,0.0,0.0,0.05045045045045045,0.0,0.0,0.0,0.05045045045045045,0.0,0.0,0.0,0.009909909909909911,0.0,0.0,0.0009009009009009009,0.0,0.0,0.0,0.0009009009009009009,0.22792792792792793,0.0,0.0,0.0,0.015315315315315313,0.0,0.0,0.010810810810810811,0.0,0.0,0.0018018018018018018,0.0018018018018018018,0.0,0.0,0.0,0.0,0.0,0.0,0.0018018018018018018,0.0,0.0009009009009009009,0.0,0.0,0.0045045045045045045,0.0,0.0,0.0,0.0,0.0,0.0,0.0,0.0,0.0,0.06756756756756757,0.0036036036036036037,0.0,0.0045045045045045045,0.0,0.0
ibd_papa-024A,0.0009293680297397769,0.0,0.0,0.016728624535315983,0.016728624535315983,0.0,0.0,0.0,0.0009293680297397769,0.0,0.0,0.0,0.0,0.0,0.06505576208178437,0.0,0.0,0.6273234200743495,0.0,0.0,0.0,0.010223048327137546,0.0,0.039962825278810406,0.008364312267657992,0.040892193308550186,0.0,0.0,0.0,0.0,0.0,0.0,0.0009293680297397769,0.0,0.0055762081784386614,0.0,0.0,0.07156133828996282,0.0,0.0,0.0,0.0037174721189591076,0.0,0.0,0.0037174721189591076,0.0,0.0,0.0,0.0,0.0018587360594795538,0.0,0.0,0.0,0.0,0.0,0.0,0.0,0.0,0.0,0.010223048327137545,0.0037174721189591076,0.0018587360594795538,0.0,0.0,0.0055762081784386614,0.0,0.0,0.0,0.0,0.0,0.0,0.0,0.0,0.029739776951672858,0.0,0.0
ibd_papa-202A,0.0,0.0,0.0,0.0,0.0,0.0,0.0,0.0,0.0,0.0,0.0,0.0,0.0,0.0,0.0,0.0,0.0,0.0,0.0,0.0,0.0,0.0,0.0,0.0,0.0,0.0,0.0,0.0,0.0,0.2203125,0.0,0.0,0.0,0.0,0.0,0.0,0.052343749999999994,0.0,0.0,0.0,0.0,0.0,0.0,0.0,0.0,0.00703125,0.0,0.0,0.0,0.6249999999999999,0.0390625,0.0,0.0,0.0,0.003125,0.01328125,0.0,0.02578125,0.0,0.0,0.0,0.0,0.00078125,0.0,0.0,0.0,0.0,0.0,0.00078125,0.0,0.0,0.0,0.0023437500000000003,0.0,0.0,0.00859375
ibd_papa-086A,0.00946372239747634,0.0,0.0,0.002365930599369085,0.11356466876971609,0.0,0.006309148264984228,0.0,0.003943217665615142,0.005520504731861199,0.0,0.0,0.0,0.0,0.021293375394321766,0.0,0.0,0.0473186119873817,0.0,0.0,0.0,0.011041009463722398,0.0,0.0,0.0,0.08438485804416404,0.0,0.0,0.0007886435331230284,0.0031545741324921135,0.0,0.0,0.0,0.0,0.05520504731861199,0.0,0.0,0.2137223974763407,0.0,0.03706624605678233,0.0007886435331230284,0.002365930599369085,0.0,0.0,0.0015772870662460567,0.0,0.0,0.003943217665615142,0.0,0.02365930599369085,0.0,0.0015772870662460567,0.0,0.0,0.0,0.00473186119873817,0.0,0.0015772870662460567,0.0,0.005520504731861199,0.0,0.002365930599369085,0.0,0.0,0.03548895899053627,0.0,0.0,0.0007886435331230284,0.0,0.0,0.0,0.04968454258675078,0.0,0.167192429022082,0.0,0.0
ibd_papa-148A,0.001936108422071636,0.0,0.0,0.020329138431752183,0.014520813165537272,0.002904162633107454,0.001936108422071636,0.0,0.003872216844143272,0.002904162633107454,0.0,0.0,0.0,0.0,0.06292352371732816,0.0,0.0,0.1548886737657309,0.0,0.0,0.0,0.06873184898354308,0.0,0.14714424007744434,0.0,0.023233301064859636,0.0,0.0,0.0,0.0,0.0,0.0,0.003872216844143272,0.0,0.012584704743465635,0.0,0.002904162633107454,0.3039690222652469,0.0,0.001936108422071636,0.0,0.04065827686350436,0.0,0.0,0.000968054211035818,0.0,0.0,0.000968054211035818,0.0,0.02904162633107454,0.010648596321394,0.000968054211035818,0.0,0.0,0.0,0.0,0.0,0.0,0.0,0.001936108422071636,0.005808325266214908,0.015488867376573089,0.004840271055179091,0.0,0.001936108422071636,0.0,0.0,0.0,0.0,0.0,0.0,0.000968054211035818,0.0,0.03000968054211036,0.0,0.0
ibd_papa-182A,0.0,0.0,0.0,0.02986725663716814,0.02765486725663717,0.0,0.0,0.0,0.0,0.014380530973451327,0.0,0.0,0.0,0.0,0.0,0.007743362831858407,0.0,0.0,0.0,0.0,0.0,0.0,0.0,0.0,0.0,0.019911504424778764,0.0011061946902654867,0.0,0.0,0.028761061946902654,0.0,0.0,0.0,0.0,0.2865044247787611,0.0,0.0,0.420353982300885,0.0,0.0,0.0,0.0022123893805309734,0.0,0.0,0.00331858407079646,0.0,0.0,0.0011061946902654867,0.0,0.022123893805309734,0.0,0.0055309734513274336,0.0,0.0,0.0,0.00331858407079646,0.0,0.0022123893805309734,0.0,0.00331858407079646,0.00331858407079646,0.0,0.0,0.0,0.0,0.0,0.0,0.00331858407079646,0.0,0.0,0.0,0.04977876106194691,0.0,0.05088495575221239,0.0,0.0011061946902654867
ibd_papa-184A,0.007383479464697739,0.0,0.0,0.023534840793724043,0.0,0.0009229349330872173,0.009229349330872175,0.0018458698661744347,0.008306414397784956,0.0,0.0,0.0,0.0,0.0,0.008767881864328565,0.0,0.0,0.19473927088140286,0.0,0.003230272265805261,0.0,0.0,0.0,0.03230272265805261,0.0,0.29118597138901703,0.0,0.0,0.0,0.045223811721273655,0.0,0.0,0.0009229349330872173,0.0,0.016151361329026306,0.0,0.0009229349330872173,0.03461005999077065,0.0,0.026303645592985696,0.00046146746654360867,0.0018458698661744347,0.0,0.0,0.005999077065066912,0.0,0.0027688047992616522,0.0009229349330872173,0.0,0.01015228426395939,0.0,0.00046146746654360867,0.0,0.0,0.00046146746654360867,0.0027688047992616522,0.0,0.00046146746654360867,0.0,0.003230272265805261,0.0,0.0,0.0,0.0,0.08306414397784956,0.0,0.0,0.0,0.0,0.0,0.0,0.005076142131979695,0.0,0.15643747115828333,0.0,0.0
ibd_papa-179A,0.006628003314001657,0.0,0.0,0.028169014084507043,0.0579950289975145,0.0,0.0347970173985087,0.0,0.0,0.0,0.0,0.0,0.0,0.0,0.004971002485501242,0.0008285004142502071,0.0,0.18392709196354598,0.0,0.0,0.0,0.0,0.0,0.012427506213753107,0.004142502071251036,0.0,0.0,0.0,0.0,0.0,0.0,0.0,0.0024855012427506215,0.0,0.0,0.0,0.0,0.188069594034797,0.0,0.009942004971002484,0.0,0.0033140016570008283,0.0,0.0,0.0033140016570008283,0.0,0.0,0.027340513670256836,0.0,0.0008285004142502071,0.0,0.019055509527754765,0.0,0.0,0.0,0.0,0.0,0.0,0.0,0.01408450704225352,0.0033140016570008283,0.0,0.0,0.0,0.0,0.0,0.0,0.0,0.0,0.0,0.0,0.01739850869925435,0.0,0.3388566694283347,0.0,0.0
ibd_papa-228A,0.0,0.0,0.0,0.016355140186915886,0.0,0.0,0.0,0.0,0.004672897196261682,0.007009345794392522,0.0,0.0,0.0,0.0,0.0,0.0,0.0,0.3820093457943925,0.0,0.0,0.0,0.0,0.0,0.0,0.0,0.037383177570093455,0.0,0.0,0.0,0.05023364485981308,0.0,0.0,0.002336448598130841,0.0,0.0,0.0,0.0011682242990654205,0.18574766355140185,0.0011682242990654205,0.0,0.0,0.0011682242990654205,0.0,0.0,0.004672897196261682,0.0,0.007009345794392522,0.0,0.0,0.005841121495327103,0.0,0.0,0.0,0.0,0.0,0.0011682242990654205,0.0,0.0,0.0,0.016355140186915886,0.0011682242990654205,0.0,0.0,0.0,0.0,0.0,0.0,0.0,0.0,0.0,0.0,0.0011682242990654205,0.0,0.25934579439252337,0.0,0.0035046728971962616
ibd_papa-180A,0.0,0.0,0.0,0.0009652509652509653,0.0,0.0,0.0,0.0,0.0,0.0,0.0,0.0,0.0,0.019305019305019305,0.0,0.0,0.0,0.18339768339768342,0.0,0.0,0.0,0.0,0.0,0.0,0.0,0.0,0.0,0.0,0.0,0.5299227799227799,0.0,0.0,0.01447876447876448,0.0,0.0,0.0,0.01640926640926641,0.0,0.0,0.0,0.0,0.0,0.0,0.0,0.0,0.0,0.0,0.0,0.0,0.1805019305019305,0.0,0.0,0.0,0.0,0.0,0.0,0.0,0.0,0.0,0.0,0.0,0.0,0.0,0.0,0.0,0.0,0.0,0.0,0.0,0.0,0.0,0.0009652509652509653,0.0,0.0,0.0,0.008687258687258687
ibd_papa-165A,0.0,0.0,0.0,0.0,0.0,0.0,0.0,0.0,0.0,0.0,0.0,0.0,0.0,0.0,0.0,0.0,0.0,0.0,0.0,0.0,0.0,0.0,0.0,0.0,0.0,0.0,0.0,0.0,0.043561512685495456,0.8334131163235998,0.0004786979415988511,0.0,0.0,0.0,0.0,0.0,0.0,0.0,0.0,0.0,0.0,0.0,0.0,0.0,0.0,0.08377213977979894,0.0,0.0,0.0,0.0009573958831977022,0.003350885591191958,0.0,0.0,0.0,0.0,0.0,0.0,0.0,0.0,0.0,0.0,0.0,0.0,0.0,0.0,0.0,0.0,0.0,0.0004786979415988511,0.0,0.0,0.0,0.0,0.0,0.0,0.024413595021541407
ibd_papa-119A,0.0,0.0,0.0,0.01437908496732026,0.05032679738562091,0.0,0.02418300653594771,0.00065359477124183,0.00849673202614379,0.0,0.0,0.0,0.0,0.0,0.00980392156862745,0.0,0.0,0.1673202614379085,0.0,0.0,0.0,0.00784313725490196,0.0,0.0,0.0,0.12222222222222223,0.0,0.02287581699346405,0.0,0.0,0.0,0.0,0.00261437908496732,0.0,0.026797385620915035,0.0,0.0,0.1287581699346405,0.0,0.005882352941176471,0.0,0.06666666666666668,0.0,0.0,0.00065359477124183,0.0,0.010457516339869282,0.00130718954248366,0.0,0.00261437908496732,0.0,0.010457516339869282,0.0,0.0,0.0,0.00130718954248366,0.0,0.0,0.0,0.00130718954248366,0.0,0.0,0.0,0.0,0.0,0.0,0.0,0.0,0.0,0.0,0.0,0.0,0.0,0.22941176470588234,0.0,0.0
ibd_papa-118B,0.0,0.037642045454545456,0.0,0.002130681818181818,0.0007102272727272727,0.0,0.048295454545454544,0.004261363636363636,0.0,0.009943181818181816,0.0,0.0035511363636363635,0.0,0.0,0.0,0.007102272727272727,0.0,0.1200284090909091,0.0,0.0,0.0,0.0,0.0,0.0,0.0,0.037642045454545456,0.0,0.0,0.05326704545454545,0.0390625,0.0,0.0,0.002840909090909091,0.0,0.0,0.0014204545454545455,0.0007102272727272727,0.08948863636363635,0.0,0.0,0.002840909090909091,0.0,0.0,0.0,0.002840909090909091,0.0,0.0,0.022017045454545456,0.0,0.028409090909090908,0.0,0.0035511363636363635,0.0,0.0007102272727272727,0.0014204545454545455,0.01846590909090909,0.0,0.00497159090909091,0.0,0.008522727272727272,0.0,0.0,0.0,0.0,0.0,0.0,0.0,0.0,0.0,0.0,0.0,0.07102272727272728,0.0,0.31534090909090917,0.0,0.0007102272727272727
ibd_papa-074A,0.0,0.0,0.0,0.0791728212703102,0.013293943870014771,0.0,0.0,0.0,0.0,0.10812407680945348,0.0,0.0,0.0,0.0,0.0,0.15066469719350076,0.0,0.47355982274741504,0.0,0.0,0.0,0.0,0.0,0.0,0.035155096011816836,0.006794682422451994,0.0005908419497784342,0.0,0.0,0.0062038404726735595,0.0,0.0,0.0,0.0,0.0017725258493353027,0.0,0.016838995568685376,0.04283604135893648,0.0,0.0,0.0,0.0038404726735598227,0.0002954209748892171,0.0,0.0062038404726735595,0.0002954209748892171,0.0,0.0,0.0,0.0,0.0035450516986706058,0.0,0.0,0.0,0.0,0.0032496307237813884,0.0,0.0,0.0,0.0008862629246676513,0.0,0.0,0.0,0.0,0.0,0.0,0.0,0.0,0.0,0.0,0.0,0.002658788774002954,0.0,0.003249630723781388,0.0,0.0
ibd_papa-031A,0.022269730981649742,0.0,0.0,0.020131836807411367,0.03919472652770355,0.0,0.0007126313914127917,0.0,0.0014252627828255835,0.0007126313914127917,0.0,0.0,0.0,0.0,0.011758417958311064,0.012471049349723855,0.0,0.531088544450383,0.0,0.0,0.0,0.004810261892036344,0.0,0.04364867272403349,0.0,0.0769641902725815,0.0,0.0,0.0,0.0,0.0,0.0,0.0003563156957063959,0.0,0.0003563156957063959,0.0,0.0003563156957063959,0.17566363798325316,0.0,0.0,0.0,0.012471049349723855,0.0,0.0,0.0026723677177979688,0.0,0.0,0.0010689470871191875,0.0,0.0003563156957063959,0.0003563156957063959,0.0,0.0,0.0,0.0,0.0007126313914127917,0.0,0.0007126313914127917,0.0,0.003563156957063959,0.0039194726527703545,0.0,0.0,0.0,0.0010689470871191875,0.0,0.0,0.0,0.0,0.0,0.0,0.0030286834135043648,0.0,0.01389631213254944,0.0,0.0
ibd_papa-004A,0.0,0.0,0.0,0.03604651162790698,0.0,0.0,0.0011627906976744186,0.0,0.0,0.0,0.0,0.0,0.0,0.0,0.009883720930232558,0.0,0.0,0.7953488372093024,0.0,0.0,0.0,0.0011627906976744186,0.0,0.0,0.0,0.053488372093023255,0.0,0.0,0.0,0.005232558139534884,0.0,0.0,0.0,0.0,0.0,0.0,0.0005813953488372093,0.04186046511627907,0.0,0.0,0.0,0.0011627906976744186,0.0,0.0,0.002325581395348837,0.0,0.01627906976744186,0.0005813953488372093,0.0,0.0017441860465116279,0.0,0.002325581395348837,0.0,0.0,0.0,0.0,0.0,0.0,0.0,0.005232558139534884,0.013953488372093023,0.0,0.0,0.0,0.0011627906976744186,0.0,0.0,0.0,0.0,0.0,0.0,0.0,0.0,0.0011627906976744186,0.0,0.0
ibd_papa-150A,0.0,0.0,0.0006507239303725395,0.02667968114527412,0.0,0.0,0.0,0.0,0.0,0.09207743614771433,0.0,0.0,0.0,0.0,0.0,0.0,0.0,0.7151455994794209,0.0,0.0,0.0,0.0,0.0,0.0,0.0,0.00032536196518626975,0.023263380510818287,0.0,0.0,0.03806734992679356,0.0,0.0,0.00032536196518626975,0.00032536196518626975,0.0,0.0,0.002602895721490158,0.06734992679355783,0.0,0.0,0.0,0.0,0.00032536196518626975,0.0,0.006832601268911665,0.0,0.0,0.00032536196518626975,0.0,0.0,0.004555067512607777,0.00032536196518626975,0.0,0.0,0.0,0.002277533756303888,0.0,0.00032536196518626975,0.0,0.003253619651862697,0.0,0.0,0.00032536196518626975,0.0,0.0,0.0,0.0,0.0,0.0,0.0,0.0,0.00032536196518626975,0.004555067512607777,0.007808687164470474,0.0,0.00032536196518626975
ibd_papa-003A,0.00048496605237633366,0.0,0.0,0.0,0.0,0.0,0.0,0.0,0.0,0.00048496605237633366,0.0,0.0,0.0,0.0,0.0,0.0,0.0,0.0,0.027158098933074682,0.0,0.0,0.0,0.0,0.0,0.0,0.0,0.0,0.0,0.0,0.7468477206595538,0.0,0.0,0.0,0.0,0.0,0.0,0.09311348205625605,0.0,0.0,0.0,0.0,0.0,0.0072744907856450046,0.0,0.0,0.01454898157129001,0.0,0.0,0.0,0.013579049466537343,0.00048496605237633366,0.0,0.0,0.0,0.0,0.002909796314258002,0.0,0.045101842870999026,0.0,0.0,0.0,0.0,0.0,0.0,0.0,0.0,0.0,0.0,0.0,0.0,0.0,0.0,0.008244422890397674,0.0,0.0,0.01600387972841901
ibd_papa-151A,0.006775485063135201,0.0,0.0,0.014474899907607022,0.0018478595626732369,0.0,0.0,0.0,0.0,0.004619648906683092,0.0,0.0,0.0,0.0,0.0,0.013858946720049278,0.0,0.7610101632275947,0.0,0.0,0.0,0.0,0.0,0.0,0.0,0.012627040344933785,0.0,0.0,0.0,0.005543578688019711,0.0,0.0,0.0,0.0,0.0,0.0,0.15275639051432088,0.0,0.0,0.0,0.0,0.0,0.0,0.0,0.010471204188481676,0.0012319063751154912,0.0003079765937788728,0.0,0.0,0.0,0.0027717893440098555,0.0,0.0,0.0,0.0,0.0,0.0,0.0006159531875577456,0.0,0.0009239297813366184,0.001539882968894364,0.0,0.0003079765937788728,0.0,0.0,0.0,0.0,0.0,0.0,0.0,0.0,0.0,0.0006159531875577456,0.0009239297813366184,0.0,0.0
ibd_papa-012A,0.0,0.0,0.0,0.01688383189576069,0.03982382088456597,0.0,0.0007340796476417691,0.0,0.0014681592952835382,0.011011194714626537,0.0,0.0,0.0,0.0,0.028996146081849885,0.0,0.0,0.6768214351257111,0.0,0.0,0.0,0.04257661956322261,0.0,0.0033033584143879607,0.0,0.04312717929895394,0.0,0.0,0.0,0.0,0.0,0.0,0.0014681592952835382,0.0,0.0011011194714626537,0.0,0.0,0.053771334189759594,0.0,0.0027527986786566342,0.0,0.005872637181134153,0.0,0.0,0.0007340796476417691,0.0,0.004037438062029729,0.007340796476417691,0.0,0.0,0.0,0.0,0.0,0.0,0.0,0.0018351991191044228,0.0,0.0,0.0,0.0033033584143879607,0.006056157093044594,0.0029363185905670764,0.0,0.0,0.0,0.0,0.0014681592952835382,0.0,0.0,0.0,0.0,0.0011011194714626537,0.0,0.005872637181134153,0.0,0.0
ibd_papa-127A,0.0,0.0,0.0,0.004711852120333454,0.0,0.0,0.0,0.0,0.0003624501631025734,0.07502718376223269,0.0,0.0,0.0,0.0,0.028633562885103298,0.0,0.0,0.18176875679594057,0.0,0.0,0.0,0.0,0.0,0.0,0.0,0.05762957593330917,0.032076839434577745,0.0,0.0,0.0,0.0,0.0,0.0,0.0,0.0,0.0,0.004349401957230881,0.11924610366074664,0.44581370061616526,0.0014498006524102935,0.0,0.0,0.0,0.014860456687205509,0.0014498006524102935,0.0,0.0,0.0,0.0,0.006524102935846321,0.002899601304820587,0.0007249003262051468,0.0,0.0,0.0,0.0,0.0,0.0,0.0,0.0021747009786154403,0.0010873504893077202,0.0,0.0,0.010148604566872055,0.0010873504893077202,0.0,0.0,0.0,0.0,0.0,0.0,0.0,0.0,0.004349401957230881,0.0,0.0
ibd_papa-008A,0.0,0.0,0.0,0.020367339516275687,0.0,0.0,0.0005455537370430987,0.0,0.0,0.0003637024913620658,0.0,0.0,0.0,0.0,0.0,0.0,0.0,0.8808874340789234,0.0,0.0,0.0,0.0,0.0,0.0,0.0,0.01000181851245681,0.026368430623749776,0.0,0.0,0.008001454809965447,0.0,0.0,0.0,0.0,0.0,0.0,0.048736133842516814,0.0,0.0,0.0,0.0,0.0,0.0,0.0,0.0,0.0,0.0,0.0003637024913620658,0.0,0.0,0.0,0.0003637024913620658,0.0,0.0,0.0,0.0014548099654482633,0.0,0.0018185124568103291,0.0,0.0003637024913620658,0.0,0.0,0.0,0.0,0.0,0.0,0.0,0.0,0.0,0.0,0.0,0.0,0.0,0.0,0.0,0.0003637024913620658
ibd_papa-030A,0.02262802699483922,0.0,0.0,0.12624057165541883,0.02143707820563716,0.0,0.0037713378324732033,0.0003969829297340214,0.0017864231838030963,0.22647876141325923,0.0,0.0,0.0,0.0,0.0,0.004366812227074236,0.0,0.2020643112346169,0.0,0.0,0.0007939658594680428,0.018062723302897977,0.0,0.0,0.0,0.027987296546248507,0.0,0.0,0.0,0.001984914648670107,0.0,0.0007939658594680428,0.0,0.0,0.0,0.0,0.027590313616514487,0.02262802699483922,0.0,0.0007939658594680428,0.0003969829297340214,0.023223501389440262,0.0,0.0,0.00277888050813815,0.0,0.0,0.0,0.0,0.004168320762207225,0.0,0.0003969829297340214,0.0,0.0,0.0,0.001984914648670107,0.0,0.0,0.0,0.007741167129813417,0.0007939658594680428,0.0,0.0,0.0,0.07860262008733626,0.0,0.0003969829297340214,0.0,0.0,0.0,0.0,0.0011909487892020642,0.0,0.005954743946010321,0.0,0.0
ibd_papa-009A,0.0,0.0,0.0,0.06132958801498127,0.0,0.0,0.0,0.0,0.0,0.0,0.0,0.0,0.0,0.0,0.0,0.0,0.0,0.23080524344569286,0.0,0.0,0.0,0.0,0.0,0.0,0.0,0.0023408239700374533,0.022003745318352058,0.0,0.0,0.003745318352059925,0.0,0.0,0.0,0.0009363295880149813,0.0,0.0,0.03370786516853933,0.0,0.5997191011235954,0.0009363295880149813,0.0,0.0,0.0,0.0,0.0,0.018258426966292138,0.0,0.0,0.0,0.0,0.0028089887640449437,0.0,0.0,0.0,0.0,0.0018726591760299626,0.0,0.0,0.0,0.0,0.0,0.0,0.0,0.0,0.0,0.0,0.0,0.0,0.0,0.0,0.0,0.0009363295880149813,0.0,0.0,0.0,0.0
ibd_papa-131A,0.0004144218814753419,0.0,0.0,0.012432656444260257,0.002900953170327393,0.0,0.0004144218814753419,0.0012432656444260257,0.0,0.0,0.0020721094073767096,0.0,0.0,0.0,0.0004144218814753419,0.0008288437629506838,0.0,0.7699958557811852,0.0,0.0,0.0004144218814753419,0.00663075010360547,0.0,0.06340654786572732,0.0,0.031496062992125984,0.00870285951098218,0.0,0.0,0.002900953170327393,0.0,0.0,0.0004144218814753419,0.0,0.0012432656444260257,0.0,0.0008288437629506838,0.05967675093244924,0.0,0.0,0.0,0.007874015748031496,0.0004144218814753419,0.0,0.0,0.0,0.0004144218814753419,0.0004144218814753419,0.0,0.0,0.004144218814753419,0.0,0.0004144218814753419,0.0,0.0,0.0004144218814753419,0.0,0.0012432656444260257,0.0,0.0008288437629506838,0.0008288437629506838,0.0,0.0024865312888520514,0.0,0.006216328222130129,0.0,0.0,0.0,0.0,0.0,0.0,0.0004144218814753419,0.0,0.0020721094073767096,0.0,0.0
ibd_papa-027A,0.0,0.0,0.0,0.0,0.0,0.0,0.0,0.0,0.0,0.0,0.0,0.0,0.0,0.0,0.0,0.0,0.0,0.0,0.12117843246247915,0.0,0.0,0.0,0.0,0.0,0.0,0.0,0.0,0.0,0.0,0.5230683713173985,0.0,0.0,0.0,0.0,0.0,0.0,0.0022234574763757642,0.0,0.0,0.0,0.0,0.0,0.013340744858254585,0.0,0.0,0.2707059477487493,0.0,0.0,0.0,0.0022234574763757642,0.006670372429127292,0.0,0.0,0.0,0.0,0.0033351862145636463,0.0,0.0011117287381878821,0.0,0.0,0.0,0.0,0.0,0.0,0.0,0.0,0.0,0.0,0.0016675931072818232,0.0,0.0,0.0,0.0,0.0,0.0,0.013340744858254585
ibd_papa-139A,0.0,0.0,0.0,0.03799830364715861,0.0016963528413910093,0.0,0.00033927056827820186,0.0,0.0,0.00916030534351145,0.0,0.0,0.0,0.0,0.05292620865139949,0.0,0.0,0.5506361323155217,0.0,0.0,0.0,0.0,0.0,0.011195928753180663,0.005767599660729431,0.057336726039016114,0.0,0.0,0.0,0.01289228159457167,0.0,0.0,0.0,0.0,0.0016963528413910093,0.0,0.022731128074639523,0.13655640373197625,0.0,0.00033927056827820186,0.0,0.0030534351145038168,0.0006785411365564037,0.0,0.00033927056827820186,0.002374893977947413,0.0,0.005767599660729431,0.0,0.010517387616624255,0.017642069550466495,0.0,0.0,0.0,0.0,0.0010178117048346056,0.0,0.0,0.0,0.0,0.027820186598812552,0.00033927056827820186,0.0,0.0,0.0,0.0,0.0013570822731128074,0.0,0.0,0.0,0.0,0.0030534351145038168,0.0,0.005767599660729431,0.0,0.0006785411365564037
ibd_papa-041A,0.01113490364025696,0.0,0.0,0.10299785867237687,0.0,0.0,0.0,0.0,0.0,0.00042826552462526765,0.0,0.0,0.0,0.0,0.11648822269807282,0.0,0.0029978586723768737,0.2599571734475375,0.0,0.0,0.005139186295503212,0.24882226980728048,0.011563169164882228,0.0,0.0,0.0,0.00042826552462526765,0.0,0.0,0.0,0.0,0.0,0.00042826552462526765,0.0,0.0,0.0,0.0,0.013918629550321197,0.0,0.0,0.00042826552462526765,0.014775160599571735,0.0,0.0,0.058244111349036405,0.0,0.0,0.0,0.0,0.0,0.0,0.004710920770877944,0.0,0.0,0.0,0.0,0.0,0.0,0.003854389721627409,0.016702355460385437,0.0880085653104925,0.0,0.0,0.0,0.010706638115631693,0.001284796573875803,0.0,0.0021413276231263384,0.0,0.0,0.0,0.0,0.0,0.010064239828693788,0.0,0.0
ibd_papa-156A,0.000514668039114771,0.0,0.0,0.023160061760164694,0.0,0.0,0.0,0.0,0.0,0.0,0.0,0.0,0.0,0.0,0.0,0.0,0.0,0.6878538342768914,0.0,0.0,0.001029336078229542,0.0,0.000514668039114771,0.02907874420998456,0.0,0.012352032938754504,0.01544004117344313,0.0,0.000514668039114771,0.02058672156459084,0.0,0.0,0.000514668039114771,0.0,0.001544004117344313,0.0,0.041945445187853835,0.041430777148739065,0.0,0.000514668039114771,0.0,0.003088008234688626,0.0,0.0,0.009778692743180651,0.001029336078229542,0.0,0.003602676273803397,0.0,0.009521358723623263,0.011322696860524962,0.000514668039114771,0.0,0.0,0.0,0.0012866700977869276,0.0,0.001029336078229542,0.0,0.002058672156459084,0.0,0.0,0.0,0.0,0.0,0.0,0.0,0.0,0.0,0.0,0.0,0.0478641276376737,0.001029336078229542,0.008234688625836336,0.0,0.001029336078229542
ibd_papa-177A,0.0,0.0,0.0,0.007881773399014778,0.10049261083743843,0.0,0.01083743842364532,0.0,0.003940886699507389,0.0,0.0,0.0,0.0,0.0,0.0049261083743842365,0.0,0.0,0.039408866995073885,0.030541871921182264,0.0,0.0,0.0,0.0,0.0,0.0,0.20197044334975367,0.0,0.0,0.0,0.0,0.0,0.0,0.014778325123152709,0.0,0.0,0.0,0.02857142857142857,0.19704433497536944,0.0,0.01083743842364532,0.0,0.0009852216748768472,0.0,0.0,0.0,0.0,0.0009852216748768472,0.0009852216748768472,0.0,0.012807881773399015,0.02068965517241379,0.0009852216748768472,0.0,0.0,0.0,0.04532019704433498,0.0,0.10344827586206896,0.0,0.0009852216748768472,0.0,0.0,0.0,0.0,0.0,0.0,0.0,0.0,0.0,0.0,0.0,0.0,0.0009852216748768472,0.10147783251231528,0.0,0.0
ibd_papa-213B,0.0,0.0,0.0,0.03468208092485549,0.0,0.0,0.014863748967795212,0.0,0.0,0.01981833195706028,0.0,0.0,0.0016515276630883566,0.0,0.011560693641618497,0.0,0.0,0.11643270024772914,0.0,0.0,0.0,0.0008257638315441783,0.0,0.02064409578860446,0.023121387283236997,0.08175061932287365,0.0,0.0,0.0,0.011560693641618497,0.0,0.0,0.0,0.0,0.0,0.0,0.0,0.36003303055326175,0.0,0.09083402146985962,0.002477291494632535,0.007431874483897605,0.0,0.0,0.009083402146985962,0.0,0.0,0.06440957886044592,0.0,0.020644095788604454,0.0,0.0008257638315441783,0.0,0.0,0.0,0.0008257638315441783,0.0,0.0,0.0,0.021469859620148638,0.0,0.0,0.0,0.0,0.0,0.0,0.0,0.0,0.0,0.0,0.0,0.01981833195706028,0.0,0.0644095788604459,0.0,0.0
ibd_papa-146A,0.009836065573770493,0.0,0.0,0.041530054644808745,0.0,0.0,0.0,0.0,0.001092896174863388,0.1836065573770492,0.0,0.0,0.0,0.0,0.029508196721311476,0.0,0.0,0.28087431693989073,0.0,0.0,0.001092896174863388,0.03169398907103825,0.0,0.0,0.0,0.13333333333333333,0.0,0.0,0.0,0.0,0.00546448087431694,0.0,0.002185792349726776,0.0,0.0,0.0,0.007650273224043716,0.027322404371584702,0.0,0.001092896174863388,0.0,0.028415300546448086,0.0,0.0,0.004371584699453552,0.0,0.04371584699453552,0.007650273224043716,0.004371584699453552,0.003278688524590164,0.0,0.002185792349726776,0.0,0.0,0.001092896174863388,0.001092896174863388,0.0,0.001092896174863388,0.0,0.02185792349726776,0.001092896174863388,0.001092896174863388,0.0,0.0,0.0,0.0,0.0,0.0,0.0,0.0,0.0,0.054644808743169404,0.0,0.061202185792349734,0.0,0.0
ibd_papa-214A,0.0,0.0,0.0,0.011796733212341197,0.09618874773139745,0.0,0.0,0.0,0.0,0.0,0.0,0.0,0.003629764065335753,0.0,0.3076225045372051,0.0,0.0,0.0,0.0,0.0,0.0,0.0,0.0,0.0,0.0027223230490018148,0.0,0.0,0.0,0.0,0.1297640653357532,0.0,0.0,0.0,0.019056261343012706,0.0,0.0,0.009074410163339383,0.0,0.0,0.0,0.0,0.0,0.0,0.0,0.0,0.28130671506352084,0.0,0.0,0.0,0.0018148820326678765,0.0,0.03176043557168784,0.0,0.0,0.0,0.04355716878402903,0.0009074410163339383,0.006352087114337567,0.0,0.0,0.0,0.0,0.0,0.0,0.0,0.0,0.0,0.0,0.0,0.0,0.0,0.017241379310344827,0.0,0.025408348457350273,0.0,0.007259528130671506
ibd_papa-185A,0.010092514718250631,0.0,0.0,0.00672834314550042,0.019343986543313707,0.0,0.007569386038687973,0.0,0.00336417157275021,0.0,0.0,0.0,0.0,0.0,0.0159798149705635,0.0008410428931875525,0.0,0.21951219512195125,0.0,0.0,0.0,0.020185029436501262,0.0,0.00336417157275021,0.004205214465937763,0.16148023549201007,0.0,0.0,0.0008410428931875525,0.0,0.001682085786375105,0.0,0.0008410428931875525,0.0,0.0,0.0,0.0,0.3069806560134567,0.0,0.0008410428931875525,0.0,0.011774600504625735,0.0,0.0008410428931875525,0.0,0.001682085786375105,0.0,0.0,0.0,0.00672834314550042,0.0,0.024390243902439025,0.0,0.0,0.0,0.0008410428931875525,0.0,0.0,0.0,0.00672834314550042,0.0,0.0,0.040370058873002525,0.0,0.025231286795626577,0.0,0.0,0.0,0.0,0.01345668629100084,0.0,0.01009251471825063,0.0,0.049621530698065595,0.0,0.0
ibd_papa-114C,0.0,0.0,0.0,0.026925485284909203,0.06449592986850344,0.0,0.0,0.0,0.0,0.0,0.0,0.0,0.0,0.0,0.0,0.004383218534752661,0.0,0.0,0.0,0.0,0.0,0.0,0.0,0.0,0.0,0.0,0.0,0.0,0.0,0.010644959298685034,0.0031308703819661866,0.0012523481527864746,0.001878522229179712,0.0,0.0,0.0,0.0031308703819661866,0.5823418910457108,0.0,0.0006261740763932373,0.0,0.0006261740763932373,0.0012523481527864746,0.0,0.005635566687539136,0.0006261740763932373,0.0,0.006261740763932372,0.0,0.008766437069505322,0.0006261740763932373,0.001878522229179712,0.0,0.0,0.0,0.004383218534752661,0.0,0.0,0.0,0.025673137132122728,0.004383218534752661,0.0,0.0,0.0,0.0,0.0,0.0,0.0,0.0,0.0,0.0,0.005635566687539136,0.0,0.14214151534126487,0.0,0.0
ibd_papa-209A,0.00732899022801303,0.0,0.0,0.02198697068403909,0.011400651465798045,0.0,0.013843648208469056,0.0,0.01954397394136808,0.0,0.0,0.0,0.0,0.0,0.09283387622149837,0.008143322475570033,0.0,0.4470684039087948,0.0,0.0,0.0,0.03908794788273616,0.0,0.03745928338762215,0.0,0.06758957654723127,0.0,0.0,0.0,0.0,0.0,0.0,0.0,0.0,0.0,0.0,0.0,0.12296416938110749,0.0,0.0,0.0,0.0008143322475570033,0.0,0.0,0.004071661237785016,0.0,0.0,0.004071661237785016,0.0,0.0016286644951140066,0.0,0.0,0.0,0.0,0.0,0.0008143322475570033,0.0,0.0,0.0,0.010586319218241044,0.0024429967426710096,0.0016286644951140066,0.0,0.0,0.0,0.0,0.0,0.0,0.0,0.0,0.0,0.0016286644951140066,0.0,0.03745928338762215,0.0,0.0
ibd_papa-051A,0.005333333333333333,0.0,0.0,0.004,0.09333333333333334,0.0,0.018666666666666665,0.0026666666666666666,0.016,0.06,0.0,0.0,0.0,0.0,0.07999999999999999,0.0,0.0,0.16666666666666666,0.0,0.0,0.0,0.036,0.0,0.0,0.0,0.037333333333333336,0.0,0.0,0.0,0.0,0.0,0.0,0.06266666666666666,0.0,0.04666666666666666,0.0,0.0,0.11733333333333335,0.0,0.008,0.0,0.04666666666666666,0.0,0.0,0.0,0.0,0.0,0.0013333333333333333,0.0,0.0026666666666666666,0.0013333333333333333,0.0013333333333333333,0.0,0.0,0.0,0.006666666666666667,0.0,0.0,0.0,0.0026666666666666666,0.0013333333333333333,0.005333333333333333,0.0,0.0,0.0,0.0,0.0,0.0,0.0,0.0,0.0,0.04933333333333334,0.0,0.09333333333333335,0.0,0.0
ibd_papa-079A,0.0,0.0,0.0,0.06855184233076264,0.0,0.0,0.0,0.0,0.0,0.0,0.0,0.0,0.0,0.004284490145672665,0.0,0.0,0.0,0.40616966580976865,0.0,0.0,0.0,0.0,0.0,0.0,0.0,0.0,0.0,0.0,0.0,0.00856898029134533,0.001713796058269066,0.0,0.006855184233076264,0.0,0.0,0.0,0.022279348757497857,0.0,0.0,0.0,0.0,0.0,0.0,0.0,0.0,0.001713796058269066,0.0,0.10796915167095116,0.0,0.023136246786632394,0.12767780634104542,0.0,0.0,0.001713796058269066,0.000856898029134533,0.049700085689802914,0.0,0.1482433590402742,0.0,0.0,0.0,0.0,0.0,0.0,0.0,0.0,0.0,0.0,0.000856898029134533,0.0,0.0,0.0,0.017994858611825194,0.0,0.0,0.001713796058269066
ibd_papa-120D,0.0,0.0,0.0,0.0,0.0,0.0,0.0,0.0,0.0,0.0,0.0,0.0,0.0,0.0,0.0,0.0,0.0,0.0,0.0,0.0,0.0,0.0,0.0,0.0,0.0,0.0,0.0,0.0,0.00196078431372549,0.2833333333333333,0.0,0.0,0.0,0.12549019607843137,0.0,0.0,0.0,0.0,0.0,0.0,0.0,0.0,0.0,0.0,0.0,0.000980392156862745,0.0,0.0,0.0,0.00196078431372549,0.0,0.0,0.0,0.0,0.0,0.1196078431372549,0.0,0.4617647058823529,0.0,0.0,0.0,0.0,0.0,0.0,0.0,0.0,0.0,0.0,0.0,0.0,0.0,0.0,0.0,0.0,0.0,0.004901960784313725
ibd_papa-200A,0.004065040650406504,0.0,0.0,0.013821138211382113,0.03414634146341464,0.0,0.015447154471544718,0.0008130081300813008,0.0032520325203252032,0.0,0.0,0.0,0.0,0.0,0.04959349593495935,0.0065040650406504065,0.0,0.2910569105691057,0.0,0.0,0.0,0.01056910569105691,0.0,0.008130081300813007,0.0,0.03252032520325203,0.0,0.0,0.0,0.0,0.0,0.0,0.00894308943089431,0.0,0.010569105691056908,0.0,0.0032520325203252032,0.31138211382113823,0.0,0.0008130081300813008,0.0,0.04390243902439025,0.0,0.0,0.0032520325203252032,0.0,0.0008130081300813008,0.0,0.0,0.004065040650406504,0.0,0.0,0.0,0.0,0.0,0.0008130081300813008,0.0,0.0,0.0,0.007317073170731708,0.0008130081300813008,0.005691056910569106,0.0,0.0,0.0,0.0,0.0,0.0,0.0,0.0,0.0,0.01788617886178862,0.0,0.0967479674796748,0.0,0.0
ibd_papa-218A,0.0,0.0,0.0,0.025151777970511706,0.09973980919340851,0.0,0.018213356461405032,0.0,0.0008673026886383347,0.0,0.0,0.0,0.0,0.0,0.06418039895923677,0.0,0.0,0.3130962705984388,0.0,0.0,0.0,0.021682567215958373,0.0,0.008673026886383347,0.0,0.05377276669557675,0.0,0.0,0.0017346053772766695,0.0,0.0,0.0,0.003469210754553339,0.0,0.0,0.0,0.0,0.2732003469210755,0.0,0.01821335646140503,0.0008673026886383347,0.005203816131830009,0.0,0.0,0.0,0.0,0.0017346053772766695,0.0,0.0,0.0,0.0,0.0008673026886383347,0.0,0.0,0.0,0.0,0.0,0.0,0.0,0.007805724197745013,0.003469210754553339,0.0008673026886383347,0.0,0.0,0.0017346053772766695,0.0,0.0,0.0,0.0,0.0,0.0,0.0,0.0,0.06678230702515178,0.0,0.0
ibd_papa-178A,0.0037593984962406013,0.005639097744360902,0.041353383458646614,0.0037593984962406013,0.020676691729323307,0.0,0.0,0.0,0.0,0.0037593984962406013,0.0,0.0,0.0,0.0,0.0,0.0,0.0,0.0,0.0,0.0,0.0,0.0,0.0,0.0,0.0,0.20300751879699247,0.0,0.0,0.0,0.009398496240601503,0.0,0.0,0.04887218045112782,0.0018796992481203006,0.03007518796992481,0.0,0.03383458646616541,0.022556390977443608,0.0,0.0,0.0,0.043233082706766915,0.0,0.0,0.0,0.0,0.0,0.0037593984962406013,0.0,0.03195488721804511,0.007518796992481203,0.0,0.0,0.0,0.0,0.013157894736842105,0.0,0.0,0.0,0.016917293233082706,0.0,0.0,0.0018796992481203006,0.0,0.0,0.0,0.0,0.0,0.0,0.0,0.0,0.11278195488721804,0.0,0.22368421052631576,0.0,0.0
ibd_papa-207A,0.0007710100231303007,0.0,0.0,0.01079414032382421,0.016191210485736313,0.0,0.004626060138781804,0.0,0.002313030069390902,0.005397070161912105,0.0,0.0,0.0007710100231303007,0.0,0.040863531225905934,0.004626060138781804,0.0,0.2536622976098689,0.0,0.0,0.0,0.006168080185042405,0.0,0.0,0.0,0.11256746337702389,0.0,0.0,0.0,0.0,0.0,0.0,0.006939090208172706,0.0,0.0,0.0,0.0,0.41094834232845023,0.0,0.0,0.0,0.0,0.0,0.0,0.0015420200462606013,0.0,0.01156515034695451,0.0007710100231303007,0.0,0.021588280647648422,0.0,0.0007710100231303007,0.0,0.0,0.0,0.0,0.0,0.0,0.0,0.0,0.002313030069390902,0.004626060138781804,0.0,0.0,0.0,0.0,0.0,0.0,0.0,0.01156515034695451,0.0,0.01079414032382421,0.0,0.03855050115651503,0.0,0.0
ibd_papa-034B,0.0,0.0,0.0,0.033333333333333326,0.03333333333333333,0.0,0.0,0.0,0.0033333333333333335,0.0,0.0,0.0,0.0,0.0,0.0,0.05333333333333333,0.0,0.52,0.0,0.0,0.0,0.0,0.0,0.0,0.05,0.03,0.0,0.0,0.0025,0.0,0.0,0.0,0.0,0.0,0.0,0.0,0.009166666666666667,0.10666666666666666,0.0,0.0016666666666666668,0.0,0.014166666666666668,0.0,0.0,0.023333333333333334,0.0,0.0,0.0008333333333333334,0.0,0.08499999999999999,0.0,0.0,0.0,0.0,0.0,0.0,0.0,0.0,0.0,0.0025,0.0016666666666666668,0.0,0.0,0.0,0.0,0.0,0.0,0.0,0.0,0.0,0.0,0.0008333333333333334,0.0,0.0225,0.0,0.0
ibd_papa-162A,0.0,0.0,0.0,0.005080440304826418,0.004233700254022015,0.0,0.002540220152413209,0.0,0.0,0.0,0.0,0.0,0.001693480101608806,0.0,0.0,0.0,0.0,0.0,0.0,0.0,0.0,0.0,0.0,0.0,0.0,0.001693480101608806,0.0,0.0,0.0,0.0,0.0,0.0,0.000846740050804403,0.002540220152413209,0.0,0.0,0.029635901778154103,0.04149026248941575,0.0,0.0,0.0,0.0,0.0,0.0,0.0,0.0,0.0,0.0,0.0,0.5825571549534293,0.05165114309906858,0.000846740050804403,0.0,0.004233700254022015,0.016088060965283656,0.010160880609652836,0.0,0.20237087214225227,0.0,0.0,0.0,0.0,0.000846740050804403,0.0,0.0,0.0,0.0,0.0,0.0,0.0,0.0,0.0,0.000846740050804403,0.02286198137171888,0.0,0.0
ibd_papa-130A,0.003249390739236393,0.0,0.0,0.03899268887083672,0.01949634443541836,0.0,0.013809910641754672,0.0,0.00487408610885459,0.14216084484159222,0.0,0.0,0.0,0.005686433793663688,0.0,0.0,0.0,0.4744110479285134,0.0,0.0,0.0,0.0,0.0,0.0,0.0,0.043054427294882215,0.0,0.0,0.0,0.0,0.0,0.0008123476848090983,0.0,0.0,0.0,0.0,0.014622258326563768,0.09666937449228269,0.0,0.00893582453290008,0.0,0.05686433793663688,0.0,0.0,0.00487408610885459,0.0,0.03574329813160032,0.002437043054427295,0.0,0.003249390739236393,0.0008123476848090983,0.0,0.0,0.0,0.0,0.0,0.0,0.0,0.0,0.007311129163281884,0.007311129163281885,0.0,0.0,0.0,0.0,0.0,0.0,0.0,0.0,0.0,0.0,0.0,0.0,0.006498781478472786,0.0,0.0
ibd_papa-211A,0.0014771048744460858,0.0,0.0,0.005169867060561301,0.0206794682422452,0.0,0.02437223042836041,0.0007385524372230429,0.016986706056129987,0.1344165435745938,0.0,0.0,0.0007385524372230429,0.0,0.008862629246676513,0.0007385524372230429,0.0,0.09748892171344166,0.0,0.0,0.0,0.005908419497784343,0.0,0.0,0.0,0.10487444608567206,0.0,0.0,0.0,0.0014771048744460858,0.0,0.0,0.007385524372230428,0.0,0.016248153618906944,0.0,0.0007385524372230429,0.3404726735598228,0.0,0.0258493353028065,0.0,0.038404726735598235,0.0,0.0,0.0022156573116691287,0.0,0.0,0.0014771048744460858,0.0007385524372230429,0.0036927621861152144,0.0,0.0007385524372230429,0.0,0.0,0.0,0.012555391432791729,0.0,0.0014771048744460858,0.0,0.009601181683899555,0.0007385524372230429,0.0022156573116691287,0.0,0.0,0.01772525849335303,0.0,0.0,0.0,0.0,0.0,0.0,0.0036927621861152144,0.0,0.0657311669128508,0.0,0.0
ibd_papa-226A,0.0007132667617689016,0.009985734664764621,0.029957203994293864,0.01854493580599144,0.01355206847360913,0.0,0.0021398002853067048,0.0,0.0021398002853067048,0.003566333808844508,0.0,0.0,0.0,0.0,0.0,0.0,0.0,0.20256776034236806,0.0,0.0,0.0,0.0834522111269615,0.0,0.0,0.0,0.011412268188302425,0.0,0.0,0.009272467902995721,0.0784593437945792,0.0,0.0014265335235378032,0.0,0.007845934379457917,0.028530670470756067,0.0,0.0912981455064194,0.18544935805991442,0.0007132667617689016,0.01283880171184023,0.0007132667617689016,0.0021398002853067048,0.0,0.0,0.008559201141226819,0.0,0.0021398002853067048,0.0021398002853067048,0.0,0.0898716119828816,0.006419400855920115,0.0,0.0,0.0,0.0,0.003566333808844508,0.0,0.0007132667617689016,0.0,0.021398002853067047,0.0042796005706134095,0.0,0.0,0.0,0.0,0.0,0.0,0.0,0.0,0.0,0.0,0.004992867332382311,0.0,0.01997146932952925,0.0,0.0
ibd_papa-046A,0.002073255010366275,0.0,0.0,0.00691085003455425,0.05459571527297857,0.0,0.0,0.0,0.00691085003455425,0.0,0.0,0.0,0.00138217000691085,0.0,0.0,0.0,0.0,0.253628196268141,0.0,0.0,0.0,0.002073255010366275,0.0,0.0,0.0,0.12508638562543195,0.0,0.0,0.0,0.002073255010366275,0.0,0.0,0.00138217000691085,0.0,0.0,0.0,0.0193503800967519,0.26744989633724947,0.0,0.0,0.00138217000691085,0.09536973047684866,0.0,0.0,0.00138217000691085,0.0,0.0,0.0027643400138217,0.0,0.006910850034554251,0.0,0.0,0.0,0.0,0.0,0.0027643400138217,0.0,0.002073255010366275,0.0,0.05874222529371113,0.000691085003455425,0.00414651002073255,0.0,0.0,0.0,0.0,0.0,0.0,0.0,0.0248790601243953,0.0,0.008984105044920525,0.0,0.017277125086385625,0.0,0.0
ibd_papa-160A,0.0,0.0,0.028662420382165606,0.0,0.0,0.0,0.0,0.0,0.0,0.0,0.0,0.0,0.0,0.17197452229299362,0.0,0.0,0.0,0.0015923566878980893,0.0,0.0,0.0,0.0,0.0,0.0,0.0,0.0,0.0,0.0,0.0,0.0,0.0,0.0,0.0015923566878980893,0.0,0.0015923566878980893,0.04617834394904459,0.02070063694267516,0.0015923566878980893,0.0,0.0,0.0,0.0,0.0,0.0,0.0,0.0,0.0,0.0,0.0,0.6512738853503185,0.014331210191082803,0.0,0.0,0.025477707006369428,0.0031847133757961785,0.0,0.009554140127388535,0.0,0.0,0.0,0.0,0.0,0.01592356687898089,0.0,0.0,0.0,0.0,0.0,0.0,0.0,0.0,0.0,0.0031847133757961785,0.0,0.0,0.0
ibd_papa-193A,0.009523809523809525,0.0,0.0,0.019047619047619046,0.016931216931216932,0.0,0.030687830687830688,0.0,0.009523809523809525,0.0,0.0,0.0,0.0,0.0,0.012698412698412698,0.0,0.0,0.13121693121693123,0.0,0.0,0.0,0.0,0.0,0.04232804232804233,0.0,0.10687830687830688,0.0,0.0,0.03597883597883598,0.007407407407407408,0.0,0.0,0.011640211640211642,0.0,0.04126984126984126,0.0,0.0,0.2666666666666667,0.0,0.02857142857142857,0.0,0.015873015873015872,0.0,0.0,0.0,0.0,0.0010582010582010583,0.0,0.0,0.06560846560846562,0.0021164021164021165,0.0021164021164021165,0.0,0.0,0.0,0.01164021164021164,0.0,0.0,0.0,0.0021164021164021165,0.0021164021164021165,0.0,0.0,0.0,0.0,0.0,0.0,0.0,0.0,0.0,0.0,0.004232804232804233,0.0,0.08677248677248679,0.0,0.0
ibd_papa-206A,0.0008904719501335708,0.0,0.0,0.008904719501335707,0.01068566340160285,0.006233303650934996,0.009795191451469279,0.0,0.008014247551202136,0.0,0.0,0.0,0.0,0.0,0.008904719501335707,0.0,0.0,0.14425645592163847,0.0,0.0,0.0,0.018699910952804988,0.0,0.0,0.0,0.05342831700801425,0.0017809439002671415,0.0,0.0,0.0,0.0,0.0,0.0,0.0,0.0,0.0008904719501335708,0.0017809439002671415,0.45681211041852177,0.0,0.013357079252003561,0.0008904719501335708,0.005342831700801425,0.0,0.0,0.0017809439002671415,0.0,0.0,0.01157613535173642,0.0,0.004452359750667854,0.004452359750667854,0.0730186999109528,0.0,0.0,0.0,0.0017809439002671415,0.0,0.0,0.0,0.0,0.005342831700801425,0.004452359750667854,0.0,0.0,0.0,0.0,0.0,0.0,0.0,0.0,0.0,0.030276046304541403,0.0,0.08103294746215493,0.0,0.0
ibd_papa-186A,0.03389830508474576,0.0,0.0,0.00847457627118644,0.00847457627118644,0.0,0.004842615012106538,0.0,0.0,0.06779661016949153,0.0,0.0,0.0,0.0,0.0,0.0,0.0,0.07869249394673124,0.0,0.0,0.0,0.0,0.0,0.0,0.0,0.0012106537530266344,0.0,0.0,0.0,0.6234866828087167,0.0,0.0,0.0,0.02179176755447942,0.0,0.0,0.0,0.06658595641646489,0.0,0.0,0.0,0.0,0.0,0.0,0.0,0.0012106537530266344,0.0,0.0,0.0,0.0,0.0,0.0,0.0,0.0,0.0,0.0036319612590799033,0.0,0.0,0.0,0.002421307506053269,0.0,0.0,0.0,0.0,0.0,0.0,0.0,0.0,0.0,0.0,0.0,0.0,0.0,0.043583535108958835,0.0,0.015738498789346248
ibd_papa-192A,0.0006583278472679394,0.0,0.0,0.013824884792626727,0.02106649111257406,0.0,0.018433179723502308,0.0006583278472679394,0.007899934167215274,0.026991441737985518,0.0,0.0,0.0,0.0,0.0,0.025674786043449638,0.0,0.22119815668202766,0.0,0.0,0.0,0.0,0.0,0.0,0.0,0.2152732060566162,0.0,0.0,0.0,0.0006583278472679394,0.0,0.0,0.0013166556945358788,0.0,0.0,0.0,0.0,0.35154707044107963,0.0,0.0,0.0006583278472679394,0.0,0.0,0.0,0.0,0.0,0.0,0.0006583278472679394,0.0006583278472679394,0.0013166556945358788,0.004608294930875576,0.0,0.0,0.0,0.0,0.0006583278472679394,0.0,0.0006583278472679394,0.0,0.0,0.0026333113890717576,0.0,0.0,0.0,0.01184990125082291,0.0,0.0,0.0,0.0,0.0,0.0,0.0006583278472679394,0.0,0.03752468729427255,0.0,0.0
ibd_papa-164A,0.0,0.0,0.0,0.0,0.0,0.0,0.0,0.0,0.0,0.001088139281828074,0.0,0.0,0.0,0.0,0.0,0.0,0.0,0.0,0.0,0.0,0.0,0.0,0.0,0.0,0.0,0.0,0.0,0.0,0.0,0.0,0.0,0.0,0.0,0.5941240478781284,0.0,0.00544069640914037,0.0,0.0,0.0,0.0,0.0,0.0,0.0,0.0,0.0,0.0,0.0,0.0,0.0,0.37976060935799777,0.00544069640914037,0.0,0.0,0.0,0.014145810663764961,0.0,0.0,0.0,0.0,0.0,0.0,0.0,0.0,0.0,0.0,0.0,0.0,0.0,0.0,0.0,0.0,0.0,0.0,0.0,0.0,0.0
ibd_papa-191C,0.001635322976287817,0.0,0.0,0.1757972199509403,0.0,0.0,0.0,0.0,0.0,0.0,0.0,0.0,0.0,0.0,0.0,0.0,0.0,0.37694194603434183,0.0,0.0,0.0,0.0,0.0,0.0,0.0,0.0,0.0,0.0,0.0,0.0482420278004906,0.0,0.0,0.001635322976287817,0.008176614881439084,0.02371218315617334,0.0,0.0,0.0,0.0,0.0,0.0024529844644317253,0.0,0.0,0.0,0.0,0.0,0.1357318070318888,0.017170891251022075,0.0,0.004088307440719542,0.0,0.08421913327882256,0.01062959934587081,0.0,0.0,0.008994276369582992,0.0008176614881439084,0.0,0.0,0.07195421095666395,0.0,0.0,0.0,0.0,0.0,0.0,0.0,0.0,0.0,0.0,0.0,0.0,0.0,0.02698282910874898,0.0,0.0008176614881439084
ibd_papa-035A,0.0,0.0,0.0,0.0,0.0,0.0,0.0,0.0,0.0,0.002976190476190476,0.0,0.0,0.0,0.000744047619047619,0.0,0.0,0.0,0.5007440476190477,0.0,0.0,0.0,0.0,0.0,0.0,0.0,0.0,0.0,0.0,0.0,0.20238095238095238,0.0,0.0,0.0,0.0,0.0,0.0,0.20535714285714285,0.0,0.0,0.0,0.0,0.0,0.0,0.0,0.0,0.005208333333333333,0.0,0.0,0.0,0.002232142857142857,0.002232142857142857,0.0,0.0,0.0,0.003720238095238095,0.0,0.0,0.0,0.0,0.0,0.0,0.0,0.002976190476190476,0.0,0.0,0.0,0.0,0.0,0.0,0.0,0.0,0.0,0.06696428571428571,0.0,0.0,0.004464285714285714
ibd_papa-171A,0.0,0.0,0.0,0.001017293997965412,0.0,0.0,0.0,0.0,0.0,0.0,0.0,0.0,0.0,0.0,0.000508646998982706,0.0,0.0,0.0,0.0,0.0,0.0,0.0,0.0,0.000508646998982706,0.0,0.0,0.001017293997965412,0.0,0.008646998982706003,0.6520854526958291,0.0,0.0,0.0,0.13936927772126145,0.0,0.0,0.0,0.0,0.0,0.0,0.0,0.0,0.0,0.0,0.0,0.001525940996948118,0.0,0.0,0.0,0.02695829094608342,0.0,0.0,0.0,0.0,0.0,0.0,0.0,0.0,0.0,0.000508646998982706,0.0,0.0,0.0,0.0,0.0,0.0,0.0,0.0,0.0,0.0,0.0,0.1525940996948118,0.0,0.0,0.0,0.014242115971515769
ibd_papa-210A,0.006519967400163,0.0,0.0,0.014669926650366746,0.025264873675631624,0.0,0.025264873675631624,0.0,0.0016299918500407497,0.09290953545232274,0.0,0.0,0.0,0.0,0.0032599837000814994,0.0,0.0,0.1271393643031785,0.0,0.0,0.0,0.006519967400163,0.0,0.0,0.0,0.13039934800325997,0.0,0.0,0.05134474327628362,0.0008149959250203749,0.0,0.0008149959250203749,0.0032599837000814994,0.0,0.017114914425427872,0.0,0.0,0.24286878565607173,0.0,0.017114914425427872,0.0,0.013854930725346375,0.0,0.0,0.004074979625101874,0.0,0.008964955175224124,0.0008149959250203749,0.0,0.0032599837000814994,0.0,0.0,0.0,0.0,0.0,0.0008149959250203749,0.0,0.0008149959250203749,0.0,0.0057049714751426246,0.0024449877750611247,0.0,0.0,0.0,0.0,0.0,0.0,0.0,0.0,0.0,0.0,0.004889975550122249,0.0,0.11735941320293397,0.0,0.0
ibd_papa-025A,0.00044169611307420494,0.0,0.0,0.0088339222614841,0.04770318021201413,0.0,0.011042402826855124,0.0,0.00618374558303887,0.0,0.0,0.0,0.0,0.0,0.06757950530035335,0.0,0.0,0.3537985865724381,0.0,0.0,0.00044169611307420494,0.02429328621908127,0.0,0.002208480565371025,0.0,0.0176678445229682,0.0,0.0,0.0,0.0,0.0,0.0,0.005742049469964664,0.0,0.0035335689045936395,0.0,0.0,0.28975265017667845,0.0,0.0008833922261484099,0.0008833922261484099,0.022526501766784453,0.0,0.0,0.0017667844522968198,0.0,0.0,0.0,0.0,0.0,0.0,0.0,0.0,0.0,0.0,0.0,0.0,0.0,0.0,0.022084805653710248,0.00265017667844523,0.003975265017667844,0.0,0.0,0.0,0.0,0.0,0.0,0.0,0.0,0.0,0.002208480565371025,0.0,0.08215547703180213,0.0,0.0
ibd_papa-198A,0.0,0.0,0.0,0.05290102389078498,0.0017064846416382253,0.0,0.0,0.0,0.0,0.0,0.0,0.0,0.0,0.0,0.0733788395904437,0.0,0.0,0.49146757679180886,0.0,0.0,0.0,0.025597269624573378,0.0,0.04436860068259386,0.0,0.0,0.0,0.0,0.0,0.0,0.0,0.0,0.0,0.0,0.0,0.0,0.0,0.0,0.0,0.0,0.006825938566552901,0.010238907849829351,0.0,0.0,0.0,0.0,0.0,0.0034129692832764505,0.08703071672354948,0.0034129692832764505,0.0,0.0,0.0,0.0,0.0,0.0,0.006825938566552901,0.0,0.0,0.0,0.0,0.005119453924914676,0.0,0.0,0.0034129692832764505,0.0,0.0,0.0,0.0,0.0,0.0,0.008532423208191127,0.0,0.10068259385665529,0.030716723549488054,0.0
ibd_papa-187A,0.003963011889035667,0.0,0.0,0.009247027741083224,0.0607661822985469,0.0,0.003963011889035667,0.0,0.010568031704095112,0.0,0.0,0.0,0.0,0.0,0.12681638044914134,0.0,0.0,0.09907529722589169,0.0,0.0,0.0,0.005284015852047556,0.0,0.0,0.001321003963011889,0.02774108322324967,0.0,0.0,0.0,0.0,0.0,0.0,0.002642007926023778,0.0,0.0,0.0,0.007926023778071334,0.33553500660501984,0.0,0.0,0.001321003963011889,0.06472919418758256,0.0,0.0,0.003963011889035667,0.0,0.0,0.001321003963011889,0.0,0.07001321003963012,0.002642007926023778,0.0,0.0,0.0,0.0,0.0,0.0,0.0,0.0,0.021136063408190225,0.001321003963011889,0.005284015852047556,0.0,0.0,0.0,0.0,0.0,0.0,0.0,0.0,0.0,0.03698811096433289,0.0,0.03038309114927345,0.0,0.0
ibd_papa-153A,0.02527075812274368,0.0,0.0,0.22382671480144403,0.0,0.0,0.0,0.0,0.0036101083032490976,0.0,0.0,0.0,0.0,0.0,0.018050541516245487,0.0,0.0,0.2888086642599278,0.0,0.0,0.0,0.07220216606498195,0.0,0.0,0.0,0.0,0.0,0.0,0.0,0.010830324909747294,0.0,0.0,0.0036101083032490976,0.0,0.0,0.0,0.02888086642599278,0.0,0.0,0.0,0.0,0.19855595667870035,0.0,0.0,0.007220216606498195,0.0036101083032490976,0.0,0.04332129963898917,0.007220216606498195,0.0036101083032490976,0.0,0.0,0.0,0.0,0.0,0.0,0.0,0.0,0.0,0.0,0.0036101083032490976,0.010830324909747294,0.0,0.0,0.0,0.0,0.0,0.018050541516245487,0.0,0.0,0.0,0.0,0.0,0.0,0.0,0.0
ibd_papa-142A,0.0,0.0,0.0,0.0,0.0,0.0,0.0,0.0,0.0,0.0,0.0,0.0,0.0,0.0014251781472684084,0.0,0.0,0.0,0.0,0.0,0.0,0.0,0.0,0.0,0.0,0.0,0.0,0.0,0.0,0.0,0.033729216152019,0.0,0.0,0.0,0.0,0.0,0.0,0.0,0.0,0.0,0.0,0.0,0.0,0.01330166270783848,0.0,0.0,0.5990498812351545,0.0,0.0,0.0,0.00047505938242280285,0.0,0.0,0.0,0.0,0.0,0.0,0.0,0.0,0.0,0.0,0.0,0.0,0.0,0.0,0.0,0.0,0.0,0.0,0.0019002375296912114,0.0,0.0,0.0,0.0,0.0,0.0,0.007600950118764846
ibd_papa-106A,0.002323780015491867,0.0,0.0,0.03718048024786987,0.0077459333849728895,0.0,0.0,0.0,0.0,0.6603408210689389,0.0,0.0,0.0,0.0,0.004647560030983734,0.0003872966692486445,0.0,0.010844306738962046,0.0,0.0,0.000774593338497289,0.003098373353989156,0.0003872966692486445,0.027110766847405113,0.0003872966692486445,0.017428350116189,0.0011618900077459335,0.0,0.0,0.0,0.0,0.0,0.0,0.0,0.0,0.0,0.0019364833462432224,0.005422153369481023,0.11037955073586367,0.0,0.0,0.030596436870642913,0.0,0.0,0.0,0.0,0.0003872966692486445,0.0,0.0,0.0034856700232378,0.0003872966692486445,0.0019364833462432224,0.0,0.0,0.0,0.001549186676994578,0.0,0.0011618900077459335,0.0,0.0027110766847405115,0.012006196746707979,0.0,0.0003872966692486445,0.0,0.009295120061967468,0.0,0.0003872966692486445,0.0,0.0,0.0003872966692486445,0.0,0.0,0.0,0.0,0.0,0.0
