,k__Bacteria;p__Actinobacteria;c__Actinobacteria;o__Coriobacteriales;f__Coriobacteriaceae;g__Slackia,k__Bacteria;p__Firmicutes;c__Clostridia;o__Clostridiales;f__Ruminococcaceae;g__Clostridium_IV,k__Bacteria;p__Firmicutes;c__Clostridia;o__Clostridiales;f__Clostridiales_Incertae_Sedis_XIII;g__Anaerovorax,k__Bacteria;p__Firmicutes;c__Clostridia;o__Clostridiales;f__Ruminococcaceae;g__Butyricicoccus,k__Bacteria;p__Firmicutes;c__Bacilli;o__Lactobacillales;f__Streptococcaceae;g__Streptococcus,k__Bacteria;p__Proteobacteria;c__Deltaproteobacteria;o__Desulfovibrionales;f__Desulfovibrionaceae;g__Bilophila,k__Bacteria;p__Proteobacteria;c__Gammaproteobacteria;o__Pseudomonadales;f__Pseudomonadaceae;g__Pseudomonas,k__Bacteria;p__Firmicutes;c__Clostridia;o__Clostridiales;f__Lachnospiraceae;g__Lachnospiracea_incertae_sedis,k__Bacteria;p__Firmicutes;c__Clostridia;o__Clostridiales;f__Eubacteriaceae;g__Eubacterium,k__Bacteria;p__Proteobacteria;c__Gammaproteobacteria;o__Aeromonadales;f__Aeromonadaceae;g__Aeromonas,k__Bacteria;p__Proteobacteria;c__Gammaproteobacteria;o__Enterobacteriales;f__Enterobacteriaceae;g__Salmonella,k__Bacteria;p__Firmicutes;c__Negativicutes;o__Selenomonadales;f__Veillonellaceae;g__Dialister,k__Bacteria;p__Proteobacteria;c__Gammaproteobacteria;o__Enterobacteriales;f__Enterobacteriaceae;g__Yersinia,k__Bacteria;p__Firmicutes;c__Clostridia;o__Clostridiales;f__Ruminococcaceae;g__Anaerofilum,k__Bacteria;p__Firmicutes;c__Clostridia;o__Clostridiales;f__Lachnospiraceae;g__Moryella,k__Bacteria;p__Bacteroidetes;c__Bacteroidia;o__Bacteroidales;f__Porphyromonadaceae;g__Parabacteroides,k__Bacteria;p__Proteobacteria;c__Gammaproteobacteria;o__Pasteurellales;f__Pasteurellaceae;g__Haemophilus,k__Bacteria;p__Bacteroidetes;c__Bacteroidia;o__Bacteroidales;f__Bacteroidaceae;g__Bacteroides,k__Bacteria;p__Bacteroidetes;c__Bacteroidia;o__Bacteroidales;f__Porphyromonadaceae;g__Barnesiella,k__Bacteria;p__Tenericutes;c__Mollicutes;o__Anaeroplasmatales;f__Anaeroplasmataceae;g__Asteroleplasma,k__Bacteria;p__Firmicutes;c__Clostridia;o__Clostridiales;f__Ruminococcaceae;g__Subdoligranulum,k__Bacteria;p__Firmicutes;c__Clostridia;o__Clostridiales;f__Lachnospiraceae;g__Oribacterium,k__Bacteria;p__Bacteroidetes;c__Bacteroidia;o__Bacteroidales;f__Rikenellaceae;g__Alistipes,k__Bacteria;p__Firmicutes;c__Negativicutes;o__Selenomonadales;f__Acidaminococcaceae;g__Acidaminococcus,k__Bacteria;p__Proteobacteria;c__Betaproteobacteria;o__Burkholderiales;f__Sutterellaceae;g__Parasutterella,k__Bacteria;p__Firmicutes;c__Clostridia;o__Clostridiales;f__Lachnospiraceae;g__Roseburia,k__Bacteria;p__Proteobacteria;c__Betaproteobacteria;o__Burkholderiales;f__Sutterellaceae;g__Sutterella,k__Bacteria;p__Firmicutes;c__Erysipelotrichia;o__Erysipelotrichales;f__Erysipelotrichaceae;g__Catenibacterium,k__Bacteria;p__Firmicutes;c__Bacilli;o__Lactobacillales;f__Lactobacillaceae;g__Lactobacillus,k__Bacteria;p__Proteobacteria;c__Gammaproteobacteria;o__Enterobacteriales;f__Enterobacteriaceae;g__Escherichia/Shigella,k__Bacteria;p__Firmicutes;c__Negativicutes;o__Selenomonadales;f__Acidaminococcaceae;g__Phascolarctobacterium,k__Bacteria;p__Firmicutes;c__Clostridia;o__Clostridiales;f__Lachnospiraceae;g__Anaerostipes,k__Bacteria;p__Firmicutes;c__Bacilli;o__Lactobacillales;f__Enterococcaceae;g__Enterococcus,k__Bacteria;p__Actinobacteria;c__Actinobacteria;o__Coriobacteriales;f__Coriobacteriaceae;g__Collinsella,k__Bacteria;p__Firmicutes;c__Negativicutes;o__Selenomonadales;f__Veillonellaceae;g__Veillonella,k__Bacteria;p__Firmicutes;c__Clostridia;o__Clostridiales;f__Ruminococcaceae;g__Faecalibacterium,k__Bacteria;p__Bacteroidetes;c__Bacteroidia;o__Bacteroidales;f__Prevotellaceae;g__Prevotella,k__Bacteria;p__Firmicutes;c__Clostridia;o__Clostridiales;f__Lachnospiraceae;g__Coprococcus,k__Bacteria;p__Bacteroidetes;c__Bacteroidia;o__Bacteroidales;f__Prevotellaceae;g__Alloprevotella,k__Bacteria;p__Firmicutes;c__Clostridia;o__Clostridiales;f__Ruminococcaceae;g__Gemmiger,k__Bacteria;p__Proteobacteria;c__Gammaproteobacteria;o__Enterobacteriales;f__Enterobacteriaceae;g__Klebsiella,k__Bacteria;p__Actinobacteria;c__Actinobacteria;o__Bifidobacteriales;f__Bifidobacteriaceae;g__Bifidobacterium,k__Bacteria;p__Bacteroidetes;c__Bacteroidia;o__Bacteroidales;f__Porphyromonadaceae;g__Odoribacter,k__Bacteria;p__Firmicutes;c__Bacilli;o__Lactobacillales;f__Streptococcaceae;g__Lactococcus,k__Bacteria;p__Firmicutes;c__Clostridia;o__Clostridiales;f__Lachnospiraceae;g__Clostridium_XlVa,k__Bacteria;p__Firmicutes;c__Clostridia;o__Clostridiales;f__Lachnospiraceae;g__Dorea,k__Bacteria;p__Firmicutes;c__Clostridia;o__Clostridiales;f__Peptostreptococcaceae;g__Clostridium_XI,k__Bacteria;p__Actinobacteria;c__Actinobacteria;o__Coriobacteriales;f__Coriobacteriaceae;g__Olsenella,k__Bacteria;p__Firmicutes;c__Clostridia;o__Clostridiales;f__Ruminococcaceae;g__Sporobacter,k__Bacteria;p__Firmicutes;c__Clostridia;o__Clostridiales;f__Clostridiaceae_1;g__Clostridium_sensu_stricto,k__Bacteria;p__Firmicutes;c__Clostridia;o__Clostridiales;f__Lachnospiraceae;g__Ruminococcus2,k__Bacteria;p__Firmicutes;c__Clostridia;o__Clostridiales;f__Ruminococcaceae;g__Oscillibacter,k__Bacteria;p__Firmicutes;c__Clostridia;o__Clostridiales;f__Lachnospiraceae;g__Howardella,k__Bacteria;p__Bacteroidetes;c__Bacteroidia;o__Bacteroidales;f__Prevotellaceae;g__Paraprevotella,k__Bacteria;p__Firmicutes;c__Clostridia;o__Clostridiales;f__Ruminococcaceae;g__Ruminococcus,k__Bacteria;p__Firmicutes;c__Erysipelotrichia;o__Erysipelotrichales;f__Erysipelotrichaceae;g__Turicibacter,k__Bacteria;p__Firmicutes;c__Clostridia;o__Clostridiales;f__Ruminococcaceae;g__Pseudoflavonifractor,k__Bacteria;p__Firmicutes;c__Clostridia;o__Clostridiales;f__Lachnospiraceae;g__Lachnobacterium,k__Bacteria;p__Firmicutes;c__Clostridia;o__Clostridiales;f__Lachnospiraceae;g__Clostridium_XlVb,k__Bacteria;p__Fusobacteria;c__Fusobacteriia;o__Fusobacteriales;f__Fusobacteriaceae;g__Fusobacterium,k__Bacteria;p__Firmicutes;c__Clostridia;o__Clostridiales;f__Lachnospiraceae;g__Blautia,k__Bacteria;p__Bacteroidetes;c__Bacteroidia;o__Bacteroidales;f__Porphyromonadaceae;g__Butyricimonas
ibd_willing-CCD-p11-f19,0.0,0.002890173410404624,0.0,0.0,0.0,0.0,0.0,0.005780346820809248,0.0,0.0,0.0,0.011560693641618497,0.0,0.0,0.005780346820809248,0.0606936416184971,0.002890173410404624,0.4566473988439306,0.011560693641618497,0.0,0.008670520231213872,0.0,0.031791907514450865,0.0,0.0,0.07803468208092486,0.011560693641618497,0.0,0.0,0.0,0.0,0.0,0.0,0.0,0.0,0.08959537572254334,0.0,0.002890173410404624,0.0,0.0,0.0,0.017341040462427744,0.0,0.0,0.02601156069364162,0.008670520231213872,0.023121387283236993,0.0,0.0,0.002890173410404624,0.0,0.031791907514450865,0.0,0.014450867052023121,0.0,0.0,0.0,0.0,0.0,0.0,0.008670520231213872,0.0
ibd_willing-CCD-p9-f17,0.0,0.0,0.0,0.0,0.0,0.0,0.0,0.0035149384885764497,0.0,0.0,0.005272407732864675,0.005272407732864675,0.0,0.0,0.0,0.12126537785588752,0.0,0.3637961335676625,0.0,0.029876977152899824,0.0,0.0,0.0,0.0,0.0,0.03690685413005272,0.0,0.0,0.0,0.0017574692442882249,0.0,0.0,0.0,0.0,0.0,0.015817223198594025,0.0,0.005272407732864675,0.0,0.0,0.0,0.035149384885764495,0.0,0.0,0.0,0.014059753954305799,0.0,0.0,0.0,0.0,0.0017574692442882249,0.0,0.0,0.0,0.0035149384885764497,0.0,0.0,0.0,0.0035149384885764497,0.0,0.022847100175746926,0.0
ibd_willing-CCD-p9-f20,0.0,0.02040816326530612,0.0,0.0,0.003401360544217687,0.003401360544217687,0.0,0.023809523809523808,0.0,0.0,0.0,0.003401360544217687,0.0,0.0,0.003401360544217687,0.017006802721088433,0.0,0.43197278911564624,0.013605442176870748,0.0,0.013605442176870748,0.0,0.05102040816326531,0.0,0.0,0.01020408163265306,0.003401360544217687,0.02040816326530612,0.0,0.0,0.0,0.0,0.0,0.003401360544217687,0.0,0.02040816326530612,0.0,0.003401360544217687,0.0,0.003401360544217687,0.0,0.07482993197278912,0.003401360544217687,0.0,0.0,0.013605442176870748,0.0,0.0,0.0,0.0,0.003401360544217687,0.09523809523809525,0.0,0.0,0.0,0.0,0.003401360544217687,0.0,0.0,0.0,0.013605442176870748,0.0
ibd_willing-ICD-p10-f18,0.0,0.0,0.0,0.0,0.0,0.0,0.0,0.004415011037527594,0.0,0.0,0.0,0.0,0.0,0.0,0.002207505518763797,0.03532008830022075,0.0,0.304635761589404,0.0,0.0,0.002207505518763797,0.0,0.0,0.0,0.0,0.0,0.0,0.0,0.0,0.0,0.002207505518763797,0.0,0.0,0.0,0.0,0.0,0.3686534216335541,0.0,0.0,0.0,0.0,0.008830022075055188,0.0,0.0,0.004415011037527594,0.0,0.0,0.0,0.0,0.0,0.004415011037527594,0.0,0.0,0.05298013245033113,0.0,0.0,0.0,0.0,0.0,0.0,0.011037527593818985,0.0
ibd_willing-H-p12-f22,0.0,0.08577555396711938,0.0,0.0,0.0,0.0,0.0,0.07934238741958542,0.0035739814152966403,0.0,0.0,0.0,0.0,0.0,0.014295925661186561,0.012151536812008578,0.0,0.19871336669049322,0.01501072194424589,0.0,0.005718370264474624,0.0007147962830593281,0.057898498927805575,0.0,0.0007147962830593281,0.007147962830593281,0.0,0.03859899928520372,0.0,0.0,0.0,0.0,0.0,0.0007147962830593281,0.0,0.02930664760543245,0.0,0.0014295925661186562,0.0,0.0,0.0,0.09721229449606862,0.0014295925661186562,0.0,0.0,0.0228734810578985,0.035739814152966405,0.0,0.0,0.024303073624017152,0.017155110793423873,0.010007147962830594,0.0,0.005003573981415297,0.0,0.0007147962830593281,0.0,0.0,0.0,0.0,0.05146533238027162,0.002144388849177984
ibd_willing-ICD-p10-f21,0.0,0.029449423815620997,0.005121638924455826,0.0,0.0,0.0,0.0,0.058898847631241986,0.015364916773367477,0.0,0.0,0.0,0.0,0.0,0.002560819462227913,0.019206145966709345,0.0,0.23559539052496797,0.0,0.0,0.05377720870678617,0.0012804097311139564,0.07554417413572344,0.0,0.0,0.01408450704225352,0.0,0.0,0.0,0.0,0.0,0.0,0.0,0.0,0.0,0.0,0.0,0.002560819462227913,0.0,0.0,0.0,0.019206145966709345,0.0,0.0,0.005121638924455826,0.020486555697823303,0.0012804097311139564,0.0,0.0,0.0,0.011523687580025609,0.02176696542893726,0.0,0.0,0.0,0.0,0.0,0.0,0.0,0.0,0.03329065300896287,0.0
ibd_willing-CCD-p12-f23,0.0,0.013965087281795512,0.0014962593516209476,0.0004987531172069825,0.004987531172069825,0.000997506234413965,0.0,0.030423940149625933,0.0,0.0,0.004488778054862843,0.0054862842892768075,0.0,0.0,0.013466334164588529,0.01645885286783042,0.0,0.6169576059850375,0.0,0.0,0.0059850374064837905,0.0,0.03491271820448878,0.0,0.014463840399002495,0.004488778054862842,0.0,0.0,0.0,0.003491271820448878,0.000997506234413965,0.0,0.0,0.0,0.0,0.04588528678304239,0.0,0.000997506234413965,0.0,0.0024937655860349127,0.0,0.012967581047381545,0.003491271820448878,0.0,0.000997506234413965,0.016458852867830425,0.0034912718204488775,0.0,0.0,0.00399002493765586,0.005486284289276808,0.00199501246882793,0.0,0.0,0.0014962593516209476,0.0,0.0,0.0,0.00199501246882793,0.0,0.01596009975062344,0.0
ibd_willing-CCD-p13-f24,0.0,0.0059594755661501785,0.0,0.0,0.0,0.0011918951132300357,0.0,0.11799761620977355,0.0,0.0,0.0,0.00834326579261025,0.0,0.0,0.0,0.003575685339690107,0.0,0.23122765196662692,0.0,0.0,0.0,0.0011918951132300357,0.03575685339690107,0.0,0.0011918951132300357,0.03218116805721097,0.0,0.0,0.0,0.0,0.0,0.0,0.0,0.0,0.0,0.06197854588796185,0.0,0.0011918951132300357,0.0,0.0,0.0,0.0,0.0011918951132300357,0.0,0.0,0.0,0.0,0.0,0.0,0.0,0.0023837902264600714,0.0166865315852205,0.0,0.0,0.0,0.0,0.0,0.0,0.0011918951132300357,0.0,0.017878426698450536,0.0
ibd_willing-H-p11-f26,0.0,0.011029411764705883,0.0,0.0009191176470588235,0.0,0.0,0.0,0.006433823529411764,0.0,0.0,0.0,0.0027573529411764708,0.0,0.0,0.001838235294117647,0.023897058823529414,0.0,0.23161764705882354,0.006433823529411764,0.0,0.0009191176470588235,0.0,0.021139705882352942,0.0,0.0,0.012867647058823529,0.007352941176470588,0.0,0.0,0.0,0.0,0.0,0.0,0.0,0.0,0.03952205882352941,0.453125,0.011029411764705881,0.0,0.0,0.0,0.001838235294117647,0.0027573529411764703,0.0,0.0009191176470588235,0.0009191176470588235,0.0,0.0,0.0,0.0,0.004595588235294118,0.022058823529411766,0.0009191176470588235,0.013786764705882353,0.0,0.0,0.0,0.0,0.0,0.0,0.0027573529411764703,0.0
ibd_willing-CCD-p14-f28,0.0,0.01053864168618267,0.0,0.0,0.0,0.0,0.0,0.00819672131147541,0.0,0.0,0.0,0.00351288056206089,0.0,0.0,0.00234192037470726,0.00117096018735363,0.0,0.6276346604215457,0.00234192037470726,0.0,0.00351288056206089,0.0,0.02107728337236534,0.0,0.0,0.02927400468384075,0.00234192037470726,0.0,0.0,0.0,0.0,0.0,0.0,0.0,0.0,0.048009367681498834,0.0,0.00819672131147541,0.0,0.00117096018735363,0.0,0.02693208430913349,0.0,0.0,0.0,0.00117096018735363,0.00117096018735363,0.0,0.0,0.0,0.00234192037470726,0.00936768149882904,0.0,0.0,0.0,0.0,0.0,0.0,0.00351288056206089,0.0,0.00351288056206089,0.0
ibd_willing-H-p14-f27,0.0011947431302270011,0.014336917562724014,0.0,0.0023894862604540022,0.0011947431302270011,0.0,0.0,0.02867383512544803,0.0,0.0,0.0,0.007168458781362007,0.0,0.0,0.009557945041816009,0.06093189964157706,0.0,0.5388291517323776,0.03106332138590203,0.0,0.01911589008363202,0.0,0.03464755077658303,0.0,0.0,0.013142174432497012,0.0,0.0,0.0,0.0,0.0,0.0,0.0,0.0023894862604540022,0.0,0.02389486260454002,0.0,0.0035842293906810036,0.0,0.0023894862604540022,0.0,0.026284348864994027,0.0023894862604540022,0.0,0.0011947431302270011,0.008363201911589008,0.008363201911589008,0.0,0.0,0.007168458781362007,0.005973715651135006,0.021505376344086023,0.0,0.0,0.0,0.0035842293906810036,0.0,0.0,0.0,0.0,0.0047789725209080045,0.0
ibd_willing-H-p13-f25,0.0,0.008576329331046312,0.0,0.0017152658662092624,0.0,0.0,0.0,0.008576329331046312,0.0,0.0,0.0,0.005145797598627788,0.0,0.0,0.0,0.06689536878216124,0.0,0.39451114922813035,0.017152658662092625,0.0,0.005145797598627787,0.0,0.07032590051457976,0.0,0.0017152658662092624,0.027444253859348195,0.005145797598627788,0.0,0.0,0.0,0.0,0.0,0.0,0.0,0.0,0.044596912521440824,0.0017152658662092624,0.03430531732418525,0.0,0.005145797598627788,0.0,0.0017152658662092624,0.0,0.0,0.003430531732418525,0.0,0.0,0.0,0.0,0.0,0.008576329331046312,0.030874785591766728,0.0017152658662092624,0.0,0.0,0.0,0.0017152658662092624,0.0,0.0017152658662092624,0.0,0.025728987993138934,0.0
ibd_willing-ICD-p16-f31,0.0,0.0,0.0,0.0,0.0,0.0,0.0,0.03272727272727273,0.0,0.0,0.006545454545454545,0.0,0.0,0.0,0.008727272727272728,0.0021818181818181815,0.0,0.7054545454545453,0.0,0.0,0.0,0.0,0.0,0.08945454545454545,0.06763636363636365,0.0007272727272727272,0.0,0.017454545454545455,0.0,0.0,0.0,0.0,0.0,0.0,0.0007272727272727272,0.0,0.0,0.0036363636363636364,0.0,0.0,0.0,0.017454545454545452,0.0,0.0,0.0007272727272727272,0.007272727272727273,0.0,0.0,0.0,0.0,0.00509090909090909,0.0,0.0,0.0,0.0,0.0,0.0,0.0,0.0014545454545454545,0.0,0.0021818181818181815,0.0
ibd_willing-ICD-p15-f29,0.0,0.0,0.0,0.0,0.004578155657292348,0.0,0.0,0.026814911706998037,0.0,0.0,0.0,0.0,0.0,0.0,0.005232177894048397,0.0,0.0,0.6213211249182472,0.0,0.0,0.0,0.0,0.0,0.0,0.0,0.0006540222367560497,0.0,0.0,0.0,0.19424460431654675,0.0,0.0,0.0,0.0,0.007194244604316547,0.0,0.0,0.0,0.0,0.0,0.0,0.0,0.0,0.0,0.05166775670372792,0.0,0.0013080444735120995,0.0,0.0,0.0,0.0,0.0,0.0,0.0,0.0,0.0,0.0,0.0,0.0,0.0,0.028776978417266185,0.0
ibd_willing-CCD-p17-f32,0.0,0.007891770011273957,0.0,0.0,0.0011273957158962795,0.0,0.0,0.015783540022547914,0.0,0.0,0.0,0.005636978579481398,0.0,0.0,0.0011273957158962795,0.14656144306651633,0.0,0.38556933483652767,0.04284103720405862,0.0,0.0011273957158962795,0.0011273957158962795,0.09808342728297631,0.0033821871476888386,0.0,0.0033821871476888386,0.0,0.0,0.0,0.0,0.0,0.0,0.0,0.0011273957158962795,0.0,0.016910935738444193,0.0,0.0011273957158962795,0.0,0.0,0.0,0.046223224351747465,0.002254791431792559,0.0,0.0,0.006764374295377677,0.014656144306651634,0.0,0.0,0.004509582863585118,0.009019165727170236,0.0011273957158962795,0.0,0.0,0.006764374295377677,0.0,0.002254791431792559,0.0,0.0011273957158962795,0.0,0.019165727170236752,0.0
ibd_willing-ICD-p15-f30,0.0,0.0,0.0,0.0,0.0,0.0,0.0,0.020856201975850714,0.0,0.0,0.0,0.043907793633369926,0.0,0.0,0.0,0.052689352360043906,0.0,0.26344676180021953,0.0043907793633369925,0.0,0.0,0.0,0.006586169045005488,0.0043907793633369925,0.0,0.0,0.01866081229418222,0.0,0.0,0.005488474204171241,0.0,0.0,0.0,0.0,0.025246981339187707,0.0,0.34906695938529086,0.0,0.0,0.0,0.0,0.0,0.0,0.0,0.013172338090010977,0.0,0.0,0.0,0.0,0.0,0.005488474204171241,0.0,0.0,0.03402854006586169,0.0,0.0,0.0,0.0,0.005488474204171241,0.0,0.0076838638858397375,0.0
ibd_willing-CCD-p17-f34,0.0,0.0625,0.0013020833333333333,0.0,0.00390625,0.0,0.0,0.09895833333333333,0.0,0.0,0.0,0.06380208333333333,0.0,0.0,0.00390625,0.03515625,0.0013020833333333333,0.3984375,0.0013020833333333333,0.0,0.006510416666666666,0.0,0.018229166666666664,0.0,0.0013020833333333333,0.031249999999999993,0.014322916666666666,0.0,0.0,0.0,0.0,0.0,0.0,0.0026041666666666665,0.0,0.059895833333333336,0.0,0.0,0.0,0.0,0.0,0.023437499999999997,0.0,0.0,0.009114583333333334,0.005208333333333333,0.006510416666666666,0.0,0.0,0.0013020833333333333,0.00390625,0.0013020833333333333,0.0013020833333333333,0.0,0.0,0.0,0.0,0.0,0.0,0.0,0.006510416666666666,0.0
ibd_willing-H-p18-f36,0.0,0.04094292803970223,0.0,0.0012406947890818859,0.0012406947890818859,0.0,0.0,0.008684863523573201,0.0024813895781637717,0.0,0.0,0.026054590570719603,0.0,0.0,0.0012406947890818859,0.05210918114143921,0.0,0.3014888337468983,0.0,0.0,0.004962779156327543,0.0,0.13399503722084366,0.0,0.0024813895781637717,0.019851116625310177,0.016129032258064516,0.0,0.0,0.0012406947890818859,0.0,0.0,0.0,0.0,0.0,0.02729528535980149,0.0,0.0012406947890818859,0.0,0.0012406947890818859,0.0,0.0,0.0,0.0,0.0,0.008684863523573201,0.0,0.0,0.0,0.0,0.0,0.04466501240694789,0.0,0.0,0.0,0.0,0.0012406947890818859,0.0,0.0,0.0,0.0,0.0012406947890818859
ibd_willing-ICD-p18-f33,0.0,0.0,0.0,0.0,0.0038095238095238095,0.0,0.0,0.009523809523809525,0.0,0.0,0.024761904761904763,0.0,0.0,0.0,0.0,0.030476190476190476,0.0,0.782857142857143,0.0,0.0,0.0,0.0,0.0,0.0,0.0,0.0,0.05333333333333333,0.0,0.0,0.007619047619047619,0.0,0.0,0.0,0.0,0.0,0.0,0.0,0.0,0.0,0.0,0.0,0.0,0.0,0.0,0.02095238095238095,0.0,0.0,0.0,0.0,0.0,0.0,0.0,0.0,0.0,0.0,0.0,0.0,0.0,0.0,0.03619047619047619,0.0038095238095238095,0.0
ibd_willing-H-p16-f35,0.0,0.015957446808510637,0.0,0.0013297872340425532,0.0,0.0,0.0,0.009308510638297872,0.0026595744680851063,0.0,0.0,0.0,0.0,0.0,0.005319148936170213,0.023936170212765957,0.0,0.5226063829787234,0.0,0.0,0.013297872340425532,0.0013297872340425532,0.026595744680851064,0.0,0.0,0.05053191489361702,0.0,0.0,0.0,0.0,0.0,0.0,0.0,0.0,0.0,0.045212765957446804,0.005319148936170213,0.003989361702127659,0.0,0.0,0.0,0.0,0.0,0.0,0.0026595744680851063,0.003989361702127659,0.0,0.0,0.0,0.0,0.003989361702127659,0.003989361702127659,0.0,0.015957446808510637,0.0013297872340425532,0.0,0.0,0.0,0.0,0.0,0.013297872340425532,0.0
ibd_willing-H-p19-f70,0.0,0.007155635062611807,0.0,0.0,0.0,0.0005963029218843172,0.011329755515802028,0.002385211687537269,0.005963029218843173,0.0,0.011329755515802026,0.020870602265951103,0.0,0.0,0.0017889087656529517,0.0834824090638044,0.0005963029218843172,0.3267740011926059,0.05784138342277878,0.0,0.005963029218843173,0.0005963029218843172,0.053667262969588556,0.0,0.0035778175313059034,0.007751937984496124,0.01311866428145498,0.0,0.0,0.013714967203339297,0.0,0.0,0.0,0.0,0.0,0.01252236135957066,0.014907573047107929,0.002385211687537269,0.0,0.0011926058437686344,0.0,0.006559332140727489,0.002385211687537269,0.0,0.0005963029218843172,0.005963029218843173,0.002385211687537269,0.0,0.0053667262969588556,0.0,0.0017889087656529517,0.02623732856290996,0.0005963029218843172,0.0,0.0,0.0,0.0,0.0,0.0,0.0,0.0017889087656529517,0.007751937984496124
ibd_willing-H-p21-f101,0.0,0.008504606661941886,0.001417434443656981,0.001417434443656981,0.001417434443656981,0.0,0.0,0.005669737774627924,0.0,0.0,0.0,0.0,0.0,0.0,0.0007087172218284905,0.029766123316796598,0.0,0.5017717930545711,0.0368532955350815,0.0,0.002126151665485471,0.0,0.04039688164422396,0.0,0.0,0.03897944720056697,0.008504606661941885,0.0,0.0,0.0007087172218284905,0.0,0.0,0.0,0.001417434443656981,0.0,0.06874557051736357,0.0,0.041105598866052445,0.0,0.0,0.0,0.0007087172218284905,0.002126151665485471,0.0,0.004252303330970942,0.0035435861091424525,0.0,0.0,0.0007087172218284905,0.0,0.008504606661941885,0.002834868887313962,0.0,0.0,0.001417434443656981,0.0,0.0007087172218284905,0.0,0.0,0.0,0.05457122608079377,0.0063784549964564135
ibd_willing-ICD-p21-f88,0.0,0.0,0.0,0.0,0.00046274872744099955,0.0,0.0,0.0,0.0,0.1031929662193429,0.0037019898195279964,0.0,0.0,0.0,0.0,0.0,0.0,0.00046274872744099955,0.0,0.0,0.0,0.0,0.0,0.0,0.0,0.0,0.0,0.0,0.0,0.0,0.0,0.0,0.0,0.0,0.0,0.0,0.0,0.00046274872744099955,0.0,0.0,0.8773715872281351,0.0,0.0,0.002776492364645997,0.0,0.0,0.011105969458583989,0.0,0.0,0.0,0.0,0.0,0.0,0.00046274872744099955,0.0,0.0,0.0,0.0,0.0,0.0,0.0,0.0
ibd_willing-UC-p19-f82,0.0,0.022695035460992906,0.0,0.0,0.0007092198581560284,0.0,0.0,0.02127659574468085,0.002127659574468085,0.0,0.0,0.02553191489361702,0.0,0.0,0.002127659574468085,0.011347517730496455,0.0,0.1624113475177305,0.0070921985815602835,0.0,0.005673758865248227,0.002127659574468085,0.01773049645390071,0.0,0.0,0.04184397163120568,0.0,0.0,0.0,0.002127659574468085,0.0,0.0,0.0,0.0007092198581560284,0.0,0.03687943262411347,0.027659574468085105,0.016312056737588652,0.04539007092198582,0.0007092198581560284,0.0,0.01276595744680851,0.0007092198581560284,0.0,0.0007092198581560284,0.002127659574468085,0.011347517730496455,0.0,0.00851063829787234,0.0035460992907801418,0.00425531914893617,0.01347517730496454,0.0,0.0,0.0,0.0,0.0,0.0,0.0,0.0,0.00425531914893617,0.0
ibd_willing-UC-p20-f40,0.0,0.02027027027027027,0.0,0.0,0.0,0.0,0.0,0.013513513513513514,0.0,0.0,0.0,0.004054054054054054,0.0,0.0,0.002702702702702703,0.0,0.0,0.20405405405405408,0.012162162162162163,0.0,0.004054054054054054,0.004054054054054054,0.07027027027027027,0.0,0.0,0.02972972972972973,0.0,0.0,0.0,0.0,0.0,0.0,0.0,0.0,0.0,0.033783783783783786,0.0,0.0,0.0,0.0,0.0,0.0,0.0013513513513513514,0.0,0.0,0.0,0.002702702702702703,0.0,0.0,0.002702702702702703,0.004054054054054054,0.002702702702702703,0.0,0.0,0.0,0.0,0.0,0.0,0.0,0.0013513513513513514,0.004054054054054054,0.0
ibd_willing-ICD-p22-f116,0.0,0.0,0.0,0.0,0.0,0.0006527415143603133,0.0,0.018276762402088774,0.0,0.0,0.0,0.023498694516971282,0.0,0.0,0.0045691906005221935,0.0391644908616188,0.0,0.7754569190600522,0.0,0.0,0.0,0.0,0.0097911227154047,0.0,0.0,0.008485639686684074,0.0,0.0,0.0,0.0006527415143603133,0.0,0.0,0.0,0.0,0.0,0.00783289817232376,0.0,0.0026109660574412533,0.0,0.0,0.0,0.0,0.0,0.0,0.00587467362924282,0.0,0.0,0.0,0.0,0.0,0.02741514360313316,0.0,0.0,0.0,0.0,0.0,0.0,0.0,0.0039164490861618795,0.0,0.00391644908616188,0.0
ibd_willing-UC-p20-f43,0.0,0.02467811158798283,0.0,0.002145922746781116,0.0,0.0,0.0,0.015021459227467811,0.0,0.0,0.04935622317596566,0.012875536480686695,0.0,0.0,0.002145922746781116,0.006437768240343348,0.0,0.4656652360515021,0.0,0.001072961373390558,0.0,0.0,0.02575107296137339,0.0,0.0,0.004291845493562232,0.0,0.0,0.0,0.07510729613733906,0.0,0.0,0.0,0.0,0.0,0.02145922746781116,0.0,0.008583690987124463,0.0,0.0,0.0,0.0,0.001072961373390558,0.0,0.0,0.003218884120171674,0.00536480686695279,0.0,0.0,0.003218884120171674,0.002145922746781116,0.01072961373390558,0.0,0.001072961373390558,0.0,0.001072961373390558,0.001072961373390558,0.0,0.001072961373390558,0.0,0.017167381974248927,0.0
ibd_willing-ICD-p22-f39,0.0,0.0,0.0,0.0,0.0,0.0,0.0,0.0012586532410320957,0.0,0.0,0.0,0.0,0.0,0.0,0.0,0.28319697923222154,0.0,0.3826305852737571,0.0,0.0,0.0,0.0,0.0018879798615481437,0.0,0.0,0.0,0.04845814977973568,0.0,0.0,0.0018879798615481437,0.0,0.0,0.0,0.0,0.0,0.0,0.0,0.0,0.0,0.0,0.0,0.0006293266205160479,0.0006293266205160479,0.0,0.0062932662051604785,0.0,0.0,0.0,0.0,0.0,0.0,0.0,0.0,0.0,0.0,0.0,0.0,0.0,0.0,0.2196349905601007,0.0,0.0
ibd_willing-ICD-p23-f112,0.0,0.0,0.0,0.0,0.0,0.0023752969121140144,0.0,0.023752969121140142,0.0,0.0,0.006334125098970704,0.0,0.0,0.0,0.0,0.17577197149643703,0.0,0.6642913697545527,0.0,0.0,0.0,0.0,0.0,0.008709422011084718,0.0,0.0,0.007125890736342042,0.0,0.0,0.027711797307996833,0.0,0.0,0.0,0.0,0.0,0.000791765637371338,0.0,0.0,0.0,0.0,0.000791765637371338,0.0,0.0,0.0,0.0,0.0,0.0,0.0,0.0,0.0,0.000791765637371338,0.001583531274742676,0.0,0.0166270783847981,0.0,0.0,0.0,0.0,0.0,0.0,0.02137767220902613,0.0
ibd_willing-UC-p24-f77,0.0,0.00332409972299169,0.0,0.0,0.0,0.000554016620498615,0.0,0.06703601108033241,0.0,0.0,0.0,0.00997229916897507,0.0,0.0,0.00886426592797784,0.0,0.0,0.7689750692520777,0.0,0.0,0.0,0.0,0.00886426592797784,0.0,0.009972299168975069,0.0,0.0,0.0,0.0,0.000554016620498615,0.0,0.0,0.0,0.0,0.0,0.02326869806094183,0.0,0.0,0.0,0.0,0.0,0.00110803324099723,0.0,0.0,0.00110803324099723,0.00221606648199446,0.009972299168975069,0.0,0.0,0.0,0.00886426592797784,0.000554016620498615,0.0,0.0,0.0,0.0,0.0,0.0,0.013850415512465374,0.0,0.013850415512465374,0.0
ibd_willing-H-p24-f68,0.0,0.022762545266425245,0.0,0.0,0.0,0.0,0.0,0.02327987584066218,0.0,0.0,0.0,0.0,0.0,0.0,0.0005173305742369374,0.015002586652871184,0.0,0.3078116916709777,0.008277289187790998,0.0,0.0,0.0,0.018623900672529746,0.0,0.0,0.002586652871184687,0.010863942058975685,0.0,0.0005173305742369374,0.0,0.0,0.0,0.0,0.0,0.0,0.027935851008794615,0.4309363683393689,0.0010346611484738748,0.0,0.0,0.0,0.0031039834454216243,0.0015519917227108122,0.0,0.0015519917227108122,0.0,0.0,0.0005173305742369374,0.0,0.0,0.004138644593895499,0.004138644593895499,0.0005173305742369374,0.004138644593895499,0.0010346611484738748,0.0,0.0,0.0,0.0005173305742369374,0.0046559751681324365,0.016554578375581996,0.0005173305742369374
ibd_willing-ICD-p23-f100,0.0,0.0,0.0,0.0,0.0004957858205255329,0.0,0.0,0.010411502231036193,0.0,0.0,0.0,0.0,0.0,0.0,0.0009915716410510659,0.005949429846306395,0.0,0.19930589985126426,0.0,0.0,0.0,0.0,0.001487357461576599,0.0,0.0,0.0004957858205255329,0.029251363411006447,0.0,0.0,0.0,0.0,0.0,0.0,0.0,0.0004957858205255329,0.0004957858205255329,0.6246901338621715,0.0,0.0,0.0,0.0,0.002478929102627665,0.0,0.0,0.02825979176995538,0.005949429846306396,0.0,0.0,0.0,0.0,0.0,0.0,0.0,0.015865146256817057,0.0,0.0,0.0,0.0,0.0,0.006445215666831928,0.006445215666831929,0.0
ibd_willing-ICD-p27-f64,0.0,0.009327115256495669,0.0,0.0,0.0,0.0,0.0,0.011325782811459028,0.0,0.0,0.011992005329780148,0.004663557628247834,0.0,0.0,0.0006662225183211193,0.00866089273817455,0.0,0.37774816788807464,0.0,0.0,0.0013324450366422385,0.0,0.02664890073284477,0.005329780146568954,0.018654230512991338,0.009327115256495669,0.002664890073284477,0.0,0.20519653564290471,0.002664890073284477,0.0,0.0,0.0,0.0,0.0,0.001998667554963358,0.0,0.001998667554963358,0.0,0.0013324450366422385,0.0,0.043970686209193866,0.0006662225183211193,0.0,0.0,0.019320453031312457,0.0,0.17854763491005995,0.0,0.0,0.001998667554963358,0.0006662225183211193,0.0,0.0,0.0,0.0,0.0,0.0,0.005329780146568954,0.0,0.00866089273817455,0.0
ibd_willing-UC-p25-f115,0.0,0.010276679841897233,0.0015810276679841897,0.0015810276679841897,0.0015810276679841897,0.0,0.0,0.0071146245059288534,0.0007905138339920949,0.0,0.0,0.015810276679841896,0.0,0.0,0.0015810276679841897,0.14940711462450593,0.0007905138339920949,0.25928853754940706,0.08695652173913043,0.0,0.0015810276679841897,0.0007905138339920949,0.08221343873517786,0.0,0.0071146245059288534,0.020553359683794466,0.0,0.0,0.0,0.0,0.0,0.0,0.0,0.0,0.0,0.043478260869565216,0.0,0.016600790513833993,0.0,0.0007905138339920949,0.0,0.0031620553359683794,0.0031620553359683794,0.0,0.0007905138339920949,0.005533596837944663,0.008695652173913044,0.0,0.0,0.0031620553359683794,0.005533596837944663,0.009486166007905139,0.0,0.0,0.0,0.0,0.0,0.0,0.003952569169960474,0.0,0.015810276679841896,0.0
ibd_willing-H-p27-f103,0.0,0.0045901639344262295,0.0,0.0006557377049180328,0.0013114754098360656,0.0,0.0,0.02032786885245902,0.0,0.0,0.0,0.006557377049180328,0.0,0.0,0.008524590163934427,0.006557377049180328,0.0019672131147540984,0.4832786885245902,0.012459016393442622,0.0,0.010491803278688525,0.0,0.07737704918032787,0.0,0.0006557377049180328,0.10885245901639344,0.0,0.0,0.0,0.00918032786885246,0.0,0.0,0.0,0.002622950819672131,0.0,0.02885245901639344,0.0,0.007868852459016393,0.0,0.003934426229508197,0.0,0.003934426229508197,0.006557377049180328,0.0,0.0,0.0019672131147540984,0.002622950819672131,0.0,0.0,0.0013114754098360656,0.008524590163934427,0.0013114754098360656,0.0,0.0,0.003278688524590164,0.0,0.0,0.0,0.002622950819672131,0.0,0.01639344262295082,0.0019672131147540984
ibd_willing-H-p25-f58,0.0,0.004343105320304018,0.0,0.0010857763300760044,0.002171552660152009,0.0,0.0,0.01954397394136808,0.0,0.0,0.0,0.0,0.0,0.0,0.004343105320304018,0.005428881650380022,0.0,0.05863192182410424,0.002171552660152009,0.0,0.011943539630836048,0.0,0.004343105320304018,0.0,0.002171552660152009,0.026058631921824105,0.003257328990228013,0.0,0.0,0.0,0.0,0.0,0.0,0.0,0.0,0.033659066232356136,0.252985884907709,0.0010857763300760044,0.0,0.0010857763300760044,0.0,0.0010857763300760044,0.0,0.0,0.003257328990228013,0.010857763300760045,0.0,0.0,0.003257328990228013,0.0,0.008686210640608035,0.01737242128121607,0.0,0.06514657980456026,0.0,0.0,0.0010857763300760044,0.0,0.0,0.0,0.010857763300760045,0.0
ibd_willing-ICD-p28-f53,0.0,0.0008481764206955047,0.0,0.0,0.0,0.0,0.0,0.0033927056827820186,0.0,0.0,0.0008481764206955047,0.0,0.0,0.0008481764206955047,0.0,0.026293469041560647,0.0008481764206955047,0.07888040712468193,0.0050890585241730275,0.0,0.0,0.0,0.010178117048346055,0.0,0.0,0.01102629346904156,0.02883799830364716,0.0,0.0,0.0,0.0,0.06446140797285835,0.0,0.0,0.0,0.026293469041560647,0.48600508905852413,0.018659881255301103,0.0,0.0,0.0,0.0008481764206955047,0.002544529262086514,0.0,0.0050890585241730275,0.0050890585241730275,0.0008481764206955047,0.0,0.0016963528413910093,0.0,0.01272264631043257,0.002544529262086514,0.0,0.0,0.0,0.0,0.0,0.0,0.0,0.0,0.011874469889737067,0.0
ibd_willing-UC-p26-f44,0.0,0.0013698630136986301,0.0,0.0013698630136986301,0.0,0.0,0.0,0.04315068493150684,0.0,0.0,0.0,0.00821917808219178,0.0,0.0,0.004794520547945205,0.07671232876712329,0.0,0.4328767123287671,0.021917808219178082,0.0,0.009589041095890411,0.0,0.0027397260273972603,0.0,0.0,0.0643835616438356,0.02671232876712329,0.0,0.0,0.0,0.0,0.0,0.0,0.0,0.0,0.05136986301369863,0.0,0.0027397260273972603,0.0,0.0,0.0,0.03972602739726028,0.0,0.0,0.0006849315068493151,0.012328767123287673,0.004109589041095891,0.0,0.0,0.0,0.015068493150684932,0.00410958904109589,0.0,0.0,0.0,0.0,0.0,0.0,0.0,0.0,0.026027397260273973,0.0
ibd_willing-H-p26-f94,0.0,0.0,0.0,0.0,0.0,0.0,0.0,0.001998667554963358,0.0,0.0,0.08127914723517655,0.0,0.0,0.0,0.0006662225183211193,0.031978680879413725,0.0,0.5756162558294471,0.0006662225183211193,0.0,0.0006662225183211193,0.0,0.02864756828780813,0.0,0.0,0.003997335109926716,0.001998667554963358,0.0,0.0,0.17188540972684876,0.0,0.0,0.0,0.0,0.0,0.0073284477015323115,0.0,0.0,0.0,0.0006662225183211193,0.0,0.0,0.001998667554963358,0.0,0.0013324450366422385,0.007994670219853431,0.0,0.0,0.0,0.0,0.005329780146568954,0.0013324450366422385,0.0,0.018654230512991338,0.0,0.0,0.0,0.0,0.002664890073284477,0.0,0.0006662225183211193,0.0
ibd_willing-H-p28-f55,0.0,0.0031023784901758017,0.0,0.0,0.0,0.0,0.0,0.016546018614270942,0.0,0.0,0.10341261633919338,0.0,0.0,0.0,0.002068252326783868,0.047569803516028956,0.0,0.20165460186142709,0.04446742502585316,0.0,0.0,0.005170630816959669,0.2078593588417787,0.0,0.008273009307135471,0.015511892450879009,0.0,0.0,0.0,0.10858324715615306,0.0,0.0,0.0,0.0,0.0,0.02378490175801448,0.0,0.009307135470527403,0.0,0.0,0.001034126163391934,0.0,0.0,0.0,0.001034126163391934,0.0031023784901758012,0.0,0.0,0.001034126163391934,0.0,0.001034126163391934,0.01964839710444674,0.0,0.0,0.001034126163391934,0.0,0.0,0.0,0.002068252326783868,0.0,0.007238883143743538,0.0
ibd_willing-H-p29-f48,0.0,0.014810045074050225,0.0,0.0,0.0,0.0019317450096587251,0.0,0.00128783000643915,0.0,0.0,0.000643915003219575,0.000643915003219575,0.0,0.0,0.0,0.0019317450096587251,0.0,0.37604636188023177,0.0025756600128783,0.0,0.00128783000643915,0.0,0.1101094655505473,0.0,0.00128783000643915,0.00128783000643915,0.000643915003219575,0.0,0.0,0.005795235028976175,0.0,0.0,0.0,0.00128783000643915,0.0,0.00643915003219575,0.024468770122343848,0.0,0.0,0.0,0.0,0.007083065035415325,0.0,0.0,0.0,0.000643915003219575,0.0077269800386349004,0.0,0.0,0.0038634900193174502,0.0025756600128783,0.0360592401802962,0.0,0.0019317450096587251,0.0,0.00128783000643915,0.0,0.0,0.0,0.0,0.007083065035415325,0.013522215067611075
ibd_willing-ICD-p29-f110,0.0,0.0,0.0,0.0,0.0,0.0,0.0,0.0,0.0,0.00704721634954193,0.16138125440451023,0.0,0.0,0.0,0.0,0.0,0.0,0.0014094432699083862,0.0,0.0,0.0,0.0,0.0,0.0,0.0,0.0,0.0,0.0,0.0,0.5433403805496829,0.0,0.0,0.006342494714587738,0.0,0.0,0.0,0.0,0.0,0.0,0.0,0.0014094432699083862,0.0,0.0,0.0,0.0,0.0,0.007751937984496124,0.0,0.0,0.2544045102184637,0.0,0.0,0.0,0.0,0.0,0.0,0.0,0.0,0.0,0.0,0.0,0.0
ibd_willing-UC-p37-f52,0.0,0.0063025210084033615,0.0,0.0014005602240896359,0.0,0.0,0.0,0.03291316526610645,0.0,0.0,0.0,0.007002801120448179,0.0,0.0070028011204481795,0.0028011204481792717,0.0014005602240896359,0.0,0.738795518207283,0.0,0.0,0.0056022408963585435,0.0,0.0,0.0,0.0035014005602240898,0.016106442577030814,0.0,0.0,0.0,0.0021008403361344537,0.0,0.0,0.0,0.0,0.0,0.021708683473389355,0.0007002801120448179,0.0056022408963585435,0.0,0.0,0.0,0.0021008403361344537,0.0,0.0007002801120448179,0.0007002801120448179,0.009103641456582632,0.0056022408963585435,0.0,0.0,0.008403361344537815,0.0007002801120448179,0.012605042016806723,0.0,0.0,0.0007002801120448179,0.0007002801120448179,0.0,0.0,0.0,0.0,0.00980392156862745,0.0
ibd_willing-H-p37-f113,0.0,0.006462035541195477,0.0032310177705977385,0.002423263327948304,0.034733441033925685,0.0008077544426494346,0.0,0.035541195476575124,0.0016155088852988692,0.0,0.0,0.03877221324717286,0.0,0.0,0.0008077544426494346,0.048465266558966075,0.0,0.18093699515347333,0.0,0.0032310177705977385,0.002423263327948304,0.0,0.04765751211631664,0.0072697899838449105,0.0,0.02827140549273021,0.0024232633279483036,0.0,0.03231017770597738,0.005654281098546042,0.0,0.0,0.0,0.0008077544426494346,0.0,0.052504038772213255,0.17366720516962839,0.0016155088852988692,0.0,0.0032310177705977385,0.0,0.034733441033925685,0.0008077544426494346,0.0024232633279483036,0.0016155088852988692,0.030694668820678516,0.014539579967689821,0.0,0.0,0.0016155088852988692,0.029886914378029084,0.008077544426494346,0.0,0.0,0.0008077544426494346,0.0,0.0,0.0,0.002423263327948304,0.0,0.02504038772213247,0.0008077544426494346
ibd_willing-H-p30-f85,0.0,0.001402524544179523,0.002805049088359046,0.0,0.0,0.001402524544179523,0.0,0.002805049088359046,0.0,0.0,0.0,0.001402524544179523,0.0,0.0,0.001402524544179523,0.09396914446002805,0.0,0.5273492286115007,0.0,0.0,0.001402524544179523,0.0,0.028050490883590462,0.002805049088359046,0.047685834502103785,0.011220196353436185,0.0,0.0,0.0,0.0,0.004207573632538569,0.0,0.0,0.0,0.0,0.0070126227208976155,0.001402524544179523,0.0,0.0,0.0,0.0,0.004207573632538569,0.001402524544179523,0.0,0.0,0.002805049088359046,0.0,0.0,0.0,0.0,0.005610098176718092,0.005610098176718092,0.0,0.0,0.0,0.0,0.0,0.0,0.004207573632538569,0.0,0.005610098176718092,0.002805049088359046
ibd_willing-ICCD-p30-f57,0.0,0.059447983014861996,0.0,0.0,0.0,0.0,0.0,0.3142250530785563,0.006369426751592357,0.0,0.004246284501061571,0.025477707006369428,0.0,0.0,0.0,0.0,0.0,0.3439490445859873,0.0,0.0,0.0,0.0,0.0,0.0,0.0,0.025477707006369425,0.0,0.0,0.0,0.014861995753715499,0.0,0.0,0.0,0.0,0.0,0.010615711252653929,0.0,0.0,0.0,0.0,0.004246284501061571,0.0,0.0,0.0,0.0021231422505307855,0.0,0.0,0.0,0.0,0.0,0.014861995753715499,0.0,0.0,0.0,0.0,0.0,0.0,0.0,0.04883227176220807,0.0,0.010615711252653927,0.0
ibd_willing-H-p38-f63,0.0,0.0,0.0016474464579901153,0.0016474464579901153,0.0,0.0,0.0,0.032948929159802305,0.0,0.0,0.0016474464579901153,0.0,0.0,0.0,0.0049423393739703465,0.10214168039538715,0.0,0.43163097199341016,0.006589785831960461,0.0,0.0049423393739703465,0.0,0.2026359143327842,0.0,0.0,0.006589785831960461,0.02471169686985173,0.0,0.0,0.0,0.0,0.0,0.0,0.006589785831960461,0.0,0.014827018121911038,0.011532125205930808,0.013179571663920923,0.0,0.0,0.0,0.0016474464579901153,0.008237232289950576,0.0,0.0,0.0049423393739703465,0.0,0.0,0.0,0.0,0.009884678747940691,0.011532125205930808,0.0,0.0,0.0,0.0,0.0,0.0,0.0016474464579901153,0.0,0.0214168039538715,0.0
ibd_willing-UC-p38-f38,0.013994910941475827,0.0,0.0,0.0,0.0,0.0,0.0,0.001272264631043257,0.001272264631043257,0.0,0.04580152671755725,0.0038167938931297713,0.0,0.0,0.008905852417302799,0.02926208651399491,0.0,0.6717557251908397,0.053435114503816786,0.0,0.0063613231552162855,0.001272264631043257,0.027989821882951654,0.0,0.001272264631043257,0.002544529262086514,0.027989821882951654,0.0,0.0,0.002544529262086514,0.0,0.0,0.0,0.0,0.0,0.022900763358778622,0.0,0.0,0.0,0.0,0.0,0.002544529262086514,0.001272264631043257,0.0,0.0,0.001272264631043257,0.002544529262086514,0.0,0.0,0.0,0.0,0.0,0.0,0.0,0.0,0.003816793893129771,0.0,0.0,0.0,0.0,0.008905852417302799,0.0
ibd_willing-UC-p39-f104,0.0,0.0009233610341643582,0.0009233610341643582,0.0009233610341643582,0.0009233610341643582,0.0,0.0,0.09695290858725761,0.0,0.0,0.0,0.017543859649122806,0.0,0.0,0.006463527239150508,0.017543859649122806,0.0,0.6952908587257618,0.0,0.0,0.0,0.0,0.012927054478301015,0.0,0.0,0.02585410895660203,0.0,0.0,0.0,0.0,0.0,0.0,0.0,0.0,0.0,0.034164358264081256,0.0,0.006463527239150508,0.0,0.0,0.0,0.00554016620498615,0.0,0.0,0.0018467220683287165,0.0018467220683287165,0.0009233610341643582,0.0,0.0,0.0,0.010156971375807941,0.0,0.0009233610341643582,0.0,0.0,0.0,0.0,0.0,0.0,0.0,0.012003693444136657,0.0
ibd_willing-H-p31-f61,0.0,0.0,0.0007272727272727272,0.0007272727272727272,0.0,0.0,0.0,0.02618181818181818,0.0,0.0,0.0,0.0,0.0,0.0,0.0036363636363636364,0.008727272727272728,0.0,0.8203636363636364,0.0036363636363636364,0.0,0.0007272727272727272,0.0,0.016,0.0,0.014545454545454545,0.0021818181818181815,0.0,0.0,0.0,0.0,0.0,0.0,0.0,0.0007272727272727272,0.0,0.03781818181818182,0.0,0.0007272727272727272,0.0,0.0007272727272727272,0.0,0.0,0.0021818181818181815,0.0,0.0007272727272727272,0.0007272727272727272,0.0,0.0,0.0,0.0,0.0021818181818181815,0.0007272727272727272,0.0,0.0,0.0,0.0,0.0,0.0,0.0021818181818181815,0.0,0.00509090909090909,0.0
ibd_willing-H-p39-f105,0.0,0.0009689922480620155,0.0,0.0009689922480620155,0.0,0.0,0.0009689922480620155,0.003875968992248062,0.0,0.0,0.0,0.0,0.0,0.0,0.001937984496124031,0.0009689922480620155,0.0,0.6065891472868218,0.0,0.0,0.0009689922480620155,0.0,0.027131782945736434,0.0,0.0,0.001937984496124031,0.022286821705426358,0.0,0.0,0.15794573643410853,0.0,0.0,0.0,0.0,0.0,0.06492248062015504,0.0,0.0,0.0,0.001937984496124031,0.0,0.0,0.0048449612403100775,0.0,0.0,0.0009689922480620155,0.0,0.0,0.0,0.0,0.0009689922480620155,0.009689922480620155,0.0,0.0,0.0,0.0,0.0009689922480620155,0.0,0.0,0.0,0.0029069767441860465,0.0
ibd_willing-CCD-p31-f41,0.0,0.04140127388535032,0.0,0.0021231422505307855,0.0,0.0010615711252653928,0.0,0.05626326963906582,0.0,0.0,0.0,0.0,0.0,0.0,0.0053078556263269645,0.0074309978768577496,0.0,0.24628450106157113,0.01910828025477707,0.0,0.0074309978768577496,0.0031847133757961785,0.028662420382165606,0.0,0.0074309978768577496,0.06581740976645435,0.0,0.0,0.0,0.005307855626326964,0.0010615711252653928,0.0,0.0,0.0031847133757961785,0.0,0.04989384288747346,0.0,0.008492569002123142,0.0,0.0,0.0,0.0021231422505307855,0.0021231422505307855,0.0,0.016985138004246284,0.0031847133757961785,0.0,0.0,0.0,0.0010615711252653928,0.008492569002123142,0.04883227176220807,0.0,0.0,0.0010615711252653928,0.0,0.0,0.0,0.0,0.0,0.0074309978768577496,0.0010615711252653928
ibd_willing-uiCD-p32-f91,0.0,0.0,0.0,0.0014925373134328358,0.0,0.0052238805970149255,0.0,0.01492537313432836,0.0,0.0,0.0,0.01119402985074627,0.0,0.0,0.0,0.1044776119402985,0.0,0.7485074626865672,0.0,0.0,0.0,0.0,0.004477611940298508,0.0,0.0,0.002238805970149254,0.010447761194029851,0.0,0.0,0.005970149253731343,0.0,0.0,0.0,0.0,0.0,0.0,0.0,0.0,0.0,0.0,0.0,0.002238805970149254,0.0,0.0,0.01865671641791045,0.00373134328358209,0.004477611940298508,0.0,0.0,0.0,0.0052238805970149255,0.0007462686567164179,0.0,0.0,0.0,0.0,0.0,0.0,0.0007462686567164179,0.013432835820895522,0.0052238805970149255,0.0007462686567164179
ibd_willing-H-p40-f81,0.0,0.00210637177461822,0.0,0.000526592943654555,0.00105318588730911,0.0,0.0,0.00421274354923644,0.0,0.0,0.000526592943654555,0.0,0.0,0.0,0.00105318588730911,0.000526592943654555,0.0,0.889942074776198,0.0,0.0,0.0,0.00105318588730911,0.0,0.0,0.0,0.003686150605581885,0.0,0.0,0.0,0.0,0.0,0.0,0.00105318588730911,0.00105318588730911,0.0,0.03949447077409163,0.0,0.0,0.0,0.0,0.0,0.0057925223802001045,0.0,0.0,0.00421274354923644,0.0,0.0,0.0,0.0,0.001579778830963665,0.0,0.001579778830963665,0.0,0.0,0.0,0.0,0.0,0.0,0.00105318588730911,0.0,0.006845708267509215,0.0
ibd_willing-H-p32-f98,0.0,0.011088709677419355,0.0,0.0010080645161290322,0.0,0.0010080645161290322,0.0,0.011088709677419352,0.0,0.0,0.0,0.026209677419354836,0.0,0.0,0.0,0.02116935483870968,0.0020161290322580645,0.4566532258064516,0.019153225806451613,0.0,0.008064516129032258,0.0,0.10584677419354839,0.0,0.0,0.020161290322580645,0.0,0.0,0.0,0.0,0.0,0.0,0.0,0.0010080645161290322,0.0,0.010080645161290322,0.0,0.0030241935483870967,0.0,0.0,0.0,0.01008064516129032,0.0020161290322580645,0.0,0.0,0.006048387096774193,0.04334677419354839,0.0,0.0,0.014112903225806451,0.008064516129032258,0.04435483870967742,0.0,0.0,0.0020161290322580645,0.0010080645161290322,0.0010080645161290322,0.0,0.0,0.0,0.007056451612903226,0.0
ibd_willing-UC-p40-f73,0.0,0.0,0.0,0.0,0.0,0.0006506180871828237,0.0,0.03903708523096942,0.001951854261548471,0.0,0.0,0.0013012361743656475,0.0,0.0,0.0006506180871828237,0.048145738451528954,0.0,0.7957059206245933,0.013662979830839299,0.0,0.001951854261548471,0.0,0.009759271307742356,0.0,0.0,0.0071567989590110605,0.005855562784645413,0.0,0.0,0.0,0.0,0.0,0.0,0.0,0.0,0.001951854261548471,0.0,0.0,0.0,0.0,0.0,0.0,0.0006506180871828237,0.0,0.002602472348731295,0.0,0.0,0.0,0.0,0.0006506180871828237,0.0,0.0,0.0,0.008458035133376708,0.0,0.0,0.0,0.0,0.0,0.0,0.02081977878985036,0.0
ibd_willing-H-p33-f93,0.0,0.009773976786805132,0.0,0.0,0.0006108735491753207,0.0,0.0,0.006719609040928528,0.0006108735491753207,0.0,0.08002443494196702,0.0,0.0,0.0,0.0012217470983506415,0.010384850335980453,0.0177153329260843,0.04764813683567502,0.03359804520464264,0.0,0.0018326206475259622,0.0,0.002443494196701283,0.0,0.004276114844227245,0.011606597434331092,0.0,0.0,0.0,0.0,0.0,0.002443494196701283,0.0,0.0012217470983506415,0.0,0.0177153329260843,0.007330482590103849,0.0012217470983506415,0.0,0.0,0.0006108735491753207,0.0,0.0012217470983506415,0.0,0.0,0.0018326206475259622,0.0036652412950519244,0.0,0.0006108735491753207,0.0018326206475259622,0.0006108735491753207,0.012217470983506416,0.0,0.0,0.0,0.0,0.0,0.011606597434331093,0.0,0.0,0.004886988393402566,0.0
ibd_willing-ICD-p33-f83,0.0,0.02786377708978328,0.0,0.0007739938080495357,0.05727554179566563,0.0,0.0,0.015479876160990712,0.0023219814241486067,0.0,0.0,0.009287925696594427,0.0,0.0,0.0,0.0,0.0,0.3931888544891641,0.0,0.0,0.013157894736842105,0.0,0.10990712074303406,0.0,0.0,0.02089783281733746,0.0,0.0,0.0,0.19040247678018574,0.0,0.0,0.0,0.0030959752321981426,0.0,0.0,0.0,0.0,0.0,0.005417956656346749,0.0,0.014705882352941176,0.0,0.0,0.011609907120743033,0.004643962848297214,0.01934984520123839,0.0,0.0023219814241486067,0.0,0.0007739938080495357,0.0015479876160990713,0.0,0.0,0.0,0.0,0.0,0.0,0.0,0.0,0.045665634674922594,0.0
ibd_willing-UC-p41-f102,0.0,0.0009057971014492754,0.0,0.0,0.0018115942028985507,0.0,0.0,0.04528985507246377,0.0,0.0,0.0,0.0,0.0,0.0,0.0018115942028985507,0.005434782608695652,0.0,0.3052536231884058,0.018115942028985508,0.0,0.022644927536231887,0.0018115942028985507,0.07971014492753624,0.0,0.0,0.028985507246376812,0.0,0.0,0.0,0.0,0.0,0.0,0.0,0.002717391304347826,0.0,0.06340579710144928,0.0,0.05525362318840579,0.0,0.0,0.0,0.04076086956521739,0.0036231884057971015,0.0,0.0,0.008152173913043478,0.0009057971014492754,0.0,0.0,0.0,0.009057971014492754,0.005434782608695652,0.0,0.0,0.0018115942028985507,0.0,0.0009057971014492754,0.0,0.0018115942028985507,0.0,0.023550724637681156,0.0
ibd_willing-H-p41-f87,0.0,0.0,0.0,0.0,0.010566762728146013,0.0,0.0,0.008645533141210374,0.002881844380403458,0.0,0.0,0.0,0.0,0.0,0.0009606147934678194,0.01440922190201729,0.0009606147934678194,0.5802113352545629,0.007684918347742554,0.0,0.0048030739673390966,0.002881844380403458,0.019212295869356386,0.0,0.010566762728146013,0.04034582132564841,0.0,0.0,0.0,0.0,0.0,0.0,0.0,0.0,0.0,0.02305475504322766,0.0,0.0019212295869356388,0.0,0.0,0.0,0.0,0.0009606147934678194,0.0,0.0,0.0048030739673390966,0.007684918347742555,0.0,0.0009606147934678194,0.0038424591738712775,0.005763688760806916,0.002881844380403458,0.0,0.013448607108549471,0.0,0.0009606147934678194,0.0,0.0,0.0,0.0,0.0048030739673390966,0.0
ibd_willing-CCD-p34-f67,0.0,0.0010319917440660474,0.0010319917440660474,0.0020639834881320948,0.0,0.0,0.0,0.022703818369453045,0.0,0.0,0.0,0.0,0.09494324045407637,0.0,0.0,0.006191950464396285,0.0,0.4220846233230134,0.0804953560371517,0.0,0.0392156862745098,0.0010319917440660474,0.09287925696594428,0.0,0.0,0.008255933952528379,0.0041279669762641896,0.0,0.0,0.0010319917440660474,0.0,0.0,0.0,0.0,0.0,0.021671826625386997,0.0,0.0010319917440660474,0.0,0.0030959752321981426,0.0,0.0030959752321981426,0.003095975232198142,0.0,0.0010319917440660474,0.005159958720330237,0.0010319917440660474,0.0,0.0,0.0,0.00825593395252838,0.0,0.0010319917440660474,0.0,0.0,0.0,0.0010319917440660474,0.0,0.022703818369453045,0.0,0.030959752321981428,0.0
ibd_willing-H-p42-f79,0.0,0.057711442786069655,0.0,0.0009950248756218905,0.0,0.001990049751243781,0.0,0.015920398009950248,0.0,0.0,0.0,0.0,0.0,0.0,0.004975124378109453,0.06965174129353234,0.0,0.49452736318407964,0.011940298507462685,0.0,0.003980099502487562,0.0,0.04477611940298507,0.0,0.0,0.009950248756218904,0.0009950248756218905,0.0,0.0,0.001990049751243781,0.0009950248756218905,0.0,0.0,0.0029850746268656712,0.0,0.029850746268656712,0.0,0.014925373134328356,0.0,0.0,0.0,0.02487562189054726,0.009950248756218905,0.0,0.0009950248756218905,0.004975124378109453,0.0,0.0,0.0,0.0,0.007960199004975124,0.017910447761194027,0.003980099502487562,0.02487562189054726,0.0,0.0,0.0,0.0,0.006965174129353234,0.0,0.011940298507462687,0.0
ibd_willing-H-p34-f75,0.0,0.009640666082383873,0.0,0.0008764241893076249,0.0,0.0008764241893076249,0.0,0.05872042068361087,0.0,0.0,0.0008764241893076249,0.007887817703768625,0.0,0.0,0.0,0.09991235758106923,0.0,0.7116564417177914,0.0052585451358457495,0.0,0.013146362839614375,0.0,0.0017528483786152498,0.0,0.0008764241893076249,0.0052585451358457495,0.0052585451358457495,0.0,0.0,0.0,0.0,0.0,0.0,0.0,0.0,0.0,0.0,0.0,0.0,0.0,0.0,0.0008764241893076249,0.0,0.0,0.0017528483786152498,0.0035056967572304996,0.0035056967572304996,0.0,0.0,0.0043821209465381246,0.007011393514460999,0.0017528483786152498,0.0,0.0,0.0,0.0,0.0,0.0,0.0,0.0,0.0052585451358457495,0.0017528483786152498
ibd_willing-UC-p42-f76,0.0,0.002657218777679362,0.002657218777679362,0.004428697962798937,0.0,0.0,0.0,0.05403011514614703,0.0,0.0,0.0,0.0,0.0,0.0,0.008857395925597873,0.0008857395925597874,0.0,0.44729849424269263,0.02037201062887511,0.0,0.01682905225863596,0.0,0.06731620903454384,0.0,0.011514614703277234,0.06908768821966342,0.0,0.0,0.0,0.0,0.0,0.0,0.0,0.0008857395925597874,0.0,0.03277236492471213,0.0,0.0,0.0,0.001771479185119575,0.0,0.001771479185119575,0.0,0.0,0.0008857395925597874,0.001771479185119575,0.0008857395925597874,0.0,0.0,0.001771479185119575,0.00354295837023915,0.001771479185119575,0.0008857395925597874,0.0,0.0008857395925597874,0.0,0.0,0.0,0.013286093888396812,0.0,0.012400354295837026,0.0
ibd_willing-CCD-p35-f72,0.0,0.0070202808112324495,0.0,0.00078003120124805,0.0015600624024961,0.0,0.0,0.00546021840873635,0.0,0.0,0.0,0.01326053042121685,0.0,0.0,0.00546021840873635,0.01950078003120125,0.0,0.13806552262090485,0.00858034321372855,0.0,0.0,0.0015600624024961,0.01794071762870515,0.0,0.00078003120124805,0.01950078003120125,0.0,0.0031201248049922,0.0,0.0,0.0,0.0,0.0,0.00078003120124805,0.0,0.02106084243369735,0.5514820592823713,0.0015600624024961,0.0,0.00078003120124805,0.0,0.0187207488299532,0.00078003120124805,0.0,0.0,0.0031201248049922,0.0015600624024961,0.0,0.0,0.0015600624024961,0.0062402496099844,0.00858034321372855,0.0,0.0,0.0015600624024961,0.0,0.00078003120124805,0.0,0.00078003120124805,0.0,0.0124804992199688,0.0
ibd_willing-H-p35-f78,0.0,0.015137180700094607,0.000946073793755913,0.0,0.0,0.006622516556291391,0.0,0.030274361400189215,0.0,0.0,0.000946073793755913,0.0,0.0,0.0,0.006622516556291391,0.03878902554399243,0.0,0.3103122043519395,0.021759697256385997,0.0,0.000946073793755913,0.0,0.044465468306527915,0.0,0.0,0.008514664143803218,0.004730368968779565,0.0,0.0,0.014191106906338697,0.0,0.0,0.0,0.001892147587511826,0.0,0.06433301797540208,0.1759697256385998,0.003784295175023652,0.0,0.000946073793755913,0.0,0.008514664143803218,0.006622516556291391,0.0,0.007568590350047304,0.005676442762535478,0.0,0.0,0.0,0.0,0.017029328287606435,0.02554399243140965,0.0,0.0,0.0,0.0,0.0,0.0,0.006622516556291391,0.0,0.013245033112582783,0.000946073793755913
ibd_willing-H-p43-f42,0.0,0.008830022075055188,0.0,0.0077262693156732905,0.0,0.0,0.0,0.13024282560706402,0.0,0.0,0.0,0.0,0.0,0.0,0.027593818984547464,0.039735099337748346,0.0,0.33112582781456956,0.011037527593818985,0.0,0.0,0.03421633554083885,0.02980132450331126,0.0,0.0,0.03532008830022075,0.026490066225165566,0.0,0.0,0.0,0.0,0.0,0.0,0.0033112582781456954,0.0,0.08388520971302428,0.0033112582781456954,0.0033112582781456954,0.0,0.002207505518763797,0.0,0.0011037527593818985,0.004415011037527594,0.0011037527593818985,0.005518763796909493,0.01434878587196468,0.0033112582781456954,0.0,0.0,0.0,0.006622516556291391,0.008830022075055188,0.002207505518763797,0.017660044150110375,0.0,0.0,0.0,0.0,0.0,0.0,0.005518763796909493,0.0
ibd_willing-UC-p43-f51,0.0,0.02131979695431472,0.0020304568527918783,0.0,0.0010152284263959391,0.003045685279187817,0.0,0.10456852791878173,0.0,0.0,0.0,0.0,0.0,0.0,0.025380710659898477,0.0700507614213198,0.0,0.25076142131979695,0.013197969543147208,0.0,0.008121827411167513,0.0,0.02233502538071066,0.0,0.029441624365482234,0.06192893401015229,0.0,0.0,0.0,0.0,0.0040609137055837565,0.0,0.0,0.007106598984771574,0.0,0.048730964467005075,0.07411167512690356,0.013197969543147208,0.0,0.0020304568527918783,0.0,0.0,0.003045685279187817,0.0,0.0010152284263959391,0.003045685279187817,0.0010152284263959391,0.0,0.0,0.0,0.003045685279187817,0.007106598984771574,0.0,0.0,0.0,0.0,0.0020304568527918783,0.0,0.006091370558375634,0.0,0.050761421319796954,0.0
ibd_willing-CCD-p36-f114,0.0,0.0,0.0,0.0,0.0,0.0,0.0,0.1419753086419753,0.0,0.0,0.0,0.018518518518518517,0.0,0.0,0.0,0.15432098765432098,0.0,0.345679012345679,0.030864197530864196,0.0,0.006172839506172839,0.0,0.006172839506172839,0.0,0.018518518518518517,0.0,0.0,0.0,0.0,0.006172839506172839,0.0,0.0,0.0,0.0,0.0,0.08641975308641975,0.0,0.0,0.0,0.0,0.0,0.018518518518518517,0.0,0.0,0.0,0.0,0.0,0.0,0.0,0.0,0.018518518518518517,0.0,0.0,0.0,0.0,0.0,0.0,0.0,0.0,0.0,0.037037037037037035,0.0
ibd_willing-H-p36-f89,0.0,0.0,0.0,0.004807692307692308,0.0,0.004807692307692308,0.0,0.009615384615384616,0.0,0.0,0.0,0.03365384615384616,0.0,0.0,0.004807692307692308,0.014423076923076924,0.0,0.7163461538461539,0.0,0.0,0.0,0.0,0.009615384615384616,0.0,0.0,0.04326923076923077,0.0,0.0,0.0,0.0,0.0,0.0,0.0,0.0,0.0,0.04807692307692309,0.0,0.0,0.0,0.0,0.0,0.004807692307692308,0.0,0.0,0.004807692307692308,0.004807692307692308,0.0,0.0,0.0,0.0,0.0,0.0,0.0,0.0,0.0,0.0,0.004807692307692308,0.0,0.0,0.0,0.014423076923076924,0.0
ibd_willing-UC-p44-f54,0.0,0.0,0.0,0.005076142131979695,0.0,0.0,0.0,0.015228426395939085,0.0,0.0,0.0,0.0,0.0,0.0,0.0,0.01015228426395939,0.0,0.5380710659898478,0.01015228426395939,0.0,0.015228426395939085,0.01015228426395939,0.035532994923857864,0.0,0.0,0.0,0.06598984771573604,0.0,0.0,0.005076142131979695,0.0,0.0,0.0,0.0,0.0,0.05583756345177665,0.1116751269035533,0.0,0.0,0.0,0.005076142131979695,0.0,0.005076142131979695,0.0,0.01015228426395939,0.0,0.0,0.0,0.0,0.0,0.015228426395939085,0.01015228426395939,0.0,0.02030456852791878,0.0,0.0,0.0,0.0,0.02030456852791878,0.0,0.005076142131979695,0.0
ibd_willing-H-p44-f86,0.0,0.0,0.0,0.004608294930875576,0.0,0.0,0.0,0.018433179723502304,0.0,0.0,0.0,0.009216589861751152,0.0,0.0,0.0,0.03686635944700461,0.0,0.7649769585253456,0.009216589861751152,0.0,0.041474654377880185,0.0,0.0,0.0,0.0,0.004608294930875576,0.0,0.0,0.0,0.0,0.0,0.0,0.0,0.0,0.0,0.009216589861751152,0.0,0.0,0.0,0.004608294930875576,0.0,0.009216589861751152,0.0,0.0,0.0,0.0,0.0,0.0,0.0,0.0,0.004608294930875576,0.0,0.0,0.0,0.0,0.0,0.0,0.0,0.0,0.0,0.04608294930875576,0.0
ibd_willing-H-p46-f69,0.0,0.0,0.0,0.0,0.0012953367875647667,0.0,0.0,0.0012953367875647667,0.0004317789291882556,0.0,0.0,0.0017271157167530224,0.0,0.0,0.0,0.0,0.0,0.0017271157167530224,0.0,0.0,0.0004317789291882556,0.0,0.0,0.0,0.0,0.0069084628670120895,0.0,0.0,0.0,0.0,0.0,0.0,0.0,0.0008635578583765112,0.0,0.008635578583765112,0.9598445595854921,0.0004317789291882556,0.0,0.0,0.0,0.0012953367875647667,0.0,0.0,0.0004317789291882556,0.0012953367875647667,0.0,0.0,0.0,0.0008635578583765112,0.0004317789291882556,0.0,0.0,0.0004317789291882556,0.0,0.0,0.0,0.0,0.0,0.0,0.0017271157167530224,0.0
ibd_willing-H-p45-f80,0.0,0.002512562814070352,0.0,0.0,0.0,0.0,0.0,0.01340033500837521,0.0,0.0,0.0,0.0033500837520938024,0.0,0.0,0.0,0.015912897822445562,0.0,0.3358458961474037,0.011725293132328308,0.0,0.011725293132328308,0.0,0.020938023450586263,0.0,0.0,0.010050251256281405,0.01256281407035176,0.0,0.0,0.0,0.0,0.0,0.0,0.0041876046901172526,0.0,0.035175879396984924,0.0033500837520938024,0.002512562814070352,0.32495812395309887,0.0,0.0,0.032663316582914576,0.0,0.0,0.0,0.002512562814070352,0.002512562814070352,0.0,0.0008375209380234506,0.0008375209380234506,0.0,0.005025125628140704,0.0,0.0,0.0033500837520938024,0.0,0.0,0.0,0.0,0.0,0.005862646566164154,0.0008375209380234506
ibd_willing-UC-p46-f71,0.0,0.005415162454873647,0.0,0.0,0.0,0.0027075812274368234,0.0,0.012635379061371842,0.0009025270758122744,0.0,0.0,0.02166064981949458,0.0,0.0,0.0018050541516245488,0.010830324909747292,0.0,0.3944043321299639,0.09296028880866426,0.0,0.0027075812274368234,0.0,0.016245487364620937,0.0,0.0,0.0036101083032490976,0.00812274368231047,0.0,0.0,0.0018050541516245488,0.0,0.0,0.0,0.0018050541516245488,0.0,0.03068592057761733,0.018953068592057764,0.0018050541516245488,0.0,0.0,0.0,0.005415162454873646,0.0,0.0,0.0,0.0009025270758122744,0.0,0.0,0.0,0.0,0.0027075812274368234,0.027978339350180507,0.0,0.004512635379061372,0.0,0.0,0.0,0.0,0.0009025270758122744,0.0,0.005415162454873646,0.0009025270758122744
ibd_willing-UC-p45-f66,0.0,0.015472312703583062,0.0,0.0,0.00244299674267101,0.0,0.0,0.004071661237785016,0.0,0.0,0.0,0.0024429967426710096,0.0,0.0,0.0024429967426710096,0.04804560260586319,0.0,0.4055374592833877,0.0244299674267101,0.0,0.017915309446254073,0.0,0.030130293159609123,0.0,0.015472312703583062,0.015472312703583064,0.0,0.0,0.0,0.0008143322475570033,0.0,0.0,0.0,0.0,0.0,0.04071661237785017,0.0008143322475570033,0.005700325732899023,0.0,0.01465798045602606,0.0,0.015472312703583062,0.0016286644951140066,0.0,0.0008143322475570033,0.0016286644951140066,0.0016286644951140066,0.0,0.0,0.0008143322475570033,0.0,0.03175895765472313,0.0,0.0,0.0,0.0,0.0,0.0,0.0,0.0,0.00244299674267101,0.0
ibd_willing-H-p1-f1,0.0,0.030105777054515864,0.0008136696501220504,0.0,0.0,0.0,0.0,0.04393816110659073,0.0,0.0,0.0,0.026037428803905614,0.0,0.0,0.005695687550854353,0.07323026851098455,0.0,0.3441822620016274,0.014646053702196907,0.0,0.006509357200976403,0.0,0.1261187957689178,0.0,0.0,0.0032546786004882017,0.0,0.0,0.0,0.0,0.0,0.0,0.0,0.0040683482506102524,0.0,0.0008136696501220504,0.0,0.0024410089503661514,0.0,0.0016273393002441008,0.0,0.029292107404393815,0.0,0.0,0.0,0.008136696501220505,0.0008136696501220504,0.0,0.0,0.0,0.01627339300244101,0.01708706265256306,0.0,0.0,0.0008136696501220504,0.0,0.0,0.0,0.0024410089503661514,0.0,0.05044751830756713,0.0
ibd_willing-H-p1-f8,0.0,0.007177033492822966,0.0007974481658692185,0.001594896331738437,0.0007974481658692185,0.003987240829346092,0.0,0.10685805422647526,0.0023923444976076554,0.0,0.0,0.022328548644338118,0.0,0.0,0.019138755980861243,0.06060606060606061,0.0,0.32615629984051037,0.007974481658692184,0.0,0.005582137161084529,0.005582137161084529,0.024720893141945772,0.0,0.0,0.02392344497607655,0.011961722488038277,0.0,0.0,0.0,0.0,0.0,0.0,0.0,0.0,0.051834130781499205,0.0,0.001594896331738437,0.0,0.003189792663476874,0.0,0.017543859649122806,0.0007974481658692185,0.0,0.0023923444976076554,0.001594896331738437,0.0,0.0,0.0,0.0,0.011961722488038277,0.006379585326953747,0.0,0.09808612440191387,0.0,0.0,0.0,0.0,0.009569377990430622,0.0,0.03987240829346093,0.0
ibd_willing-H-p6-f12,0.0,0.0011574074074074073,0.0,0.0005787037037037037,0.001736111111111111,0.004050925925925926,0.0,0.016782407407407406,0.0,0.0,0.0,0.004050925925925926,0.0,0.0,0.0011574074074074073,0.0,0.0,0.7609953703703703,0.0,0.0,0.0,0.0011574074074074073,0.09895833333333334,0.0,0.0,0.0,0.0,0.0,0.0,0.0,0.0,0.0,0.0,0.0,0.0,0.03530092592592592,0.0,0.0,0.0,0.0,0.0,0.001736111111111111,0.0,0.0,0.001736111111111111,0.0,0.0,0.0,0.0,0.0,0.0023148148148148147,0.001736111111111111,0.0,0.0,0.0,0.0,0.0,0.0,0.004050925925925926,0.0,0.008101851851851851,0.0
ibd_willing-H-p6-f11,0.0,0.0,0.0,0.0012634238787113076,0.0012634238787113076,0.0031585596967782688,0.0,0.002526847757422615,0.0,0.0,0.0,0.017687934301958304,0.0,0.0,0.0018951358180669614,0.010739102969046115,0.0,0.7441566645609602,0.035375868603916616,0.0,0.0,0.0,0.01958307012002527,0.0,0.003790271636133923,0.018951358180669613,0.0018951358180669614,0.0,0.0,0.0012634238787113076,0.0,0.0,0.0,0.0,0.0,0.02021478205938092,0.0,0.0,0.0,0.005685407454200884,0.0,0.02969046114971573,0.0,0.0,0.007580543272267846,0.0,0.0,0.0,0.0,0.0,0.002526847757422615,0.002526847757422615,0.0,0.0,0.0,0.0,0.0,0.0,0.006948831332912192,0.0,0.02842703727100442,0.0
