,k__Bacteria;p__Firmicutes;c__Clostridia;o__Clostridiales;f__Ruminococcaceae;g__Clostridium_IV,k__Bacteria;p__Firmicutes;c__Bacilli;o__Lactobacillales;f__Streptococcaceae;g__Streptococcus,k__Bacteria;p__Firmicutes;c__Clostridia;o__Clostridiales;f__Lachnospiraceae;g__Lachnospiracea_incertae_sedis,k__Bacteria;p__Bacteroidetes;c__Bacteroidia;o__Bacteroidales;f__Prevotellaceae;g__Paraprevotella,k__Bacteria;p__Proteobacteria;c__Gammaproteobacteria;o__Enterobacteriales;f__Enterobacteriaceae;g__Enterobacter,k__Bacteria;p__Firmicutes;c__Negativicutes;o__Selenomonadales;f__Veillonellaceae;g__Dialister,k__Bacteria;p__Firmicutes;c__Clostridia;o__Clostridiales;f__Clostridiales_Incertae_Sedis_XIII;g__Anaerovorax,k__Bacteria;p__Proteobacteria;c__Gammaproteobacteria;o__Enterobacteriales;f__Enterobacteriaceae;g__Proteus,k__Bacteria;p__Bacteroidetes;c__Bacteroidia;o__Bacteroidales;f__Porphyromonadaceae;g__Parabacteroides,k__Bacteria;p__Synergistetes;c__Synergistia;o__Synergistales;f__Synergistaceae;g__Pyramidobacter,k__Bacteria;p__Proteobacteria;c__Gammaproteobacteria;o__Pasteurellales;f__Pasteurellaceae;g__Haemophilus,k__Bacteria;p__Bacteroidetes;c__Bacteroidia;o__Bacteroidales;f__Bacteroidaceae;g__Bacteroides,k__Bacteria;p__Fusobacteria;c__Fusobacteriia;o__Fusobacteriales;f__Fusobacteriaceae;g__Clostridium_XIX,k__Bacteria;p__Proteobacteria;c__Betaproteobacteria;o__Neisseriales;f__Neisseriaceae;g__Neisseria,k__Bacteria;p__Bacteroidetes;c__Bacteroidia;o__Bacteroidales;f__Porphyromonadaceae;g__Barnesiella,k__Bacteria;p__Firmicutes;c__Clostridia;o__Clostridiales;f__Ruminococcaceae;g__Subdoligranulum,k__Bacteria;p__Bacteroidetes;c__Bacteroidia;o__Bacteroidales;f__Prevotellaceae;g__Xylanibacter,k__Bacteria;p__Bacteroidetes;c__Bacteroidia;o__Bacteroidales;f__Rikenellaceae;g__Alistipes,k__Bacteria;p__Firmicutes;c__Negativicutes;o__Selenomonadales;f__Acidaminococcaceae;g__Phascolarctobacterium,k__Bacteria;p__Proteobacteria;c__Betaproteobacteria;o__Burkholderiales;f__Sutterellaceae;g__Parasutterella,k__Bacteria;p__Firmicutes;c__Clostridia;o__Clostridiales;f__Lachnospiraceae;g__Roseburia,k__Bacteria;p__Proteobacteria;c__Betaproteobacteria;o__Burkholderiales;f__Sutterellaceae;g__Sutterella,k__Bacteria;p__Actinobacteria;c__Actinobacteria;o__Actinomycetales;f__Micrococcaceae;g__Rothia,k__Bacteria;p__Proteobacteria;c__Gammaproteobacteria;o__Enterobacteriales;f__Enterobacteriaceae;g__Escherichia/Shigella,k__Bacteria;p__Firmicutes;c__Bacilli;o__Lactobacillales;f__Aerococcaceae;g__Abiotrophia,k__Bacteria;p__Firmicutes;c__Bacilli;o__Lactobacillales;f__Enterococcaceae;g__Enterococcus,k__Bacteria;p__Firmicutes;c__Negativicutes;o__Selenomonadales;f__Veillonellaceae;g__Veillonella,k__Bacteria;p__Firmicutes;c__Clostridia;o__Clostridiales;f__Ruminococcaceae;g__Faecalibacterium,k__Bacteria;p__Bacteroidetes;c__Bacteroidia;o__Bacteroidales;f__Prevotellaceae;g__Prevotella,k__Bacteria;p__Firmicutes;c__Clostridia;o__Clostridiales;f__Lachnospiraceae;g__Coprococcus,k__Bacteria;p__Bacteroidetes;c__Bacteroidia;o__Bacteroidales;f__Bacteroidales_incertae_sedis;g__Phocaeicola,k__Bacteria;p__Bacteroidetes;c__Bacteroidia;o__Bacteroidales;f__Prevotellaceae;g__Alloprevotella,k__Bacteria;p__Firmicutes;c__Bacilli;o__Lactobacillales;f__Leuconostocaceae;g__Weissella,k__Bacteria;p__Firmicutes;c__Clostridia;o__Clostridiales;f__Ruminococcaceae;g__Flavonifractor,k__Bacteria;p__Firmicutes;c__Negativicutes;o__Selenomonadales;f__Veillonellaceae;g__Megamonas,k__Bacteria;p__Firmicutes;c__Clostridia;o__Clostridiales;f__Lachnospiraceae;g__Ruminococcus2,k__Bacteria;p__Firmicutes;c__Clostridia;o__Clostridiales;f__Lachnospiraceae;g__Clostridium_XlVb,k__Bacteria;p__Bacteroidetes;c__Bacteroidia;o__Bacteroidales;f__Porphyromonadaceae;g__Odoribacter,k__Bacteria;p__Firmicutes;c__Clostridia;o__Clostridiales;f__Lachnospiraceae;g__Clostridium_XlVa,k__Bacteria;p__Firmicutes;c__Clostridia;o__Clostridiales;f__Lachnospiraceae;g__Dorea,k__Bacteria;p__Firmicutes;c__Erysipelotrichia;o__Erysipelotrichales;f__Erysipelotrichaceae;g__Erysipelotrichaceae_incertae_sedis,k__Bacteria;p__Firmicutes;c__Clostridia;o__Clostridiales;f__Lachnospiraceae;g__Cellulosilyticum,k__Bacteria;p__Firmicutes;c__Bacilli;o__Lactobacillales;f__Carnobacteriaceae;g__Granulicatella,k__Bacteria;p__Firmicutes;c__Clostridia;o__Clostridiales;f__Peptostreptococcaceae;g__Clostridium_XI,k__Bacteria;p__Proteobacteria;c__Gammaproteobacteria;o__Enterobacteriales;f__Enterobacteriaceae;g__Morganella,k__Bacteria;p__Proteobacteria;c__Gammaproteobacteria;o__Enterobacteriales;f__Enterobacteriaceae;g__Citrobacter,k__Bacteria;p__Firmicutes;c__Clostridia;o__Clostridiales;f__Clostridiaceae_1;g__Clostridium_sensu_stricto,k__Bacteria;p__Firmicutes;c__Bacilli;o__Lactobacillales;f__Lactobacillaceae;g__Lactobacillus,k__Bacteria;p__Firmicutes;c__Clostridia;o__Clostridiales;f__Ruminococcaceae;g__Oscillibacter,k__Bacteria;p__Firmicutes;c__Negativicutes;o__Selenomonadales;f__Veillonellaceae;g__Megasphaera,k__Bacteria;p__Firmicutes;c__Clostridia;o__Clostridiales;f__Ruminococcaceae;g__Ruminococcus,k__Bacteria;p__Firmicutes;c__Clostridia;o__Clostridiales;f__Ruminococcaceae;g__Anaerotruncus,k__Bacteria;p__Fusobacteria;c__Fusobacteriia;o__Fusobacteriales;f__Fusobacteriaceae;g__Fusobacterium,k__Bacteria;p__Firmicutes;c__Clostridia;o__Clostridiales;f__Lachnospiraceae;g__Blautia,k__Bacteria;p__Firmicutes;c__Erysipelotrichia;o__Erysipelotrichales;f__Erysipelotrichaceae;g__Clostridium_XVIII
liv_zhang-C001,0.0009372071227741331,0.0028116213683223993,0.0037488284910965324,0.0,0.0,0.0,0.0,0.0,0.0,0.0,0.0,0.09278350515463918,0.0,0.0,0.0,0.0,0.0,0.0,0.04311152764761013,0.0,0.0028116213683223993,0.0,0.0,0.0,0.0,0.0018744142455482662,0.10496719775070291,0.0,0.0,0.0018744142455482662,0.0,0.0,0.0,0.0,0.5473289597000938,0.0,0.0,0.0,0.03842549203373946,0.0,0.0,0.0,0.0009372071227741331,0.025304592314901595,0.0,0.0,0.0028116213683223993,0.00937207122774133,0.0,0.0,0.0,0.0,0.0,0.0,0.0
liv_zhang-C002,0.0,0.0,0.11265164644714039,0.0,0.0,0.0,0.03466204506065858,0.0,0.0017331022530329288,0.0,0.0017331022530329288,0.3882149046793761,0.0,0.0,0.0,0.0017331022530329288,0.0,0.0034662045060658577,0.09185441941074524,0.0017331022530329288,0.0017331022530329288,0.0,0.0,0.0,0.0,0.0,0.005199306759098786,0.022530329289428074,0.0,0.01559792027729636,0.0,0.0,0.0,0.0,0.0017331022530329288,0.0017331022530329288,0.0,0.0,0.0017331022530329288,0.0017331022530329288,0.0,0.0,0.0,0.0,0.0,0.0,0.0,0.0,0.048526863084922,0.0,0.0034662045060658577,0.008665511265164644,0.0,0.0,0.0
liv_zhang-C003,0.0020898641588296763,0.034482758620689655,0.10553814002089865,0.0073145245559038665,0.0,0.0,0.0,0.0,0.0041797283176593526,0.0,0.00522466039707419,0.05642633228840126,0.0,0.0,0.0,0.0,0.0,0.0,0.08881922675026123,0.0,0.009404388714733543,0.0,0.0,0.0,0.0,0.0,0.31870428422152564,0.01671891327063741,0.18704284221525602,0.03239289446185998,0.0,0.0,0.024033437826541274,0.0,0.0,0.0010449320794148381,0.00522466039707419,0.0,0.008359456635318705,0.0010449320794148381,0.0,0.0,0.0,0.0,0.0,0.0,0.0,0.0,0.00522466039707419,0.0010449320794148381,0.0073145245559038665,0.0,0.0,0.0,0.0
liv_zhang-C004,0.0015105740181268882,0.0,0.1722054380664653,0.004531722054380665,0.0,0.0,0.0,0.0,0.0,0.0,0.0,0.22054380664652568,0.0,0.0,0.0,0.0030211480362537764,0.0,0.006042296072507553,0.0649546827794562,0.0,0.03776435045317221,0.0,0.0,0.0,0.0,0.0,0.0,0.07552870090634442,0.0,0.00906344410876133,0.0,0.0,0.0,0.0,0.09818731117824774,0.0030211480362537764,0.0015105740181268882,0.0015105740181268882,0.030211480362537766,0.0015105740181268882,0.0,0.0,0.0,0.010574018126888218,0.0,0.0,0.007552870090634441,0.0,0.00906344410876133,0.0030211480362537764,0.1555891238670695,0.0,0.0,0.0,0.0
liv_zhang-C005,0.0,0.0,0.0,0.0,0.0,0.0,0.0,0.0,0.018867924528301886,0.0,0.0,0.8018867924528302,0.0,0.0,0.0,0.0,0.0,0.0,0.11320754716981132,0.0,0.0,0.0,0.0,0.0,0.0,0.0,0.0,0.03773584905660377,0.0,0.0,0.0,0.0,0.0,0.0,0.0,0.018867924528301886,0.0,0.0,0.0,0.0,0.0,0.0,0.0,0.0,0.0,0.0,0.0,0.0,0.0,0.0,0.0,0.0,0.0,0.009433962264150943,0.0
liv_zhang-C007,0.0,0.056215360253365,0.32224861441013464,0.0,0.0,0.0,0.0,0.0,0.0,0.0,0.0055423594615993665,0.281076801266825,0.0,0.003167062549485352,0.009501187648456057,0.000791765637371338,0.0,0.001583531274742676,0.000791765637371338,0.0,0.03800475059382423,0.0,0.0,0.0,0.0,0.0,0.06413301662707839,0.04592240696753761,0.0,0.0,0.0,0.0,0.0,0.0,0.0,0.000791765637371338,0.014251781472684086,0.000791765637371338,0.000791765637371338,0.000791765637371338,0.0,0.0,0.0,0.0,0.0,0.0,0.038796516231195566,0.0,0.02375296912114014,0.0,0.000791765637371338,0.0,0.0,0.0,0.0
liv_zhang-C008,0.0,0.0,0.009345794392523364,0.0,0.0,0.0,0.0,0.0,0.003115264797507788,0.0,0.0,0.8598130841121495,0.0,0.0,0.0,0.0,0.0,0.003115264797507788,0.08722741433021806,0.0,0.012461059190031152,0.0,0.0,0.0,0.0,0.0,0.0,0.0,0.0,0.0,0.0,0.0,0.0,0.0,0.0,0.003115264797507788,0.0,0.003115264797507788,0.006230529595015576,0.0,0.0,0.0,0.0,0.003115264797507788,0.0,0.0,0.0,0.0,0.0,0.0,0.0,0.0,0.0,0.0,0.0
liv_zhang-C009,0.0014684287812041115,0.005873715124816446,0.027900146842878122,0.0,0.0,0.07342143906020558,0.0,0.0,0.0,0.0,0.0,0.6226138032305434,0.0,0.0,0.0,0.013215859030837005,0.0,0.005873715124816446,0.0014684287812041115,0.0,0.01908957415565345,0.0,0.0,0.0,0.0,0.0,0.002936857562408223,0.002936857562408223,0.0,0.0,0.0,0.0,0.0,0.005873715124816446,0.0,0.0,0.007342143906020558,0.0,0.011747430249632892,0.0,0.0,0.0,0.0,0.0,0.0,0.0,0.0,0.002936857562408223,0.017621145374449337,0.049926578560939794,0.039647577092511016,0.0,0.0,0.002936857562408223,0.002936857562408223
liv_zhang-C010,0.0,0.0,0.0,0.0,0.0,0.0,0.0,0.0,0.0,0.0,0.0,0.414572864321608,0.0,0.0,0.0,0.002512562814070352,0.0,0.0,0.0,0.0,0.0,0.0,0.0,0.0,0.0,0.0,0.10552763819095477,0.0,0.0,0.0,0.0,0.0,0.0,0.0,0.0,0.0,0.0,0.0,0.17587939698492466,0.0,0.005025125628140704,0.0,0.0,0.01256281407035176,0.0,0.0,0.24371859296482412,0.005025125628140704,0.0,0.0,0.0,0.0,0.0,0.0,0.010050251256281407
liv_zhang-C011,0.0,0.0,0.05686695278969958,0.0,0.0,0.0,0.0,0.0,0.001072961373390558,0.0,0.0,0.7585836909871244,0.0,0.0,0.0,0.001072961373390558,0.0,0.0,0.0,0.0,0.042918454935622324,0.0,0.0,0.0,0.0,0.0,0.0,0.06652360515021459,0.0,0.0,0.0,0.0,0.0,0.0,0.027896995708154508,0.0,0.0,0.0,0.019313304721030045,0.0,0.0,0.0,0.0,0.0,0.0,0.0,0.0,0.0,0.002145922746781116,0.0,0.0,0.0,0.0,0.0,0.002145922746781116
liv_zhang-C012,0.0,0.015668202764976956,0.0018433179723502304,0.0,0.0,0.0,0.0,0.0,0.0,0.0,0.0,0.005529953917050691,0.0,0.0,0.0,0.0,0.0,0.0,0.0,0.0,0.0009216589861751152,0.0,0.0,0.0,0.0,0.0009216589861751152,0.011981566820276499,0.004608294930875576,0.0,0.0,0.0,0.0,0.0,0.0,0.0,0.0,0.0,0.0,0.0,0.0,0.0,0.0,0.0,0.0,0.0,0.0,0.0,0.9585253456221198,0.0,0.0,0.0,0.0,0.0,0.0,0.0
liv_zhang-C013,0.0,0.0,0.0075046904315197,0.0,0.0,0.0,0.0,0.0,0.0,0.0,0.0,0.00375234521575985,0.0,0.0,0.0,0.0,0.0,0.0,0.0,0.0,0.03377110694183865,0.0,0.0,0.0,0.0,0.0,0.08067542213883677,0.0,0.0,0.0,0.0,0.0,0.0,0.0,0.0,0.0,0.0,0.0,0.6247654784240151,0.005628517823639775,0.0,0.0,0.0,0.0,0.0,0.0,0.00375234521575985,0.0,0.0,0.01125703564727955,0.0,0.0,0.00375234521575985,0.0,0.0
liv_zhang-C016,0.0,0.37210172026925953,0.002243829468960359,0.0,0.0,0.0007479431563201197,0.0,0.0,0.0,0.0,0.0,0.016828721017202695,0.0,0.0018698578908002991,0.0,0.00037397157816005983,0.0,0.0,0.002243829468960359,0.0,0.0048616305160807775,0.00037397157816005983,0.006731488406881077,0.0,0.005235602094240838,0.24981301421091995,0.015332834704562454,0.0033657442034405382,0.0007479431563201197,0.0,0.0,0.0,0.002617801047120419,0.0,0.0,0.002243829468960359,0.006357516828721018,0.0,0.02842183994016455,0.0011219147344801795,0.0,0.0,0.002617801047120419,0.00037397157816005983,0.0,0.0,0.00037397157816005983,0.1537023186237846,0.0011219147344801795,0.0007479431563201197,0.0037397157816005987,0.0,0.0,0.0018698578908002991,0.0011219147344801795
liv_zhang-C017,0.0,0.0,0.015290519877675842,0.0,0.0,0.0,0.0,0.0,0.0,0.0,0.0,0.9174311926605504,0.0,0.0,0.0,0.0,0.0,0.0030581039755351682,0.01834862385321101,0.0,0.010703363914373088,0.0,0.0,0.0,0.0,0.0,0.0015290519877675841,0.01834862385321101,0.0,0.0,0.0,0.0,0.0,0.0,0.0,0.0,0.0,0.0,0.0015290519877675841,0.0,0.0,0.0,0.0,0.0030581039755351682,0.0,0.0,0.0,0.0,0.0045871559633027525,0.0,0.0,0.0,0.0015290519877675841,0.0,0.0
liv_zhang-C018,0.0,0.004098360655737705,0.07377049180327869,0.0,0.0,0.0,0.0,0.0,0.012295081967213115,0.0,0.0,0.6967213114754098,0.0,0.0,0.0,0.0,0.0,0.0,0.00819672131147541,0.004098360655737705,0.05327868852459017,0.0,0.0,0.0,0.0,0.004098360655737705,0.004098360655737705,0.05737704918032786,0.0,0.0,0.0,0.0,0.0,0.0,0.0,0.0,0.0,0.012295081967213115,0.00819672131147541,0.0,0.0,0.0,0.0,0.0,0.0,0.0,0.0,0.0,0.0,0.0,0.0,0.0,0.0,0.012295081967213115,0.0
liv_zhang-C019,0.0,0.0,0.0,0.0,0.0,0.0,0.0,0.0,0.0,0.0,0.0,0.6576271186440678,0.0,0.0,0.0,0.0,0.0,0.0,0.0,0.0,0.01694915254237288,0.0,0.0,0.0,0.0,0.0,0.006779661016949152,0.13898305084745763,0.0,0.0,0.0,0.0,0.0,0.0,0.13220338983050847,0.0,0.0,0.0,0.02711864406779661,0.0,0.0,0.0,0.0,0.0,0.0,0.0,0.0,0.0,0.0,0.0,0.0,0.0,0.0,0.0,0.0
liv_zhang-C020,0.0,0.0,0.005852842809364549,0.0,0.0,0.0,0.0,0.0,0.0008361204013377926,0.0,0.0,0.8486622073578595,0.0,0.0,0.0,0.0008361204013377926,0.0,0.0033444816053511705,0.03846153846153846,0.0,0.0008361204013377926,0.002508361204013378,0.0,0.0,0.0,0.0,0.002508361204013378,0.06605351170568562,0.0,0.0,0.0,0.0,0.0,0.0,0.0,0.0016722408026755853,0.0016722408026755853,0.0008361204013377926,0.013377926421404684,0.0008361204013377926,0.0,0.0,0.0,0.0,0.0,0.0,0.0,0.0,0.0,0.0,0.0,0.0,0.0008361204013377926,0.0,0.0008361204013377926
liv_zhang-C021,0.0,0.0033333333333333335,0.0,0.0,0.0,0.0,0.0,0.0,0.0,0.0,0.0,0.4266666666666667,0.0,0.0,0.0,0.0,0.0,0.0,0.0,0.0,0.0,0.0,0.0,0.0,0.0,0.0,0.023333333333333334,0.0,0.03333333333333333,0.08666666666666667,0.0,0.0,0.0,0.043333333333333335,0.0,0.0,0.2366666666666667,0.0,0.006666666666666667,0.0033333333333333335,0.0033333333333333335,0.0,0.0,0.0,0.0,0.0,0.0,0.0033333333333333335,0.0,0.0,0.0033333333333333335,0.0,0.006666666666666667,0.0,0.03666666666666667
liv_zhang-C023,0.0012391573729863693,0.0,0.013630731102850062,0.006195786864931847,0.0,0.0,0.0,0.0,0.006195786864931847,0.0,0.0012391573729863693,0.8153655514250311,0.022304832713754646,0.0,0.0,0.0024783147459727386,0.0,0.004956629491945477,0.03717472118959107,0.0,0.004956629491945477,0.0,0.0,0.0,0.0,0.0,0.0,0.011152416356877325,0.0,0.0,0.0,0.0,0.0,0.0,0.027261462205700124,0.0,0.0,0.0024783147459727386,0.006195786864931847,0.0,0.0,0.0,0.0,0.0,0.0,0.0,0.0,0.0,0.0037174721189591076,0.0,0.02230483271375465,0.0012391573729863693,0.0,0.0,0.0
liv_zhang-C024,0.0,0.0,0.0027247956403269754,0.0,0.0,0.00885558583106267,0.0,0.0,0.0027247956403269754,0.0,0.0,0.8542234332425068,0.0,0.0,0.012942779291553134,0.0013623978201634877,0.0,0.0034059945504087193,0.0899182561307902,0.0,0.0006811989100817438,0.0,0.0,0.0,0.0,0.0,0.0006811989100817438,0.0013623978201634877,0.0,0.0,0.0,0.0,0.0,0.0,0.0,0.0013623978201634877,0.0034059945504087193,0.007493188010899182,0.0006811989100817438,0.0,0.0020435967302452314,0.0,0.0,0.0,0.0,0.0,0.0,0.0,0.0034059945504087193,0.0006811989100817438,0.0013623978201634877,0.0,0.0,0.0,0.0
liv_zhang-C025,0.0,0.038461538461538464,0.00641025641025641,0.0,0.0,0.0,0.0,0.0,0.0,0.0,0.0,0.6346153846153846,0.0,0.0,0.0,0.0,0.0,0.0,0.0,0.0,0.0,0.07051282051282051,0.0,0.0,0.0,0.03205128205128205,0.1282051282051282,0.038461538461538464,0.0,0.0,0.0,0.0,0.0,0.0,0.0,0.0,0.0,0.0,0.038461538461538464,0.0,0.0,0.0,0.0,0.0,0.0,0.0,0.0,0.00641025641025641,0.0,0.0,0.0,0.0,0.0,0.0,0.0
liv_zhang-C026,0.0,0.0,0.0,0.0,0.0,0.0,0.0,0.0,0.0,0.0,0.0,0.8799212598425197,0.0,0.0,0.0,0.0,0.0,0.0,0.0,0.0,0.013779527559055118,0.0,0.0,0.0,0.0,0.0,0.011811023622047244,0.0,0.0,0.0,0.0,0.0,0.0,0.0,0.0,0.0,0.0,0.0,0.03740157480314961,0.0,0.0,0.0,0.0,0.005905511811023622,0.0,0.0,0.04330708661417323,0.0,0.0,0.0,0.0,0.0,0.0,0.0,0.001968503937007874
liv_zhang-C027,0.00819672131147541,0.0,0.020491803278688527,0.0,0.0,0.0,0.0,0.0,0.0,0.0,0.0,0.14344262295081966,0.0,0.0,0.0,0.01639344262295082,0.0,0.0,0.012295081967213115,0.0,0.02459016393442623,0.0,0.0,0.0,0.0,0.0,0.004098360655737705,0.668032786885246,0.0,0.0,0.0,0.0,0.0,0.0,0.0,0.0,0.0,0.0,0.012295081967213115,0.0,0.0,0.0,0.0,0.0,0.0,0.0,0.02459016393442623,0.0,0.0,0.0,0.012295081967213115,0.0,0.0,0.0,0.0
liv_zhang-C028,0.0,0.030895334174022702,0.01008827238335435,0.0,0.0,0.0,0.0,0.0,0.0,0.0,0.0,0.09836065573770492,0.01639344262295082,0.0,0.0,0.0025220680958385876,0.0,0.0,0.0,0.0,0.0025220680958385876,0.0,0.0,0.0,0.0,0.0,0.2194199243379571,0.022068095838587643,0.5592686002522068,0.0,0.0,0.0,0.0,0.0,0.0,0.0,0.0012610340479192938,0.0,0.0018915510718789407,0.0,0.0,0.0,0.0,0.0,0.0,0.0,0.0,0.015762925598991173,0.0,0.0018915510718789407,0.0,0.0,0.0,0.0,0.0
liv_zhang-C029,0.0,0.10819672131147542,0.0,0.003278688524590164,0.0,0.013114754098360656,0.0,0.0,0.0,0.0,0.0,0.07868852459016393,0.0,0.0,0.0,0.0,0.0,0.0,0.003278688524590164,0.0,0.0,0.0,0.0,0.0,0.0,0.0,0.02622950819672131,0.07868852459016393,0.0,0.0,0.0,0.0,0.0,0.0,0.01639344262295082,0.0,0.0,0.0,0.0,0.0,0.0,0.0,0.0,0.0,0.0,0.0,0.0,0.006557377049180328,0.0,0.659016393442623,0.0,0.0,0.0,0.0,0.0
liv_zhang-H001,0.0,0.0021231422505307855,0.08704883227176222,0.0,0.0,0.07430997876857749,0.0,0.0,0.0,0.0,0.0,0.346072186836518,0.0,0.0,0.0,0.046709129511677286,0.0,0.0,0.008492569002123142,0.0,0.12101910828025478,0.0,0.0,0.0,0.0,0.0,0.0,0.021231422505307854,0.19532908704883226,0.012738853503184712,0.0,0.0,0.0,0.0,0.0,0.0,0.0021231422505307855,0.0021231422505307855,0.0,0.0,0.0,0.0,0.0,0.008492569002123142,0.0,0.0,0.008492569002123142,0.006369426751592357,0.004246284501061571,0.0,0.004246284501061571,0.0,0.0,0.0,0.0
liv_zhang-H002,0.002398081534772182,0.0,0.019184652278177457,0.0,0.0,0.0,0.0,0.0,0.0,0.0,0.0,0.41007194244604317,0.0,0.004796163069544364,0.0,0.0,0.0,0.0,0.23980815347721823,0.002398081534772182,0.03357314148681055,0.0,0.0,0.0,0.0,0.0,0.0,0.01199040767386091,0.002398081534772182,0.007194244604316547,0.0,0.0,0.0,0.0,0.002398081534772182,0.0,0.0,0.0,0.02398081534772182,0.11750599520383692,0.0,0.0,0.0,0.03117505995203837,0.0,0.0,0.007194244604316546,0.0,0.004796163069544364,0.0,0.047961630695443645,0.0,0.002398081534772182,0.002398081534772182,0.0
liv_zhang-H003,0.0019120458891013384,0.0,0.032504780114722756,0.0,0.0,0.0,0.0,0.0,0.009560229445506692,0.0,0.0,0.49139579349904394,0.0,0.0,0.0,0.0,0.0,0.0,0.0,0.0076481835564053535,0.13575525812619504,0.0,0.0,0.0,0.0,0.0,0.0,0.14722753346080306,0.0,0.0,0.0,0.0,0.0,0.0,0.04206500956022945,0.0,0.005736137667304015,0.0,0.017208413001912046,0.0,0.0,0.0,0.0,0.0,0.0,0.0,0.0,0.0,0.0019120458891013384,0.0,0.05353728489483747,0.0,0.0076481835564053535,0.0,0.0
liv_zhang-H004,0.0,0.0,0.04660194174757281,0.0,0.0,0.0,0.0,0.0,0.0,0.0,0.0,0.8116504854368931,0.0,0.0,0.0,0.0,0.0,0.0,0.0,0.0,0.013592233009708736,0.0,0.0,0.0,0.0,0.0,0.001941747572815534,0.019417475728155338,0.0,0.0,0.0,0.0,0.0,0.005825242718446602,0.003883495145631068,0.009708737864077669,0.0,0.0,0.01553398058252427,0.0,0.0,0.0,0.0,0.001941747572815534,0.0,0.0,0.001941747572815534,0.001941747572815534,0.0,0.0,0.0,0.0,0.0,0.0,0.0
liv_zhang-H005,0.0,0.002079002079002079,0.006237006237006237,0.0,0.0,0.0,0.0,0.0,0.0,0.0,0.0,0.7505197505197505,0.0,0.0,0.0,0.0,0.0,0.004158004158004158,0.029106029106029108,0.002079002079002079,0.0,0.0,0.0,0.0,0.0,0.0,0.0,0.08316008316008316,0.0,0.0,0.0,0.0,0.0,0.0,0.0,0.0,0.0,0.0,0.10602910602910603,0.0,0.0,0.0,0.0,0.002079002079002079,0.0,0.0,0.0,0.0,0.0,0.0,0.0,0.0,0.0,0.0,0.002079002079002079
liv_zhang-H006,0.0,0.0,0.0023148148148148147,0.0,0.0,0.0023148148148148147,0.0,0.0,0.011574074074074073,0.0,0.0,0.9236111111111112,0.018518518518518517,0.0,0.0,0.0,0.0,0.0,0.0,0.0,0.004629629629629629,0.0,0.0,0.0,0.0,0.0,0.0,0.011574074074074073,0.0,0.0,0.0,0.0,0.0,0.0,0.0,0.006944444444444444,0.0,0.0,0.0023148148148148147,0.0,0.0023148148148148147,0.0,0.0,0.0,0.0,0.0,0.0,0.0,0.0,0.0,0.0,0.0,0.0,0.0,0.0
liv_zhang-H007,0.0,0.0,0.013477088948787064,0.004043126684636119,0.0,0.0,0.0,0.0,0.0,0.0,0.0,0.8733153638814017,0.0,0.0,0.006738544474393531,0.0,0.0,0.0,0.0,0.0,0.025606469002695417,0.0,0.0,0.0013477088948787063,0.0,0.0,0.0,0.05525606469002695,0.0,0.0013477088948787063,0.0,0.0,0.0,0.0,0.0,0.0013477088948787063,0.0013477088948787063,0.0026954177897574125,0.0,0.0,0.0,0.0,0.0,0.0,0.0,0.0,0.0,0.0,0.0013477088948787063,0.0,0.0,0.0,0.0,0.0,0.0
liv_zhang-H008,0.0,0.0,0.028790786948176585,0.0,0.0,0.0,0.0,0.0,0.0,0.0,0.0,0.01727447216890595,0.0,0.0,0.0,0.0019193857965451055,0.0,0.0,0.03838771593090211,0.0,0.005758157389635317,0.0,0.0,0.0,0.0,0.0,0.0,0.015355086372360844,0.6986564299424184,0.0019193857965451055,0.0,0.0,0.0,0.0,0.14971209213051823,0.0,0.0,0.0,0.009596928982725527,0.0,0.0,0.0,0.0,0.003838771593090211,0.0,0.0,0.0,0.0,0.0,0.0,0.0,0.0,0.0,0.0,0.0
liv_zhang-H009,0.007407407407407408,0.0,0.0425925925925926,0.0,0.0,0.0,0.0,0.0,0.0,0.0,0.0,0.8481481481481481,0.0,0.0,0.001851851851851852,0.001851851851851852,0.0,0.0,0.001851851851851852,0.0,0.003703703703703704,0.0,0.0,0.0,0.0,0.0,0.0,0.009259259259259259,0.0,0.003703703703703704,0.0,0.0,0.0,0.0,0.0,0.001851851851851852,0.001851851851851852,0.0,0.003703703703703704,0.001851851851851852,0.0,0.0,0.0,0.0,0.0,0.0,0.001851851851851852,0.0,0.011111111111111112,0.0,0.022222222222222223,0.0,0.0,0.0,0.0
liv_zhang-H010,0.0,0.0,0.017592592592592594,0.0,0.0,0.0,0.0,0.0,0.001851851851851852,0.0,0.0,0.5833333333333333,0.010185185185185186,0.0,0.0,0.0,0.0,0.000925925925925926,0.09259259259259259,0.0,0.04166666666666667,0.0,0.0,0.0,0.0,0.0,0.0,0.001851851851851852,0.0,0.0,0.0,0.0,0.0,0.0,0.0,0.0,0.001851851851851852,0.0,0.01388888888888889,0.0,0.0,0.0,0.0,0.0,0.0,0.0,0.002777777777777778,0.0,0.0,0.0,0.21018518518518517,0.0,0.0,0.0,0.0
liv_zhang-H011,0.0,0.0,0.030254777070063694,0.0,0.0,0.0,0.0,0.0,0.0,0.0,0.0,0.09713375796178345,0.0,0.0,0.0,0.0,0.0,0.0,0.0,0.0015923566878980893,0.05732484076433121,0.0,0.0,0.0,0.0,0.0,0.0,0.03662420382165606,0.4187898089171974,0.0,0.0,0.10031847133757962,0.0,0.0,0.020700636942675158,0.0015923566878980893,0.0,0.0,0.0031847133757961785,0.0,0.0,0.0,0.0,0.0,0.0,0.0,0.0,0.0,0.0,0.0,0.0,0.0,0.0,0.0,0.0
liv_zhang-H012,0.0,0.0,0.05695142378559464,0.0,0.0,0.0033500837520938024,0.0,0.0,0.0,0.0,0.0,0.37688442211055273,0.0,0.0,0.0,0.0,0.0,0.0,0.0,0.0016750418760469012,0.05025125628140703,0.0,0.0,0.0,0.0,0.0,0.0,0.04690117252931324,0.0,0.0,0.0,0.0,0.0,0.0,0.0,0.0016750418760469012,0.0,0.0,0.10050251256281406,0.018425460636515914,0.0,0.0,0.0,0.04020100502512563,0.0,0.0,0.005025125628140704,0.0,0.0,0.0016750418760469012,0.0,0.0,0.0,0.0,0.0
liv_zhang-H013,0.0,0.007352941176470588,0.2230392156862745,0.0,0.0,0.056372549019607844,0.0,0.0,0.0,0.0,0.004901960784313725,0.4142156862745098,0.0,0.0,0.0,0.0024509803921568627,0.0,0.007352941176470588,0.0,0.0,0.06862745098039216,0.0,0.0,0.0,0.0,0.0,0.0,0.09313725490196079,0.0,0.012254901960784314,0.0,0.0,0.0,0.0,0.0,0.0,0.0,0.0024509803921568627,0.01715686274509804,0.0,0.0,0.0,0.0,0.0,0.0,0.0,0.0024509803921568627,0.0,0.0024509803921568627,0.0,0.01715686274509804,0.0,0.0,0.0,0.0
liv_zhang-H014,0.0,0.0,0.07392197125256673,0.0,0.0,0.0,0.0,0.0,0.0,0.0,0.0,0.5256673511293635,0.055441478439425054,0.0,0.0,0.002053388090349076,0.0,0.0,0.024640657084188913,0.0,0.21560574948665295,0.0,0.0,0.0,0.0,0.0,0.0,0.034907597535934295,0.0,0.002053388090349076,0.0,0.0,0.0,0.0,0.04722792607802875,0.0,0.0,0.0,0.002053388090349076,0.0,0.0,0.0,0.0,0.002053388090349076,0.0,0.0,0.0,0.0,0.0,0.0,0.0,0.0,0.0,0.0,0.0
liv_zhang-H016,0.0,0.001968503937007874,0.0610236220472441,0.0,0.0,0.0,0.0,0.0,0.0,0.0,0.0,0.6279527559055118,0.0,0.0,0.0,0.0,0.0,0.001968503937007874,0.06889763779527558,0.005905511811023622,0.045275590551181105,0.0,0.0,0.0,0.0,0.0,0.0,0.07283464566929133,0.0,0.0,0.0,0.0,0.0,0.001968503937007874,0.0,0.0,0.0,0.0,0.033464566929133854,0.0,0.0,0.0,0.0,0.0,0.0,0.0,0.003937007874015748,0.0,0.003937007874015748,0.0,0.005905511811023622,0.0,0.0,0.0,0.0
liv_zhang-H017,0.0,0.0020876826722338203,0.09812108559498955,0.0,0.0,0.0,0.0,0.0,0.0,0.0,0.0,0.394572025052192,0.0,0.0,0.0,0.0041753653444676405,0.0,0.0,0.06471816283924843,0.0,0.07098121085594988,0.0,0.0,0.0,0.0,0.0,0.0041753653444676405,0.05219206680584552,0.12943632567849686,0.0020876826722338203,0.0,0.0,0.0,0.0,0.0,0.0,0.0020876826722338203,0.0,0.010438413361169102,0.0,0.0041753653444676405,0.0,0.0,0.0020876826722338203,0.0,0.0,0.0,0.0020876826722338203,0.05010438413361169,0.0,0.0,0.0,0.0,0.0,0.0
liv_zhang-H018,0.0022222222222222222,0.0,0.24444444444444444,0.0,0.0,0.0,0.0,0.0,0.0,0.0,0.0,0.17555555555555558,0.0,0.0,0.0,0.0022222222222222222,0.0,0.0,0.0,0.0,0.08888888888888889,0.0,0.0,0.0,0.0,0.0,0.0,0.11333333333333333,0.0,0.0044444444444444444,0.0,0.0,0.0,0.0,0.0,0.0044444444444444444,0.0022222222222222222,0.0,0.006666666666666666,0.0022222222222222222,0.0,0.0,0.0,0.0022222222222222222,0.0,0.0,0.0022222222222222222,0.0,0.02,0.0,0.03777777777777778,0.0,0.0,0.0,0.0
liv_zhang-H019,0.0038910505836575876,0.0019455252918287938,0.042801556420233464,0.0,0.0,0.04085603112840467,0.0,0.0,0.0019455252918287938,0.0,0.0,0.5311284046692606,0.0,0.0,0.0019455252918287938,0.005836575875486381,0.0,0.0,0.058365758754863814,0.0,0.005836575875486381,0.0,0.0,0.0,0.0,0.0,0.0,0.011673151750972763,0.0,0.0,0.0,0.0,0.0,0.0038910505836575876,0.0,0.0019455252918287938,0.0,0.0038910505836575876,0.0019455252918287938,0.0,0.0,0.0,0.0,0.0019455252918287938,0.0,0.0,0.0,0.0,0.15758754863813232,0.0,0.0,0.029182879377431907,0.0,0.0,0.0
liv_zhang-H021,0.0,0.0,0.06837606837606838,0.0,0.06837606837606838,0.0,0.0,0.0,0.0,0.0,0.0,0.042735042735042736,0.0,0.0,0.0,0.0,0.0,0.0,0.0,0.0,0.0,0.0,0.0,0.0,0.0,0.042735042735042736,0.008547008547008548,0.025641025641025644,0.0,0.0,0.0,0.0,0.0,0.0,0.0,0.0,0.0,0.0,0.0,0.0,0.008547008547008548,0.0,0.0,0.03418803418803419,0.0,0.08547008547008547,0.017094017094017096,0.0,0.0,0.0,0.0,0.0,0.0,0.0,0.0
liv_zhang-H022,0.0,0.00245398773006135,0.00245398773006135,0.0,0.0,0.0,0.0,0.0,0.001226993865030675,0.0,0.0,0.6220858895705522,0.0,0.0,0.0,0.0,0.0,0.0,0.001226993865030675,0.0,0.0,0.0,0.0,0.0,0.0,0.003680981595092025,0.0,0.17914110429447852,0.0049079754601227,0.0,0.0,0.0,0.00245398773006135,0.0,0.003680981595092025,0.008588957055214725,0.0,0.0,0.03558282208588957,0.001226993865030675,0.046625766871165646,0.0,0.001226993865030675,0.0,0.0,0.0,0.0,0.0049079754601227,0.01717791411042945,0.0,0.0,0.0,0.0,0.0,0.015950920245398775
liv_zhang-H023,0.0037174721189591076,0.0,0.018587360594795536,0.0,0.011152416356877323,0.0,0.0,0.5539033457249071,0.0,0.0,0.0,0.018587360594795536,0.0,0.0,0.0,0.0,0.0,0.0,0.0,0.0,0.0,0.0,0.0,0.03717472118959108,0.0,0.0,0.0037174721189591076,0.0,0.0,0.0,0.0,0.0,0.0,0.0,0.0037174721189591076,0.0,0.0,0.0,0.0,0.0,0.0,0.0,0.0,0.0,0.07434944237918216,0.0,0.0,0.0,0.0,0.0,0.0,0.0,0.0,0.0,0.0
liv_zhang-H024,0.004662004662004662,0.0,0.023310023310023312,0.0,0.0,0.0675990675990676,0.0,0.0,0.002331002331002331,0.0,0.0,0.7972027972027973,0.0,0.0,0.0,0.006993006993006993,0.0,0.0,0.0,0.0,0.002331002331002331,0.0,0.0,0.0,0.0,0.0,0.006993006993006993,0.011655011655011656,0.002331002331002331,0.0,0.0,0.0,0.0,0.002331002331002331,0.0,0.0,0.0,0.004662004662004662,0.0,0.0,0.0,0.0,0.0,0.0,0.0,0.0,0.0,0.0,0.03962703962703963,0.0,0.009324009324009324,0.0,0.0,0.0,0.0
liv_zhang-H025,0.0,0.004329004329004329,0.02308802308802309,0.0,0.0,0.047619047619047616,0.0,0.0,0.0,0.0,0.0,0.025974025974025972,0.0,0.0,0.0,0.0,0.02886002886002886,0.001443001443001443,0.0,0.0,0.03463203463203464,0.0,0.0,0.0,0.0,0.0,0.007215007215007215,0.050505050505050504,0.7186147186147187,0.017316017316017316,0.0,0.0,0.0,0.0,0.0,0.0,0.0,0.0,0.001443001443001443,0.001443001443001443,0.0,0.0,0.001443001443001443,0.0,0.0,0.0,0.001443001443001443,0.0,0.002886002886002886,0.0,0.001443001443001443,0.0,0.0,0.0,0.0
liv_zhang-H027,0.0,0.0019083969465648854,0.05534351145038168,0.004580152671755725,0.0,0.0,0.0,0.0,0.0011450381679389313,0.0,0.0,0.667557251908397,0.0,0.0,0.0003816793893129771,0.0022900763358778627,0.0,0.0,0.016412213740458016,0.0003816793893129771,0.0717557251908397,0.0,0.0,0.0,0.0,0.0,0.0030534351145038168,0.07748091603053436,0.0007633587786259542,0.0003816793893129771,0.0,0.0,0.0,0.0,0.05648854961832061,0.0,0.0,0.0011450381679389313,0.0015267175572519084,0.0003816793893129771,0.014122137404580152,0.0,0.0,0.0007633587786259542,0.0,0.0,0.0,0.0,0.0038167938931297713,0.0,0.0,0.0003816793893129771,0.0,0.0,0.008396946564885497
liv_zhang-H029,0.0,0.0,0.06407322654462243,0.0,0.0,0.0,0.0,0.0,0.0,0.0,0.0,0.8009153318077803,0.0,0.0,0.0,0.0,0.0,0.0,0.041189931350114416,0.0,0.027459954233409613,0.0,0.0,0.0,0.0,0.0,0.0,0.011441647597254004,0.0,0.0,0.0,0.0,0.0,0.0,0.0,0.0,0.0,0.009153318077803204,0.002288329519450801,0.0,0.0,0.0,0.0,0.0,0.0,0.0,0.0,0.0,0.020594965675057208,0.0,0.0,0.0,0.0,0.0,0.0
liv_zhang-M001,0.0,0.0,0.22429906542056074,0.0,0.0,0.029906542056074768,0.0,0.0,0.0,0.0,0.0,0.2336448598130841,0.009345794392523364,0.0,0.003738317757009346,0.001869158878504673,0.0,0.0,0.0,0.0,0.09532710280373832,0.001869158878504673,0.0,0.0,0.0,0.0,0.0,0.007476635514018692,0.32336448598130846,0.01308411214953271,0.0,0.0,0.0,0.0,0.0,0.0,0.003738317757009346,0.003738317757009346,0.001869158878504673,0.001869158878504673,0.0,0.0,0.0,0.001869158878504673,0.0,0.0,0.0,0.0,0.007476635514018691,0.0,0.0,0.0,0.0,0.0,0.0
liv_zhang-M002,0.0,0.016891891891891893,0.0,0.0,0.0,0.0,0.0,0.0,0.006756756756756757,0.0,0.0,0.7398648648648649,0.0,0.0,0.0,0.0,0.0,0.0,0.04054054054054054,0.0,0.0,0.0,0.0,0.0,0.0,0.0,0.033783783783783786,0.12162162162162163,0.0,0.0,0.0,0.0,0.0,0.0,0.0,0.0,0.0,0.0,0.010135135135135136,0.0,0.0,0.0,0.0,0.0,0.0,0.0,0.0,0.0033783783783783786,0.0,0.0,0.0033783783783783786,0.0,0.02027027027027027,0.0,0.0
liv_zhang-M003,0.0,0.0,0.0,0.0,0.0,0.0,0.0,0.0,0.0,0.0,0.0,0.9556650246305419,0.0,0.0,0.0,0.0,0.0,0.0,0.0,0.0,0.0049261083743842365,0.0,0.0,0.0,0.0,0.0,0.0,0.0049261083743842365,0.0,0.0,0.0,0.0,0.0,0.0049261083743842365,0.0,0.0,0.0,0.0,0.009852216748768473,0.0,0.0,0.0,0.0,0.0,0.0,0.0,0.0,0.0,0.0,0.0,0.0,0.0,0.0,0.0,0.0
liv_zhang-M004,0.0,0.0,0.06214689265536724,0.0,0.0,0.0,0.0,0.0,0.0,0.0,0.0,0.096045197740113,0.0,0.0,0.0,0.0,0.0,0.0,0.0,0.0,0.29378531073446323,0.0,0.0,0.0,0.0,0.0,0.02824858757062147,0.0,0.0,0.0,0.0,0.0,0.0,0.0,0.0,0.0,0.02824858757062147,0.0,0.15254237288135594,0.0,0.0,0.0,0.0,0.005649717514124294,0.0,0.0,0.0,0.0,0.0,0.0,0.0,0.0,0.0,0.0,0.0
liv_zhang-M005,0.0,0.012474012474012475,0.012474012474012475,0.0,0.0,0.0,0.0,0.0,0.0,0.0,0.0,0.004158004158004158,0.0,0.0,0.0,0.0,0.0,0.0,0.0,0.0,0.3180873180873181,0.0,0.0,0.004158004158004158,0.0,0.0,0.3575883575883576,0.0,0.0,0.0,0.0,0.0,0.0,0.0,0.0,0.002079002079002079,0.0,0.0,0.079002079002079,0.0,0.008316008316008316,0.02079002079002079,0.004158004158004158,0.0,0.0,0.0,0.006237006237006237,0.0,0.0,0.004158004158004158,0.0,0.0,0.11642411642411643,0.0,0.018711018711018712
liv_zhang-M006,0.0,0.0,0.0492091388400703,0.0,0.0,0.0035149384885764497,0.0,0.0,0.0,0.06678383128295255,0.0,0.6836555360281195,0.0,0.0,0.0,0.0,0.0,0.0,0.0,0.0,0.0,0.0,0.0,0.0,0.0,0.0,0.03163444639718805,0.0035149384885764497,0.0,0.0,0.04569420035149385,0.0,0.0,0.0,0.0,0.0,0.0,0.0,0.029876977152899824,0.0,0.0,0.0,0.0,0.0035149384885764497,0.0,0.0,0.0035149384885764497,0.0,0.0,0.0,0.0,0.0,0.029876977152899824,0.0,0.0
liv_zhang-M007,0.0,0.0076335877862595426,0.0,0.0,0.0,0.0,0.0,0.0,0.007633587786259542,0.0,0.0,0.94147582697201,0.0,0.0,0.0,0.0,0.0,0.0,0.0,0.0,0.0,0.0,0.0,0.0,0.0,0.0,0.002544529262086514,0.02290076335877863,0.0,0.0,0.0,0.0,0.0,0.0,0.0,0.0,0.0,0.005089058524173028,0.0,0.0,0.0,0.0,0.0,0.01272264631043257,0.0,0.0,0.0,0.0,0.0,0.0,0.0,0.0,0.0,0.0,0.0
liv_zhang-M008,0.0,0.023696682464454978,0.004739336492890996,0.0,0.0,0.0,0.0,0.0,0.014218009478672985,0.0,0.0,0.7677725118483412,0.0,0.0,0.0,0.0,0.0,0.0,0.0,0.0,0.0,0.0,0.0,0.0,0.0,0.0,0.14691943127962087,0.009478672985781991,0.0,0.0,0.0,0.0,0.0,0.0,0.0,0.0,0.0,0.0,0.009478672985781991,0.0,0.0,0.0,0.0,0.0,0.0,0.0,0.0,0.0,0.0,0.018957345971563982,0.0,0.0,0.004739336492890996,0.0,0.0
liv_zhang-M009,0.0,0.025,0.06875,0.0,0.0,0.0,0.0,0.0,0.0,0.0,0.0,0.6687500000000001,0.0,0.0,0.0,0.0,0.0,0.0,0.0,0.0,0.05625,0.0,0.0,0.0,0.0,0.0,0.05,0.03125,0.0,0.0,0.0,0.0,0.0,0.0,0.0,0.0,0.0125,0.00625,0.018750000000000003,0.00625,0.0,0.0,0.0,0.0,0.0,0.0,0.0,0.0,0.0,0.0,0.0,0.0,0.00625,0.0,0.0
liv_zhang-M010,0.0,0.0,0.004846526655896607,0.0,0.0,0.0,0.0,0.0,0.002423263327948304,0.0,0.0,0.7972536348949919,0.02988691437802908,0.0,0.0,0.0,0.0,0.0,0.004846526655896607,0.0,0.0,0.0008077544426494346,0.0,0.0,0.0,0.0,0.006462035541195477,0.05735056542810985,0.0,0.0,0.0,0.0,0.0,0.0008077544426494346,0.0,0.0,0.0008077544426494346,0.0,0.02988691437802908,0.0,0.0032310177705977385,0.0,0.0,0.0016155088852988692,0.0,0.0,0.038772213247172865,0.0,0.0,0.0,0.0,0.0,0.0,0.0,0.0024232633279483036
liv_zhang-M011,0.0,0.08123791102514508,0.017408123791102514,0.0,0.0,0.0,0.0,0.0,0.0,0.0,0.0,0.6692456479690522,0.0,0.0,0.013539651837524178,0.0,0.0,0.0038684719535783366,0.046421663442940034,0.0,0.029013539651837526,0.0,0.0,0.0,0.0,0.0,0.005802707930367505,0.005802707930367505,0.0,0.0,0.0,0.0,0.0,0.0,0.005802707930367505,0.019342359767891684,0.0,0.061895551257253385,0.0,0.0,0.0,0.0,0.0,0.0,0.0,0.0,0.0,0.005802707930367505,0.019342359767891684,0.0,0.0,0.0019342359767891683,0.0,0.0019342359767891683,0.0019342359767891683
liv_zhang-M012,0.0,0.0,0.0007251631617113851,0.0,0.0,0.0,0.0,0.0,0.01595358955765047,0.0,0.0,0.9405366207396664,0.0,0.0,0.0,0.0,0.0,0.0,0.0,0.0,0.0014503263234227702,0.0,0.0,0.0,0.0,0.0,0.0007251631617113851,0.006526468455402465,0.0,0.0,0.0,0.0,0.0,0.0,0.0,0.0,0.0,0.0,0.010877447425670777,0.0,0.0,0.0,0.0,0.005801305293691081,0.0,0.0,0.009427121102248005,0.0,0.0,0.0,0.0,0.0,0.0,0.0,0.0
liv_zhang-M013,0.008928571428571428,0.0,0.02976190476190476,0.0,0.0,0.34226190476190477,0.0,0.0,0.0,0.0,0.0,0.5059523809523809,0.0,0.0,0.0,0.017857142857142856,0.0,0.0,0.0,0.0,0.02976190476190476,0.0,0.0,0.0,0.0,0.0,0.008928571428571428,0.011904761904761904,0.005952380952380952,0.0,0.0,0.0,0.0,0.0,0.0,0.0,0.0,0.0,0.002976190476190476,0.0,0.0,0.0,0.0,0.002976190476190476,0.0,0.0,0.002976190476190476,0.0,0.020833333333333332,0.0,0.002976190476190476,0.0,0.0,0.0,0.0
liv_zhang-M014,0.0,0.001936108422071636,0.04549854791868345,0.0,0.0,0.0,0.0,0.0,0.000484027105517909,0.0,0.0,0.20522749273959343,0.0,0.0,0.0,0.0,0.0,0.0,0.000484027105517909,0.0,0.000484027105517909,0.0,0.0,0.0,0.0,0.0,0.011132623426911908,0.22265246853823814,0.48596321393998065,0.0,0.0,0.0,0.0,0.0,0.0,0.000968054211035818,0.0,0.000484027105517909,0.002904162633107454,0.000968054211035818,0.0,0.0,0.0,0.001452081316553727,0.0,0.0,0.005808325266214908,0.0,0.0,0.0,0.0,0.0,0.0,0.0,0.0
liv_zhang-M017,0.0,0.03529411764705882,0.0784313725490196,0.00392156862745098,0.0,0.0,0.0,0.0,0.0,0.00392156862745098,0.0,0.7764705882352941,0.0,0.0,0.0,0.0,0.0,0.0,0.0,0.0,0.00784313725490196,0.0,0.0,0.0,0.0,0.0,0.03529411764705882,0.00784313725490196,0.0,0.0,0.0,0.0,0.0,0.0,0.0,0.0,0.00392156862745098,0.0,0.027450980392156862,0.0,0.0,0.0,0.0,0.0,0.0,0.0,0.0,0.0,0.0,0.0,0.0,0.0,0.0,0.0,0.00784313725490196
liv_zhang-M022,0.0,0.0,0.0072992700729927005,0.0,0.0,0.0072992700729927005,0.0,0.0,0.0072992700729927005,0.0,0.0,0.8394160583941607,0.0,0.0,0.0,0.0,0.0,0.0,0.0,0.0,0.0072992700729927005,0.0,0.0,0.0,0.0,0.0,0.0364963503649635,0.0,0.0,0.0,0.0,0.0,0.0,0.0,0.0,0.051094890510948905,0.0072992700729927005,0.0,0.0,0.0,0.0,0.0,0.0,0.0,0.0,0.0,0.0072992700729927005,0.0,0.0,0.0,0.0,0.0,0.014598540145985401,0.0,0.0
liv_zhang-M023,0.0,0.20588235294117646,0.09803921568627451,0.0,0.0,0.0,0.0,0.0,0.0392156862745098,0.0,0.0,0.4117647058823529,0.0,0.0,0.0,0.0,0.0,0.0,0.0,0.0,0.10784313725490197,0.0,0.0,0.0,0.0,0.0,0.0392156862745098,0.0,0.0,0.0,0.0,0.0,0.0,0.0196078431372549,0.0,0.00980392156862745,0.0,0.0,0.049019607843137254,0.0,0.0,0.0,0.0,0.0,0.0,0.0,0.0,0.0,0.0,0.0,0.0,0.0,0.0,0.0,0.0
liv_zhang-M024,0.0,0.0,0.0,0.0,0.0,0.0,0.0,0.0,0.0,0.0,0.0,0.8145454545454545,0.0,0.0,0.0,0.0,0.0,0.0,0.0,0.0,0.0,0.0,0.0,0.0,0.0,0.0,0.0,0.0,0.0,0.0,0.0,0.0,0.0,0.0,0.0,0.0036363636363636364,0.0,0.0,0.13454545454545455,0.0,0.0,0.0,0.0,0.0,0.0,0.0,0.0,0.0,0.0,0.0,0.0,0.0,0.0,0.0,0.0
liv_zhang-M025,0.0,0.005128205128205128,0.005128205128205128,0.0,0.0,0.0,0.0,0.0,0.0,0.0,0.0,0.015384615384615385,0.0,0.0,0.0,0.0,0.0,0.0,0.0,0.0,0.17948717948717952,0.0,0.0,0.0,0.0,0.0,0.005128205128205128,0.0,0.015384615384615385,0.0,0.0,0.0,0.0,0.07179487179487179,0.0,0.0,0.005128205128205128,0.0,0.03076923076923077,0.0,0.0,0.0,0.0,0.005128205128205128,0.0,0.0,0.1435897435897436,0.0,0.0,0.0,0.0,0.0,0.0,0.0,0.010256410256410256
liv_zhang-M027,0.0053475935828877,0.0053475935828877,0.0748663101604278,0.0,0.0,0.0,0.0,0.0,0.0,0.0,0.0,0.5668449197860962,0.0,0.0,0.0,0.0,0.0,0.0,0.0962566844919786,0.0,0.10695187165775401,0.0,0.0,0.0,0.0,0.0,0.0106951871657754,0.0053475935828877,0.0,0.0160427807486631,0.0,0.0,0.0,0.0,0.0,0.0,0.0,0.0,0.0106951871657754,0.0,0.0481283422459893,0.0,0.0,0.0,0.0,0.0,0.0,0.0,0.026737967914438505,0.0,0.0,0.0053475935828877,0.0,0.0,0.0
liv_zhang-M029,0.0,0.0,0.17435897435897435,0.0,0.0,0.0,0.0,0.0,0.0,0.0,0.0,0.7538461538461538,0.0,0.0,0.0,0.0,0.0,0.0,0.041025641025641026,0.0,0.010256410256410256,0.0,0.0,0.0,0.0,0.0,0.0,0.010256410256410256,0.0,0.0,0.0,0.0,0.0,0.0,0.0,0.0,0.0,0.0,0.0,0.0,0.0,0.0,0.0,0.0,0.0,0.0,0.0,0.0,0.0,0.0,0.0,0.0,0.0,0.0,0.0
