,k__Bacteria;p__Actinobacteria;c__Actinobacteria;o__Actinomycetales;f__Propionibacteriaceae;g__Propionibacterium,k__Bacteria;p__Firmicutes;c__Clostridia;o__Clostridiales;f__Eubacteriaceae;g__Eubacterium,k__Bacteria;p__Proteobacteria;c__Betaproteobacteria;o__Neisseriales;f__Neisseriaceae;g__Neisseria,k__Bacteria;p__Bacteroidetes;c__Bacteroidia;o__Bacteroidales;f__Rikenellaceae;g__Alistipes,k__Bacteria;p__Firmicutes;c__Negativicutes;o__Selenomonadales;f__Acidaminococcaceae;g__Phascolarctobacterium,k__Bacteria;p__Bacteroidetes;c__Bacteroidia;o__Bacteroidales;f__Prevotellaceae;g__Alloprevotella,k__Bacteria;p__Firmicutes;c__Negativicutes;o__Selenomonadales;f__Veillonellaceae;g__Veillonella,k__Bacteria;p__Firmicutes;c__Clostridia;o__Clostridiales;f__Ruminococcaceae;g__Faecalibacterium,k__Bacteria;p__Bacteroidetes;c__Bacteroidia;o__Bacteroidales;f__Prevotellaceae;g__Prevotella,k__Bacteria;p__Proteobacteria;c__Gammaproteobacteria;o__Enterobacteriales;f__Enterobacteriaceae;g__Klebsiella,k__Bacteria;p__Actinobacteria;c__Actinobacteria;o__Coriobacteriales;f__Coriobacteriaceae;g__Olsenella,k__Bacteria;p__Proteobacteria;c__Deltaproteobacteria;o__Desulfovibrionales;f__Desulfovibrionaceae;g__Desulfovibrio,k__Bacteria;p__Firmicutes;c__Clostridia;o__Clostridiales;f__Ruminococcaceae;g__Oscillibacter,k__Bacteria;p__Firmicutes;c__Clostridia;o__Clostridiales;f__Lachnospiraceae;g__Pseudobutyrivibrio,k__Bacteria;p__Proteobacteria;c__Alphaproteobacteria;o__Rhodobacterales;f__Rhodobacteraceae;g__Rhodobacter,k__Bacteria;p__Proteobacteria;c__Gammaproteobacteria;o__Aeromonadales;f__Succinivibrionaceae;g__Succinivibrio,k__Bacteria;p__Actinobacteria;c__Actinobacteria;o__Coriobacteriales;f__Coriobacteriaceae;g__Slackia,k__Bacteria;p__Firmicutes;c__Clostridia;o__Clostridiales;f__Lachnospiraceae;g__Parasporobacterium,k__Bacteria;p__Firmicutes;c__Erysipelotrichia;o__Erysipelotrichales;f__Erysipelotrichaceae;g__Turicibacter,k__Bacteria;p__Firmicutes;c__Negativicutes;o__Selenomonadales;f__Veillonellaceae;g__Dialister,k__Bacteria;p__Firmicutes;c__Clostridia;o__Clostridiales;f__Ruminococcaceae;g__Anaerofilum,k__Bacteria;p__Firmicutes;c__Bacilli;o__Bacillales;f__Listeriaceae;g__Listeria,k__Bacteria;p__Bacteroidetes;c__Bacteroidia;o__Bacteroidales;f__Prevotellaceae;g__Hallella,k__Bacteria;p__Bacteroidetes;c__Bacteroidia;o__Bacteroidales;f__Porphyromonadaceae;g__Barnesiella,k__Bacteria;p__Proteobacteria;c__Gammaproteobacteria;o__Pseudomonadales;f__Moraxellaceae;g__Acinetobacter,k__Bacteria;p__Firmicutes;c__Clostridia;o__Clostridiales;f__Lachnospiraceae;g__Roseburia,k__Bacteria;p__Firmicutes;c__Bacilli;o__Lactobacillales;f__Enterococcaceae;g__Enterococcus,k__Bacteria;p__Firmicutes;c__Clostridia;o__Clostridiales;f__Lachnospiraceae;g__Coprococcus,k__Bacteria;p__Firmicutes;c__Negativicutes;o__Selenomonadales;f__Veillonellaceae;g__Mitsuokella,k__Bacteria;p__Verrucomicrobia;c__Verrucomicrobiae;o__Verrucomicrobiales;f__Verrucomicrobiaceae;g__Akkermansia,k__Bacteria;p__Firmicutes;c__Bacilli;o__Lactobacillales;f__Streptococcaceae;g__Streptococcus,k__Bacteria;p__Firmicutes;c__Clostridia;o__Clostridiales;f__Lachnospiraceae;g__Dorea,k__Bacteria;p__Firmicutes;c__Clostridia;o__Clostridiales;f__Clostridiaceae_1;g__Clostridium_sensu_stricto,k__Bacteria;p__Firmicutes;c__Clostridia;o__Clostridiales;f__Lachnospiraceae;g__Howardella,k__Bacteria;p__Firmicutes;c__Negativicutes;o__Selenomonadales;f__Veillonellaceae;g__Megasphaera,k__Bacteria;p__Fusobacteria;c__Fusobacteriia;o__Fusobacteriales;f__Fusobacteriaceae;g__Fusobacterium,k__Bacteria;p__Firmicutes;c__Clostridia;o__Clostridiales;f__Lachnospiraceae;g__Clostridium_XlVb,k__Bacteria;p__Firmicutes;c__Clostridia;o__Clostridiales;f__Lachnospiraceae;g__Blautia,k__Bacteria;p__Firmicutes;c__Negativicutes;o__Selenomonadales;f__Acidaminococcaceae;g__Succiniclasticum,k__Bacteria;p__Firmicutes;c__Erysipelotrichia;o__Erysipelotrichales;f__Erysipelotrichaceae;g__Clostridium_XVIII,k__Bacteria;p__Firmicutes;c__Clostridia;o__Clostridiales;f__Lachnospiraceae;g__Clostridium_XlVa,k__Bacteria;p__Firmicutes;c__Clostridia;o__Clostridiales;f__Ruminococcaceae;g__Butyricicoccus,k__Bacteria;p__Firmicutes;c__Clostridia;o__Clostridiales;f__Ruminococcaceae;g__Fastidiosipila,k__Bacteria;p__Firmicutes;c__Clostridia;o__Clostridiales;f__Eubacteriaceae;g__Pseudoramibacter,k__Bacteria;p__Firmicutes;c__Negativicutes;o__Selenomonadales;f__Acidaminococcaceae;g__Acidaminococcus,k__Bacteria;p__Firmicutes;c__Clostridia;o__Clostridiales;f__Ruminococcaceae;g__Saccharofermentans,k__Bacteria;p__Actinobacteria;c__Actinobacteria;o__Actinomycetales;f__Actinomycetaceae;g__Actinomyces,k__Bacteria;p__Firmicutes;c__Erysipelotrichia;o__Erysipelotrichales;f__Erysipelotrichaceae;g__Catenibacterium,k__Bacteria;p__Actinobacteria;c__Actinobacteria;o__Coriobacteriales;f__Coriobacteriaceae;g__Collinsella,k__Bacteria;p__Synergistetes;c__Synergistia;o__Synergistales;f__Synergistaceae;g__Cloacibacillus,k__Bacteria;p__Deinococcus-Thermus;c__Deinococci;o__Deinococcales;f__Deinococcaceae;g__Deinococcus,k__Bacteria;p__Firmicutes;c__Clostridia;o__Clostridiales;f__Ruminococcaceae;g__Flavonifractor,k__Bacteria;p__Proteobacteria;c__Deltaproteobacteria;o__Desulfovibrionales;f__Desulfovibrionaceae;g__Bilophila,k__Bacteria;p__Actinobacteria;c__Actinobacteria;o__Bifidobacteriales;f__Bifidobacteriaceae;g__Bifidobacterium,k__Bacteria;p__Proteobacteria;c__Gammaproteobacteria;o__Pasteurellales;f__Pasteurellaceae;g__Haemophilus,k__Bacteria;p__Firmicutes;c__Bacilli;o__Bacillales;f__Staphylococcaceae;g__Staphylococcus,k__Bacteria;p__Firmicutes;c__Clostridia;o__Clostridiales;f__Ruminococcaceae;g__Pseudoflavonifractor,k__Bacteria;p__Firmicutes;c__Clostridia;o__Clostridiales;f__Ruminococcaceae;g__Hydrogenoanaerobacterium,k__Bacteria;p__Firmicutes;c__Clostridia;o__Clostridiales;f__Lachnospiraceae;g__Ruminococcus2,k__Bacteria;p__Firmicutes;c__Bacilli;o__Bacillales;f__Bacillaceae_1;g__Bacillus,k__Bacteria;p__Firmicutes;c__Clostridia;o__Clostridiales;f__Ruminococcaceae;g__Anaerotruncus,k__Bacteria;p__Firmicutes;c__Clostridia;o__Clostridiales;f__Lachnospiraceae;g__Lachnobacterium,k__Bacteria;p__Firmicutes;c__Erysipelotrichia;o__Erysipelotrichales;f__Erysipelotrichaceae;g__Coprobacillus,k__Bacteria;p__Firmicutes;c__Clostridia;o__Clostridiales;f__Ruminococcaceae;g__Clostridium_IV,k__Bacteria;p__Proteobacteria;c__Gammaproteobacteria;o__Pseudomonadales;f__Pseudomonadaceae;g__Pseudomonas,k__Bacteria;p__Firmicutes;c__Clostridia;o__Clostridiales;f__Lachnospiraceae;g__Lachnospiracea_incertae_sedis,k__Bacteria;p__Firmicutes;c__Negativicutes;o__Selenomonadales;f__Veillonellaceae;g__Allisonella,k__Bacteria;p__Bacteroidetes;c__Bacteroidia;o__Bacteroidales;f__Prevotellaceae;g__Paraprevotella,k__Bacteria;p__Firmicutes;c__Clostridia;o__Clostridiales;f__Clostridiales_Incertae_Sedis_XIII;g__Mogibacterium,k__Bacteria;p__Lentisphaerae;c__Lentisphaeria;o__Victivallales;f__Victivallaceae;g__Victivallis,k__Bacteria;p__Bacteroidetes;c__Bacteroidia;o__Bacteroidales;f__Porphyromonadaceae;g__Parabacteroides,k__Bacteria;p__Firmicutes;c__Clostridia;o__Clostridiales;f__Ruminococcaceae;g__Acetanaerobacterium,k__Bacteria;p__Bacteroidetes;c__Bacteroidia;o__Bacteroidales;f__Bacteroidaceae;g__Bacteroides,k__Bacteria;p__Bacteroidetes;c__Bacteroidia;o__Bacteroidales;f__Prevotellaceae;g__Xylanibacter,k__Bacteria;p__Proteobacteria;c__Betaproteobacteria;o__Burkholderiales;f__Sutterellaceae;g__Parasutterella,k__Bacteria;p__Proteobacteria;c__Betaproteobacteria;o__Burkholderiales;f__Sutterellaceae;g__Sutterella,k__Bacteria;p__Firmicutes;c__Bacilli;o__Lactobacillales;f__Lactobacillaceae;g__Lactobacillus,k__Bacteria;p__Proteobacteria;c__Gammaproteobacteria;o__Enterobacteriales;f__Enterobacteriaceae;g__Escherichia/Shigella,k__Bacteria;p__Firmicutes;c__Erysipelotrichia;o__Erysipelotrichales;f__Erysipelotrichaceae;g__Holdemania,k__Bacteria;p__Actinobacteria;c__Actinobacteria;o__Coriobacteriales;f__Coriobacteriaceae;g__Eggerthella,k__Bacteria;p__Firmicutes;c__Clostridia;o__Clostridiales;f__Lachnospiraceae;g__Lachnospira,k__Bacteria;p__Firmicutes;c__Bacilli;o__Lactobacillales;f__Leuconostocaceae;g__Weissella,k__Bacteria;p__Firmicutes;c__Clostridia;o__Clostridiales;f__Ruminococcaceae;g__Gemmiger,k__Bacteria;p__Bacteroidetes;c__Bacteroidia;o__Bacteroidales;f__Porphyromonadaceae;g__Odoribacter,k__Bacteria;p__Firmicutes;c__Bacilli;o__Lactobacillales;f__Streptococcaceae;g__Lactococcus,k__Bacteria;p__Firmicutes;c__Erysipelotrichia;o__Erysipelotrichales;f__Erysipelotrichaceae;g__Erysipelotrichaceae_incertae_sedis,k__Bacteria;p__Firmicutes;c__Bacilli;o__Lactobacillales;f__Carnobacteriaceae;g__Granulicatella,k__Bacteria;p__Firmicutes;c__Clostridia;o__Clostridiales;f__Peptostreptococcaceae;g__Clostridium_XI,k__Bacteria;p__Proteobacteria;c__Epsilonproteobacteria;o__Campylobacterales;f__Helicobacteraceae;g__Helicobacter,k__Bacteria;p__Firmicutes;c__Clostridia;o__Clostridiales;f__Ruminococcaceae;g__Ruminococcus,k__Bacteria;p__Firmicutes;c__Negativicutes;o__Selenomonadales;f__Veillonellaceae;g__Megamonas,k__Bacteria;p__Bacteroidetes;c__Bacteroidia;o__Bacteroidales;f__Porphyromonadaceae;g__Butyricimonas
ob_ross-BD0017v13,0.0,0.010635504201680673,0.0,0.022846638655462187,0.005777310924369748,0.0,0.0,0.05173319327731092,0.00013130252100840336,0.0,0.0,0.0055147058823529415,0.004989495798319327,0.290047268907563,0.0,0.00013130252100840336,0.0,0.0,0.0,0.0,0.0,0.0,0.0,0.0027573529411764708,0.0,0.023897058823529407,0.0,0.0015756302521008404,0.0,0.0,0.0005252100840336134,0.02035189075630252,0.0,0.0,0.0,0.0,0.0063025210084033615,0.02035189075630252,0.0,0.010635504201680673,0.05160189075630252,0.0009191176470588235,0.0,0.0,0.0,0.0,0.0,0.0,0.00853466386554622,0.0,0.0,0.012736344537815126,0.0002626050420168067,0.0,0.0,0.0,0.0,0.0,0.011554621848739496,0.0,0.0,0.0,0.00013130252100840336,0.0,0.0,0.011948529411764707,0.0035451680672268907,0.0,0.0,0.0,0.02836134453781513,0.0,0.2342436974789916,0.0,0.00013130252100840336,0.027442226890756302,0.0,0.0,0.00013130252100840336,0.0,0.0011817226890756304,0.0,0.0195640756302521,0.0,0.00013130252100840336,0.0,0.0,0.0003939075630252101,0.0,0.005383403361344538,0.0,0.0006565126050420169
ob_ross-BD0027v13,0.0,0.0010634055562940316,0.0,0.11830386813771103,0.037086268775754355,0.0,0.0,0.10554300146218264,0.0,0.0,0.0,0.0,0.007443838894058221,0.0,0.0,0.0,0.0,0.0,0.0,0.0,0.0,0.0,0.0,0.0,0.0,0.019938854180513093,0.0,0.00013292569453675395,0.0,0.002658513890735079,0.0002658513890735079,0.01781204306792503,0.0,0.0,0.0,0.0,0.00438654791971288,0.020736408347733618,0.0,0.0006646284726837697,0.042934999335371524,0.0009304798617572776,0.0,0.0,0.0,0.0,0.0,0.0,0.002392662501661571,0.0,0.0,0.0035889937524923566,0.00013292569453675395,0.0,0.0,0.0,0.0,0.00013292569453675395,0.0011963312508307855,0.0,0.0,0.0,0.0005317027781470158,0.0035889937524923566,0.0,0.002791439585271833,0.0,0.0,0.0,0.0,0.02485710487837299,0.0,0.3639505516416323,0.0,0.04133989100093048,0.0,0.0002658513890735079,0.00013292569453675395,0.0,0.0,0.0009304798617572776,0.0,0.013824272231822412,0.014355975009969428,0.0002658513890735079,0.0,0.0,0.0,0.0,0.010766981257477071,0.0,0.0
ob_ross-BD0022v13,0.0,0.0,0.0,0.007709690283131729,0.07776153130400106,0.0,0.00013292569453675395,0.002525588196198325,0.026585138907350786,0.04692277017147415,0.0,0.00013292569453675395,0.00039877708361026184,0.006513359032300943,0.0,0.0,0.0,0.00013292569453675395,0.0038548451415658645,0.0017280340289778013,0.0,0.0,0.0,0.0005317027781470158,0.0,0.00943772431210953,0.0,0.0,0.0035889937524923566,0.00013292569453675395,0.001993885418051309,0.012362089591918118,0.0,0.0002658513890735079,0.00039877708361026184,0.0,0.00013292569453675395,0.014621826399042935,0.0,0.027515618769108068,0.07164694935531038,0.0005317027781470158,0.0,0.0,0.00039877708361026184,0.0,0.0,0.0,0.005449953476006911,0.0,0.0,0.0009304798617572776,0.0,0.0,0.0,0.0,0.0,0.0,0.007842615977668483,0.0,0.0,0.0,0.0,0.0,0.0,0.002525588196198325,0.008374318755815499,0.029243652798085867,0.0,0.0,0.04160574239000399,0.0,0.4990030572909744,0.0,0.012760866675528379,0.00013292569453675395,0.0002658513890735079,0.002126811112588063,0.0002658513890735079,0.0,0.0,0.0,0.0005317027781470158,0.002525588196198325,0.0,0.006247507643227436,0.0,0.03150338960521069,0.0,0.0,0.0,0.00013292569453675395
ob_ross-BD0040v13,0.0,0.0006264094211976949,0.0,0.04460035078927587,0.024054121773991483,0.0,0.0,0.1968178401403157,0.0,0.0,0.0,0.0,0.004009020295665247,0.05086444500125282,0.0,0.0,0.0,0.00012528188423953897,0.00025056376847907793,0.0,0.00025056376847907793,0.0,0.0,0.0022550739163117012,0.0,0.023678276121272872,0.0,0.0006264094211976949,0.0,0.0,0.0006264094211976949,0.012528188423953895,0.0006264094211976949,0.0005011275369581559,0.0,0.0,0.006765221748935103,0.012402906539714358,0.0,0.0015033826108744675,0.061763968930092714,0.0016286644951140066,0.0,0.00012528188423953897,0.0,0.0,0.0,0.0,0.00025056376847907793,0.0,0.0,0.01327987972939113,0.0,0.0,0.0,0.0,0.0,0.0,0.003507892758707091,0.0,0.00012528188423953897,0.0020045101478326235,0.0,0.00012528188423953897,0.0,0.0032573289902280127,0.0,0.027687296416938113,0.0,0.0,0.006639939864695564,0.0,0.2860185417188675,0.0,0.02179904785767978,0.0,0.00012528188423953897,0.00012528188423953897,0.00025056376847907793,0.0,0.0010022550739163117,0.0,0.011651215234277123,0.0096467050864445,0.0,0.0,0.0,0.003006765221748935,0.0,0.00476071160110248,0.0,0.0013781007266349286
ob_ross-BD0044v13,0.0,0.0026315789473684214,0.0,0.06398026315789473,0.047203947368421054,0.0,0.0,0.051644736842105264,0.0,0.0,0.0,0.0008223684210526315,0.0077302631578947375,0.03618421052631579,0.0,0.0,0.0,0.0,0.0,0.0,0.0,0.0,0.0,0.0,0.0,0.005098684210526316,0.0,0.0,0.0,0.03289473684210526,0.0006578947368421052,0.023355263157894737,0.0001644736842105263,0.0,0.0018092105263157895,0.0,0.0,0.02220394736842105,0.0,0.0008223684210526315,0.01611842105263158,0.0011513157894736843,0.0,0.0,0.01480263157894737,0.0,0.0,0.0,0.0008223684210526315,0.003289473684210526,0.0,0.04506578947368421,0.0,0.0,0.0,0.0,0.0001644736842105263,0.0,0.022532894736842106,0.0,0.0001644736842105263,0.0006578947368421052,0.0,0.0037828947368421053,0.0,0.014473684210526316,0.0,0.01842105263157895,0.0,0.0,0.018256578947368422,0.0003289473684210526,0.27796052631578944,0.0,0.0,0.0,0.0,0.0,0.0008223684210526315,0.0,0.0,0.0,0.006414473684210526,0.0014802631578947369,0.0,0.0,0.0001644736842105263,0.0003289473684210526,0.0,0.012499999999999999,0.0,0.002302631578947368
ob_ross-BD0057v13,0.0,0.0046313223644119435,0.0,0.02254722730042657,0.015600243753808654,0.0,0.0015843997562461913,0.08787324801950032,0.014503351614868983,0.0002437538086532602,0.0,0.008165752589884216,0.007068860450944546,0.08811700182815356,0.0,0.0,0.0001218769043266301,0.0,0.0001218769043266301,0.0007312614259597807,0.0001218769043266301,0.0,0.0,0.0004875076173065204,0.0,0.015234613040828762,0.0,0.0002437538086532602,0.0,0.0004875076173065204,0.0004875076173065204,0.0045094454600853135,0.0,0.0,0.0,0.0,0.001462522851919561,0.010968921389396709,0.0,0.00048750761730652044,0.12224253503961001,0.0001218769043266301,0.0,0.0,0.0,0.01316270566727605,0.0,0.0032906764168190127,0.0001218769043266301,0.0001218769043266301,0.0,0.018403412553321147,0.0,0.0,0.0,0.0,0.0001218769043266301,0.0,0.0018281535648994515,0.0,0.0,0.00036563071297989033,0.0006093845216331506,0.0010968921389396709,0.0,0.04948202315661183,0.0001218769043266301,0.006946983546617916,0.0006093845216331506,0.0008531383302864108,0.005362583790371724,0.0001218769043266301,0.19488117001828156,0.0,0.0,0.002803168799512492,0.0,0.0,0.00036563071297989033,0.0,0.003534430225472273,0.0001218769043266301,0.0048750761730652035,0.017184643510054845,0.007800121876904326,0.0002437538086532602,0.0,0.0,0.0,0.02437538086532602,0.0,0.001462522851919561
ob_ross-BD0115v13,0.0,0.01047401638243588,0.0,0.1005774137236471,0.002148516181012488,0.0,0.0,0.04941587216328723,0.0,0.0,0.0,0.0009399758291929637,0.005774137236471062,0.030213508795488116,0.0,0.0,0.0,0.0,0.0,0.009265476030616355,0.0028199274875788907,0.0,0.0,0.003357056532832013,0.0,0.0034913387941452934,0.0,0.0001342822613132805,0.0,0.003088492010205452,0.0001342822613132805,0.00040284678393984153,0.0014771048744460858,0.0,0.0,0.0008056935678796831,0.0,0.005908419497784343,0.0,0.0014771048744460858,0.0572042433194575,0.0008056935678796831,0.0013428226131328052,0.0,0.0,0.0,0.0,0.0,0.0,0.0,0.0,0.01853095206123271,0.0,0.0,0.0,0.0,0.002148516181012488,0.0,0.000268564522626561,0.0,0.000268564522626561,0.0,0.0,0.0009399758291929634,0.0,0.005774137236471062,0.0,0.01772525849335303,0.0,0.000268564522626561,0.0064455485430374646,0.0001342822613132805,0.10930576070901035,0.0,0.0001342822613132805,0.003357056532832013,0.000537129045253122,0.0001342822613132805,0.0001342822613132805,0.00255136296495233,0.0,0.0,0.013696790653954613,0.02269370216194441,0.0,0.0001342822613132805,0.0,0.0006714113065664026,0.0,0.0028199274875788903,0.0001342822613132805,0.00040284678393984153
ob_ross-BD0190v13,0.0,0.00019238168526356292,0.0,0.007695267410542516,0.00038476337052712584,0.0,0.0015390534821085034,0.08868795690650248,0.37668333974605617,0.00019238168526356292,0.0,0.0,0.007502885725278952,0.05732974220854175,0.0,0.0,0.00038476337052712584,0.0,0.0,0.03193535975375144,0.0,0.0,0.0,0.0017314351673720662,0.0,0.025202000769526736,0.0005771450557906887,0.00038476337052712584,0.01385148133897653,0.0,0.031550596383224314,0.004809542131589073,0.0011542901115813775,0.0,0.006733358984224702,0.0,0.0011542901115813775,0.00596383224317045,0.0,0.0009619084263178145,0.02250865717583686,0.0007695267410542517,0.0,0.0,0.0,0.0,0.0,0.005001923816852636,0.00019238168526356292,0.0,0.0,0.006156213928434013,0.0,0.00019238168526356292,0.00327048864948057,0.0,0.0,0.0,0.017506733358984224,0.0,0.0,0.0,0.0,0.0005771450557906887,0.0,0.004809542131589073,0.0005771450557906887,0.0015390534821085034,0.0007695267410542517,0.00038476337052712584,0.0036552520200076955,0.00019238168526356292,0.029434397845325127,0.0,0.0,0.0357829934590227,0.00019238168526356292,0.00019238168526356292,0.00019238168526356292,0.0,0.009619084263178146,0.0,0.004040015390534821,0.0028857252789534437,0.00019238168526356292,0.002116198537899192,0.00019238168526356292,0.0028857252789534437,0.0,0.00038476337052712584,0.0,0.002308580223162755
ob_ross-BD0072v13,0.0,0.0008566533409480297,0.0,0.0012849800114220445,0.003997715591090805,0.0,0.0007138777841233581,0.00042832667047401483,0.0,0.0,0.0,0.0,0.00028555111364934324,0.011850371216447744,0.0,0.0,0.0,0.0,0.0,0.0,0.0,0.0,0.0,0.0,0.0,0.02298686464877213,0.0,0.0,0.0,0.0,0.0004283266704740149,0.05468303826384923,0.0,0.0,0.0,0.34466019417475724,0.003712164477441462,0.014134780125642489,0.0,0.03340948029697316,0.06596230725299829,0.00014277555682467162,0.0,0.0,0.0,0.0,0.0,0.0,0.0005711022272986865,0.0,0.0,0.00014277555682467162,0.0,0.0,0.0,0.0,0.0,0.0,0.0034266133637921186,0.0,0.0,0.0,0.0,0.0,0.0,0.008423757852655627,0.0028555111364934323,0.0,0.0,0.0,0.008709308966304969,0.0,0.35593946316390634,0.0,0.02198743575099943,0.0,0.0,0.0,0.0,0.0,0.0,0.0,0.0,0.0012849800114220445,0.0,0.0,0.0,0.0018560822387207311,0.0,0.00014277555682467162,0.019560251284980013,0.0
ob_ross-BD0112v13,0.0,0.0008116883116883116,0.0,0.01204004329004329,0.008387445887445888,0.0,0.0,0.17640692640692643,0.0,0.0,0.00013528138528138528,0.0,0.0031114718614718615,0.08901515151515152,0.0,0.14028679653679654,0.0,0.0,0.0,0.025974025974025976,0.0,0.0,0.0,0.00040584415584415587,0.0,0.03152056277056277,0.0,0.0006764069264069264,0.0,0.0,0.0005411255411255411,0.0035173160173160175,0.0025703463203463205,0.0,0.004329004329004329,0.0,0.00027056277056277056,0.0010822510822510823,0.0,0.002029220779220779,0.011769480519480518,0.003111471861471862,0.0,0.0,0.002435064935064935,0.0,0.0,0.0,0.00027056277056277056,0.0,0.0,0.0006764069264069265,0.0,0.0,0.0,0.0,0.0,0.0,0.0035173160173160175,0.0,0.0,0.0,0.0,0.0,0.0,0.006628787878787878,0.0016233766233766235,0.0,0.0,0.0,0.0025703463203463205,0.0,0.3668831168831169,0.0,0.019074675324675324,0.0,0.0,0.0,0.0,0.0,0.0006764069264069265,0.0,0.003787878787878788,0.0,0.0,0.0008116883116883117,0.00027056277056277056,0.0010822510822510823,0.0,0.008658008658008658,0.0,0.0
ob_ross-BD0246v13,0.0,0.0,0.0,0.06495589414595028,0.0002673082063619353,0.0,0.0,0.07030205827318899,0.0,0.0,0.0002673082063619353,0.0010692328254477412,0.00400962309542903,0.00855386260358193,0.0,0.0,0.0,0.0010692328254477412,0.0008019246190858059,0.0005346164127238706,0.0002673082063619353,0.0,0.0,0.0037423148890670943,0.0,0.006950013365410318,0.0,0.0032076984763432237,0.0,0.0,0.0016038492381716118,0.0045442395081529,0.004276931301790965,0.0,0.0016038492381716118,0.0,0.0,0.009355787222667736,0.03715584068430901,0.005346164127238706,0.05693664795509222,0.0008019246190858059,0.0,0.0,0.0,0.006415396952686447,0.0,0.0,0.0002673082063619353,0.0,0.0,0.011761561079925154,0.0002673082063619353,0.0002673082063619353,0.0,0.0,0.0018711574445335472,0.0,0.0056134723336006415,0.0,0.0,0.0,0.0,0.010692328254477412,0.0,0.023790430366212242,0.0,0.02967121090617482,0.0,0.0090884790163058,0.003475006682705159,0.0,0.1542368350708367,0.0,0.0,0.0032076984763432237,0.0,0.0,0.0,0.0,0.0,0.0,0.00801924619085806,0.0037423148890670943,0.0,0.0,0.0,0.0005346164127238706,0.0,0.06843090082865544,0.0,0.0013365410318096765
ob_ross-BD0247v13,0.0,0.0002423654871546292,0.0,0.022055259331071254,0.025690741638390694,0.0,0.0,0.1095492001938924,0.0,0.0,0.0,0.0,0.00290838584585555,0.15317498788172565,0.0,0.0,0.0,0.0,0.0,0.0,0.0,0.0,0.0,0.002666020358700921,0.0,0.019146873485215703,0.0,0.0002423654871546292,0.0,0.0,0.0,0.0004847309743092584,0.0007270964614638875,0.0,0.0,0.0,0.003635482307319438,0.01890450799806108,0.0,0.00290838584585555,0.012360639844886088,0.0002423654871546292,0.0,0.0,0.007755695588948134,0.0,0.0,0.0,0.0024236548715462916,0.0,0.0,0.023751817741153657,0.0,0.0,0.0,0.0,0.0,0.0,0.0012118274357731458,0.0,0.0,0.0002423654871546292,0.0,0.0,0.0,0.015511391177896268,0.0,0.021570528356762,0.0,0.0,0.01187590887057683,0.0,0.34997576345128456,0.0,0.0,0.005574406204556471,0.0,0.0002423654871546292,0.0002423654871546292,0.0,0.00872515753756665,0.0,0.013087736306349976,0.0036354823073194375,0.0,0.0,0.0002423654871546292,0.0002423654871546292,0.0,0.017207949587978673,0.0,0.0
ob_ross-BD0266v13,0.0,0.0035231116121758736,0.0,0.022406989853438558,0.01930665163472379,0.0,0.00803269447576099,0.1295095828635851,0.0,0.0,0.0,0.0,0.0033821871476888386,0.04509582863585118,0.0,0.0,0.00014092446448703494,0.0002818489289740699,0.0,0.0,0.0,0.0,0.0,0.0,0.0,0.07088500563697857,0.0,0.00014092446448703494,0.0,0.0,0.011555806087936866,0.001972942502818489,0.0,0.0,0.0,0.0,0.002536640360766629,0.007046223224351747,0.0,0.032130777903043965,0.05665163472378804,0.0002818489289740699,0.0,0.0,0.0,0.0,0.0,0.0,0.0,0.0,0.0,0.0036640360766629085,0.0,0.0,0.00014092446448703494,0.0,0.0,0.0,0.002959413754227734,0.0,0.0,0.0,0.0,0.00014092446448703494,0.0,0.04932356257046223,0.0,0.00972378804960541,0.0,0.00014092446448703494,0.008173618940248028,0.0,0.43531567080045097,0.0,0.005496054114994363,0.0,0.00014092446448703494,0.0,0.0,0.0,0.0018320180383314543,0.0,0.007328072153325817,0.002818489289740699,0.0,0.0,0.0002818489289740699,0.00014092446448703494,0.0,0.0011273957158962795,0.0,0.00042277339346110483
ob_ross-BD0235v13,0.0,0.0002151462994836489,0.0,0.027538726333907058,0.006669535283993115,0.0,0.0010757314974182445,0.0933734939759036,0.0,0.0,0.0,0.0008605851979345956,0.0012908777969018934,0.009251290877796902,0.0,0.0,0.0,0.0,0.0017211703958691911,0.02495697074010327,0.0004302925989672978,0.0,0.0,0.0,0.0,0.047977624784853706,0.0,0.0002151462994836489,0.0,0.0,0.0006454388984509467,0.0070998278829604135,0.010111876075731498,0.0,0.0,0.0,0.0,0.0068846815834767644,0.0,0.006239242685025818,0.016351118760757316,0.002151462994836489,0.0,0.0,0.0017211703958691911,0.0,0.0,0.0,0.0010757314974182443,0.0,0.0,0.014199655765920827,0.0,0.0002151462994836489,0.00580895008605852,0.0,0.0002151462994836489,0.0002151462994836489,0.0004302925989672978,0.0,0.0,0.0,0.0,0.0006454388984509467,0.0,0.009251290877796902,0.0015060240963855422,0.03700516351118761,0.0,0.0,0.008390705679862307,0.0,0.19578313253012047,0.0,0.0,0.0,0.0,0.010542168674698794,0.0,0.0,0.004302925989672978,0.0,0.01914802065404475,0.0010757314974182443,0.0,0.0,0.0,0.004302925989672977,0.0,0.10864888123924268,0.0,0.006024096385542169
ob_ross-BD0295v13,0.0,0.0070629782224838145,0.0,0.02236609770453208,0.0005885815185403178,0.004904845987835982,0.0005885815185403178,0.11261526388071416,0.2636845203060624,0.0,0.0,0.004316264469295664,0.007847753580537572,0.006474396703943496,0.0,0.0,0.0,0.0,0.00019619383951343929,0.0,0.00039238767902687857,0.0,0.001373356876594075,0.0,0.0,0.015106925642534824,0.0,0.00039238767902687857,0.001373356876594075,0.00039238767902687857,0.0011771630370806356,0.009024916617618207,0.0,0.0011771630370806356,0.00019619383951343929,0.0,0.0007847753580537571,0.00824014125956445,0.00019619383951343929,0.0037276829507553464,0.13066509711595056,0.00039238767902687857,0.0,0.0,0.0,0.0,0.0,0.0,0.00019619383951343929,0.0,0.0,0.01942319011183049,0.0,0.0,0.00019619383951343929,0.00019619383951343929,0.0,0.0,0.0015695507161075143,0.0,0.00019619383951343929,0.0,0.0,0.004120070629782225,0.0,0.047086521483225424,0.00039238767902687857,0.0025505199136747108,0.0,0.0005885815185403178,0.007062978222483814,0.00019619383951343929,0.025505199136747106,0.0,0.00019619383951343929,0.010005885815185403,0.00039238767902687857,0.0,0.0,0.0,0.0019619383951343925,0.00019619383951343929,0.009417304296645087,0.0033352952717284677,0.0,0.003923876790268786,0.00019619383951343929,0.0,0.0,0.004708652148322542,0.0,0.0013733568765940752
ob_ross-BD0255v13,0.0003502626970227671,0.009807355516637478,0.0,0.0457092819614711,0.0,0.0,0.005078809106830123,0.11120840630472854,0.22924693520140105,0.0,0.0,0.0,0.005253940455341506,0.06182136602451839,0.0,0.0,0.0,0.0,0.0,0.02749562171628722,0.0,0.0,0.0,0.002626970227670753,0.0,0.04833625218914186,0.0,0.00017513134851138354,0.001576182136602452,0.0,0.06812609457092819,0.00893169877408056,0.0021015761821366026,0.0,0.0015761821366024518,0.0,0.0008756567425569177,0.005604203152364273,0.0,0.0,0.040630472854640984,0.00017513134851138354,0.0,0.0,0.0,0.0,0.0,0.008056042031523642,0.0,0.0,0.0,0.006654991243432574,0.0,0.0,0.00017513134851138354,0.00017513134851138354,0.0,0.0,0.0008756567425569177,0.0,0.00017513134851138354,0.0,0.0,0.005604203152364273,0.0,0.01138353765323993,0.0003502626970227671,0.0070052539404553416,0.0005253940455341507,0.0024518388791593695,0.008406304728546409,0.0,0.07723292469352014,0.0,0.0003502626970227671,0.014185639229422065,0.0015761821366024518,0.0,0.00017513134851138354,0.0,0.002276707530647986,0.0,0.011033274956217162,0.00788091068301226,0.0,0.0010507880910683013,0.0003502626970227671,0.0024518388791593695,0.0,0.001225919439579685,0.0,0.002276707530647986
ob_ross-BD0300v13,0.02667940614434808,0.00044098191974129057,0.021240629134205498,0.015213876231074525,7.349698662354843e-05,0.0,0.0014699397324709686,0.0534323092753197,0.0,0.0,0.0,0.0,0.00801117154196678,0.023445538732911952,0.001690430692341614,0.0,0.0002204909598706453,0.0,0.0,0.004850801117154197,0.0,0.01499338527120388,0.0,0.0013964427458474202,0.001543436719094517,0.014331912391591945,0.018006761722769368,7.349698662354843e-05,0.0,0.0,0.05967955313832133,0.003233867411436131,0.027340879023960016,0.0,0.0,0.0,0.000514478906364839,0.007717183595472585,0.0,0.0,0.014111421431721298,0.0002204909598706453,0.0,0.0,0.0021314126120829044,0.0,0.008231662501837425,0.0,0.0,0.0,0.0305012494487726,0.011686020873144201,0.00014699397324709687,0.0,0.00014699397324709687,0.2054975745994414,0.0,0.0,7.349698662354843e-05,0.005365280023519036,0.0,0.0,0.0,7.349698662354843e-05,0.0021314126120829044,0.009554608261061297,7.349698662354843e-05,0.03130971630163164,0.00029398794649419373,0.0,0.014772894311333235,0.0,0.22423930618844629,0.0,7.349698662354843e-05,0.01697780391003969,0.0031603704248125827,0.0008819638394825813,7.349698662354843e-05,0.0,0.0006614728796119359,7.349698662354843e-05,0.0058797589298838744,0.0016904306923416139,0.00036748493311774215,0.0011024547993532265,0.00029398794649419373,0.0024254005585770985,0.004556813170660003,0.0036013523445538732,0.0,7.349698662354843e-05
ob_ross-BD0313v13,0.0,0.0017814726840855108,0.0,0.0,0.0,0.0,0.0,0.3978622327790974,0.3859857482185273,0.0,0.0,0.0,0.0023752969121140144,0.005344418052256532,0.0,0.0,0.0,0.0,0.0,0.047505938242280284,0.0,0.0,0.0005938242280285036,0.0,0.0,0.0011876484560570072,0.0,0.0,0.0,0.0,0.0,0.019596199524940617,0.0005938242280285036,0.0,0.0,0.0,0.0,0.012470308788598575,0.0,0.0011876484560570072,0.0172209026128266,0.0017814726840855108,0.0,0.0,0.0,0.0,0.0,0.03681710213776722,0.0017814726840855108,0.0,0.0,0.0017814726840855108,0.0005938242280285036,0.0,0.0,0.0,0.0,0.0,0.0005938242280285036,0.0,0.0,0.0,0.0,0.0,0.0,0.010688836104513065,0.0023752969121140144,0.0005938242280285036,0.0,0.0,0.0029691211401425177,0.0,0.007719714964370547,0.0,0.0023752969121140144,0.0,0.0,0.0,0.0,0.0,0.0,0.0,0.007125890736342043,0.0,0.0,0.0,0.0,0.0,0.0,0.0,0.0,0.0005938242280285036
ob_ross-BD0331v13,0.0,0.0,0.0,0.0,0.0,0.0,0.03593984962406015,0.0081203007518797,0.0,0.0,0.0,0.0,0.0,0.0003007518796992481,0.0,0.0,0.0,0.0,0.0,0.0,0.0,0.0,0.0,0.0,0.0,0.004962406015037594,0.00015037593984962405,0.0,0.0,0.0,0.01368421052631579,0.0015037593984962407,0.0007518796992481203,0.0,0.0,0.0,0.0,0.01548872180451128,0.0,0.0,0.12646616541353384,0.0015037593984962405,0.0,0.0,0.0,0.0,0.0,0.0,0.0,0.0,0.0,0.0,0.0,0.0,0.0007518796992481202,0.0,0.0,0.0,0.002255639097744361,0.0,0.0,0.0,0.0,0.0,0.0,0.004210526315789474,0.0,0.0,0.0,0.0,0.06300751879699248,0.0,0.6389473684210527,0.0,0.0,0.0637593984962406,0.0010526315789473684,0.0004511278195488722,0.0,0.0,0.0,0.00015037593984962405,0.0,0.0,0.0,0.0,0.00015037593984962405,0.0,0.0,0.0,0.0,0.0
ob_ross-BD0318v13,0.0006882312456985547,0.0006882312456985547,0.0,0.006194081211286992,0.0006882312456985547,0.0,0.0,0.06675843083275981,0.24501032346868545,0.0,0.0,0.0,0.015829318651066758,0.09084652443220922,0.0,0.0,0.0,0.0,0.0,0.0020646937370956643,0.0,0.0,0.0,0.0,0.0,0.0013764624913971094,0.0,0.0020646937370956643,0.0,0.0,0.0034411562284927736,0.01169993117687543,0.0,0.0,0.0,0.0,0.0006882312456985547,0.014452856159669649,0.0,0.0,0.04129387474191328,0.0006882312456985547,0.0,0.0,0.0,0.0,0.0,0.06331727460426703,0.0013764624913971094,0.0,0.0,0.0929112181693049,0.0,0.0,0.0,0.0,0.0,0.0,0.0020646937370956643,0.0,0.0013764624913971094,0.0,0.0,0.0,0.0,0.05437026841018582,0.0,0.0041293874741913286,0.0,0.0,0.0034411562284927736,0.0,0.004817618719889883,0.0,0.0006882312456985547,0.013076393668272538,0.0,0.0,0.0,0.0,0.0,0.0,0.0006882312456985547,0.0006882312456985547,0.0,0.0006882312456985547,0.0,0.0006882312456985547,0.0,0.016517549896765314,0.0,0.0006882312456985547
ob_ross-BD0321v13,0.0,0.0,0.0,0.0034170854271356787,0.01185929648241206,0.023517587939698492,0.0018090452261306533,0.1885427135678392,0.00020100502512562814,0.0,0.0,0.0,0.00542713567839196,0.09165829145728643,0.0,0.0,0.0,0.0,0.0004020100502512563,0.0,0.0,0.0,0.0,0.0016080402010050252,0.0,0.045025125628140705,0.0004020100502512563,0.0,0.0,0.0,0.003015075376884422,0.0022110552763819095,0.0004020100502512563,0.0,0.0,0.0,0.0,0.02592964824120603,0.0,0.0016080402010050254,0.026331658291457286,0.0008040201005025126,0.0,0.0,0.0,0.0,0.0,0.023517587939698492,0.0,0.0,0.0,0.004020100502512563,0.0,0.0,0.0,0.0,0.0,0.0,0.0010050251256281408,0.0,0.00020100502512562814,0.0,0.0,0.0,0.0,0.18110552763819093,0.00020100502512562814,0.0,0.0,0.0,0.002814070351758794,0.0,0.1505527638190955,0.0,0.00020100502512562814,0.0,0.0,0.0006030150753768845,0.0,0.0,0.002412060301507538,0.00020100502512562814,0.009246231155778894,0.0004020100502512563,0.0010050251256281408,0.0020100502512562816,0.0,0.07819095477386935,0.0,0.009246231155778894,0.0,0.0
ob_ross-BD0351v13,0.0,0.0,0.0,0.011930352536543423,0.00021496130696474635,0.0,0.0004299226139294927,0.0264402407566638,0.00010748065348237318,0.0,0.0,0.0,0.005588993981083405,0.13327601031814273,0.0,0.0,0.0,0.0,0.0,0.02633276010318143,0.0,0.0,0.0,0.0,0.0,0.039230438521066203,0.00032244196044711954,0.0007523645743766122,0.0,0.0,0.003976784178847807,0.007093723129836629,0.0033319002579535683,0.0,0.0,0.00032244196044711954,0.0,0.009243336199484092,0.0,0.00032244196044711954,0.06943250214961307,0.0,0.0,0.0,0.05019346517626827,0.0,0.0,0.0,0.0,0.0,0.0,0.006878761822871883,0.0,0.0,0.0,0.0,0.0,0.0,0.00010748065348237318,0.0,0.00010748065348237318,0.0,0.0,0.0013972484952708513,0.0,0.011392949269131557,0.0005374032674118659,0.06276870163370593,0.0,0.0,0.02891229578675838,0.0,0.2852536543422184,0.0,0.09028374892519347,0.0,0.00010748065348237318,0.0,0.0,0.0,0.00021496130696474635,0.0,0.005159071367153913,0.0,0.0,0.0010748065348237317,0.00021496130696474635,0.00032244196044711954,0.0,0.019024075666380053,0.0,0.0
ob_ross-BD0409v13,0.0,0.0004923682914820286,0.0,0.010832102412604629,0.0014771048744460858,0.0,0.0,0.08764155588380108,0.008370260955194487,0.0,0.0,0.0,0.017232890201871,0.04185130477597242,0.0,0.0,0.0,0.0,0.0,0.03348104382077794,0.0,0.0,0.0,0.0,0.0,0.002461841457410143,0.0,0.0004923682914820286,0.0,0.0,0.002461841457410143,0.025603151157065487,0.0,0.002461841457410143,0.0,0.0,0.007877892663712457,0.011816838995568686,0.0,0.0,0.08567208271787297,0.0009847365829640572,0.0,0.0,0.014278680452978828,0.0,0.0,0.025110782865583457,0.0014771048744460858,0.0,0.0,0.061053668143771535,0.0,0.0,0.0,0.0,0.0,0.0,0.0009847365829640572,0.0,0.0,0.0004923682914820286,0.0,0.0014771048744460858,0.0,0.030034465780403738,0.0,0.0029542097488921715,0.0014771048744460858,0.0009847365829640572,0.018217626784835055,0.0019694731659281144,0.11176760216642048,0.0,0.0014771048744460858,0.0004923682914820286,0.0029542097488921715,0.0,0.0,0.0,0.0009847365829640572,0.0,0.004923682914820286,0.004923682914820286,0.0,0.0014771048744460858,0.0004923682914820286,0.0,0.0,0.008862629246676515,0.0,0.0014771048744460858
ob_ross-BD0410v13,0.0,0.0013386880856760374,0.0,0.012048192771084338,0.0,0.0,0.002231146809460062,0.1967871485943775,0.19366354306113343,0.0,0.0,0.0,0.011601963409192326,0.007585899152164213,0.0,0.0,0.0004462293618920125,0.0,0.0,0.06336456938866578,0.0004462293618920125,0.0,0.0,0.0,0.0,0.016956715751896473,0.0,0.0,0.0,0.0,0.0049085229808121375,0.0071396697902722,0.0004462293618920125,0.0004462293618920125,0.0,0.0,0.0004462293618920125,0.013386880856760373,0.0,0.005800981704596162,0.014725568942436412,0.000892458723784025,0.0,0.0,0.007585899152164213,0.0,0.0,0.0,0.0004462293618920125,0.0,0.0,0.010709504685408301,0.0,0.0,0.0,0.0,0.0,0.0,0.0,0.0,0.0,0.0,0.0,0.0031236055332440876,0.0,0.029451137884872823,0.0004462293618920125,0.01249442213297635,0.0,0.0,0.00178491744756805,0.00178491744756805,0.14814814814814814,0.0,0.006693440428380187,0.0004462293618920125,0.013386880856760375,0.0004462293618920125,0.0,0.0,0.0031236055332440876,0.0,0.015618027666220438,0.002677376171352075,0.0,0.000892458723784025,0.0,0.0,0.0,0.0,0.0004462293618920125,0.0
ob_ross-BD0375v13,0.0,0.0028477546549835705,0.0,0.006790799561883899,0.009200438116100766,0.0,0.0013143483023001095,0.16188389923329685,0.4411829134720701,0.0,0.0,0.0,0.00416210295728368,0.048192771084337345,0.0,0.0,0.0,0.0,0.0,0.036801752464403065,0.0,0.0,0.0,0.0,0.0,0.0203723986856517,0.0,0.0,0.0,0.0002190580503833516,0.0013143483023001095,0.006352683461117196,0.0006571741511500548,0.0,0.0,0.002628696604600219,0.0019715224534501644,0.004381161007667032,0.0,0.01226725082146769,0.018181818181818184,0.0004381161007667032,0.0,0.0,0.0030668127053669223,0.0,0.0,0.0,0.006790799561883899,0.0,0.0,0.0015334063526834612,0.0,0.0,0.0,0.0,0.0,0.0,0.00416210295728368,0.0,0.0,0.0,0.0,0.0019715224534501644,0.0,0.013362541073384446,0.0,0.0,0.0,0.0,0.00832420591456736,0.0,0.104052573932092,0.0,0.002628696604600219,0.01905805038335159,0.0,0.0,0.0004381161007667032,0.0,0.0,0.0,0.002628696604600219,0.0,0.0,0.0,0.0,0.0004381161007667032,0.0,0.007667031763417305,0.0,0.0
ob_ross-BD0414v13,0.0,0.006066568289883587,0.0,0.002295458271847844,0.040498442367601244,0.0,0.0,0.06443679291687161,0.0323003771110018,0.0,0.0,0.0,0.005082800459091655,0.02902115100836203,0.0,0.0,0.0003279226102639777,0.0,0.0008198065256599442,0.006066568289883587,0.00016396130513198886,0.0,0.0,0.0,0.0,0.0072142974258075105,0.0,0.0,0.0,0.0016396130513198885,0.0,0.010493523528447287,0.0,0.000983767830791933,0.0,0.0,0.0029513034923757996,0.006886374815543531,0.0,0.00016396130513198886,0.16756845384489263,0.00016396130513198886,0.0,0.0,0.0,0.0014756517461878996,0.0,0.04230201672405312,0.00016396130513198886,0.0,0.0,0.05574684374487621,0.0,0.0,0.0,0.0,0.00016396130513198886,0.0,0.0027873421872438102,0.0,0.0,0.0,0.0,0.0008198065256599442,0.0,0.01574028529267093,0.0004918839153959665,0.00016396130513198886,0.0,0.023610427939006393,0.0013116904410559109,0.0,0.018855550090178717,0.0,0.0,0.003443187407771766,0.0,0.0,0.00016396130513198886,0.0,0.0,0.0,0.00573864567961961,0.002295458271847844,0.0,0.0008198065256599442,0.0,0.0,0.0,0.004918839153959666,0.0,0.00016396130513198886
ob_ross-BD0422v13,0.0,0.0,0.0,0.06449210604706583,0.053619302949061656,0.0,0.0002978850163836759,0.11855823652070299,0.0,0.0,0.0,0.0,0.010574918081620494,0.1373249925528746,0.0,0.0,0.0,0.0,0.0,0.0,0.0,0.0,0.0,0.0,0.0,0.028150134048257374,0.0002978850163836759,0.0005957700327673518,0.0,0.0,0.00014894250819183795,0.004617217753946977,0.0,0.0,0.0,0.0019362526064938934,0.004766160262138814,0.008936550491510277,0.0,0.006404527852249032,0.026362823949955316,0.00044682752457551384,0.0,0.0,0.0038725052129877867,0.0,0.0,0.0,0.0002978850163836759,0.0,0.0,0.0016383675901102176,0.0,0.0,0.0,0.0,0.0,0.0,0.003276735180220435,0.0,0.0,0.0,0.0,0.0,0.0,0.010574918081620496,0.0010425975573428656,0.00014894250819183795,0.0,0.0,0.004915102770330652,0.00014894250819183795,0.3902293714626154,0.0,0.00014894250819183795,0.005510872803098004,0.0,0.0002978850163836759,0.00014894250819183795,0.0,0.00580875781948168,0.0,0.0014894250819183796,0.01593684837652666,0.0,0.0016383675901102174,0.0,0.0,0.0,0.0019362526064938934,0.0,0.0014894250819183796
ob_ross-BD0464v13,0.0,0.0,0.0,0.014882462371046845,0.11449348892271266,0.0,0.0005073566717402334,0.005750042279722645,0.0,0.011161846778285134,0.0,0.0,0.0011838322340605445,0.011669203450025367,0.0,0.0,0.0,0.0008455944529003889,0.0,0.00033823778116015557,0.0,0.0,0.0,0.016404532386267545,0.0,0.0025367833587011668,0.0010147133434804667,0.00016911889058007779,0.0,0.0,0.0013529511246406223,0.0074412311855234226,0.0060882800608828,0.0,0.0,0.012345679012345678,0.010485371215964823,0.04177236597327921,0.0,0.04447826822256046,0.05259597497040419,0.0,0.0,0.0,0.013360392355826145,0.0,0.0,0.0,0.0,0.0,0.0,0.0,0.0,0.0,0.0,0.0,0.0,0.0,0.024691358024691357,0.0,0.0,0.0,0.0,0.0028750211398613224,0.0,0.0025367833587011668,0.0,0.028581092508033146,0.0,0.0,0.01758836462032809,0.00016911889058007779,0.3997970573313039,0.0167427701674277,0.026213428039912057,0.0,0.0,0.0050735667174023336,0.0,0.0,0.0,0.0,0.0018603077963808556,0.0,0.0,0.00016911889058007779,0.0,0.0,0.0,0.0,0.0,0.0033823778116015557
ob_ross-BD0468v13,0.0,0.0,0.0,0.0,0.0382089552238806,0.0,0.00417910447761194,0.2728358208955224,0.32358208955223877,0.0,0.0,0.0,0.0,0.035820895522388055,0.0,0.0,0.0,0.0,0.0,0.0,0.0,0.0,0.0,0.0,0.0,0.001791044776119403,0.0,0.0,0.0,0.0,0.0029850746268656717,0.00835820895522388,0.0,0.0,0.0,0.0,0.001791044776119403,0.015522388059701492,0.0,0.017313432835820895,0.04716417910447761,0.001791044776119403,0.0,0.0,0.0,0.0,0.0,0.0,0.004776119402985075,0.0,0.0,0.014925373134328358,0.0,0.0,0.0,0.0,0.0,0.0,0.0191044776119403,0.0,0.0,0.0,0.0,0.0,0.0,0.01373134328358209,0.0,0.0,0.0,0.0,0.00835820895522388,0.0,0.08656716417910448,0.0,0.0,0.0,0.0,0.0,0.0,0.0,0.0,0.0,0.005373134328358209,0.0,0.0,0.0,0.0,0.023283582089552238,0.0,0.0029850746268656717,0.0,0.0
ob_ross-BD0436v13,0.0,0.0,0.0,0.0,0.04357459379615953,0.0,0.19276218611521417,0.0007385524372230429,0.7001477104874445,0.0,0.0,0.0,0.0,0.0,0.0,0.0,0.0,0.0,0.0,0.0,0.0,0.0,0.0,0.0,0.0,0.0,0.0,0.0,0.0,0.0,0.0103397341211226,0.0,0.0,0.0,0.0,0.0,0.0,0.0014771048744460858,0.0,0.0,0.005169867060561301,0.0,0.0,0.0,0.0,0.0,0.0,0.0,0.0051698670605613,0.0,0.0,0.0,0.0,0.0,0.0,0.0,0.0,0.0,0.0,0.0,0.0,0.0,0.0,0.0,0.0,0.0014771048744460858,0.0,0.0,0.0,0.0,0.0007385524372230429,0.0,0.0036927621861152144,0.0,0.029542097488921712,0.0,0.0,0.0,0.0,0.0,0.0,0.0051698670605613,0.0,0.0,0.0,0.0,0.0,0.0,0.0,0.0,0.0,0.0
ob_ross-BD0553v13,0.0,0.16869192280200143,0.0,0.020014295925661188,0.0007147962830593281,0.0,0.0,0.17655468191565402,0.35596854896354535,0.0,0.0,0.0,0.0,0.0028591851322373124,0.0,0.0,0.0,0.0,0.0007147962830593281,0.08791994281629735,0.0,0.0,0.0007147962830593281,0.0014295925661186562,0.0,0.0021443888491779846,0.0,0.0,0.0,0.0007147962830593281,0.0007147962830593281,0.0035739814152966403,0.0007147962830593281,0.0007147962830593281,0.0,0.0,0.0,0.0028591851322373124,0.0,0.0,0.0014295925661186562,0.0007147962830593281,0.0,0.0,0.005003573981415297,0.0,0.0,0.01501072194424589,0.005718370264474625,0.0,0.0,0.020729092208720514,0.0,0.0,0.0007147962830593281,0.0,0.0,0.0,0.005003573981415297,0.0,0.0,0.0,0.0,0.0007147962830593281,0.0,0.0014295925661186562,0.0,0.0007147962830593281,0.0007147962830593281,0.0,0.0,0.0,0.015725518227305217,0.0,0.0,0.0,0.0,0.0,0.0,0.0,0.0,0.0,0.017869907076483203,0.0,0.0,0.017155110793423873,0.0007147962830593281,0.0,0.0,0.005003573981415297,0.0,0.0
ob_ross-BD0552v13,0.0,0.0,0.0,0.0,0.026686807653575024,0.0,0.0,0.0,0.0025176233635448137,0.0,0.0,0.0,0.0005035246727089627,0.21450151057401812,0.0,0.0,0.0,0.0,0.0,0.0,0.0,0.0,0.0,0.0,0.0,0.019133937562940587,0.0,0.0,0.0,0.0,0.0005035246727089627,0.0025176233635448137,0.0010070493454179255,0.0,0.0,0.0,0.0,0.007049345417925479,0.0,0.0,0.06092648539778449,0.0,0.0,0.0,0.02014098690835851,0.0,0.0,0.0,0.002014098690835851,0.0,0.0,0.00906344410876133,0.0,0.0,0.0,0.0,0.0,0.0,0.0005035246727089627,0.0,0.0,0.0,0.0,0.0025176233635448137,0.0,0.005035246727089627,0.0,0.0,0.0,0.0,0.05740181268882175,0.0,0.4446122860020141,0.0,0.0,0.0030211480362537764,0.0,0.0,0.0,0.0,0.0005035246727089627,0.0,0.0,0.0,0.0,0.0005035246727089627,0.0005035246727089627,0.008559919436052367,0.0,0.0,0.0,0.0
ob_ross-BD0571v13,0.0,0.0,0.0,0.01140307387208726,0.06147744174516609,0.0,0.0074367873078829945,0.28606841844323244,0.2478929102627665,0.0004957858205255329,0.0,0.0,0.0,0.0,0.0,0.0,0.0,0.0,0.0,0.0019831432821021317,0.0,0.0,0.0,0.0,0.0,0.0,0.0,0.0,0.0,0.0,0.005949429846306396,0.0,0.0,0.0,0.0,0.0,0.0,0.014873574615765989,0.0,0.002974714923153198,0.012890431333663858,0.00991571641051066,0.0,0.0,0.027764005949429845,0.0,0.0,0.0,0.0009915716410510659,0.0,0.0,0.021318790282597918,0.0,0.0,0.0,0.0,0.0,0.0,0.0,0.0,0.0004957858205255329,0.0,0.0,0.0,0.0,0.001487357461576599,0.0,0.010411502231036191,0.0,0.0,0.025780862667327716,0.0,0.1517104610808131,0.0,0.0,0.0024789291026276646,0.002974714923153198,0.001487357461576599,0.001487357461576599,0.0,0.0,0.0,0.0004957858205255329,0.001487357461576599,0.0,0.0,0.0004957858205255329,0.0495785820525533,0.0,0.0,0.0,0.0004957858205255329
ob_ross-BD0578v13,0.0,0.0,0.0,0.005105380285377667,0.0,0.0,0.0,0.010472574944364444,0.0,0.0002618143736091111,0.0,0.0,0.010996203691582667,0.09700222542217567,0.0,0.0,0.0,0.0,0.0,0.0,0.0,0.0,0.0,0.0,0.0,0.0015708862416546668,0.0,0.0003927215604136667,0.0007854431208273334,0.0,0.0005236287472182222,0.010210760570755335,0.0,0.0,0.006283544966618667,0.0002618143736091111,0.0005236287472182222,0.01243618274643278,0.06283544966618668,0.0007854431208273334,0.019636078020683338,0.0003927215604136667,0.0,0.0,0.03469040450320723,0.0,0.0,0.0,0.0,0.0,0.0,0.0037963084173321116,0.0,0.0,0.0,0.0,0.0,0.0,0.0006545359340227778,0.0,0.0,0.0,0.0014399790548501113,0.001832700615263778,0.0,0.011388925251996335,0.0005236287472182222,0.0,0.0,0.0,0.04175939259065323,0.004843565911768556,0.5164288519439717,0.0,0.054195575337086,0.0,0.00013090718680455556,0.004319937164550334,0.0015708862416546668,0.0,0.0006545359340227779,0.0,0.0032726796701138894,0.006414452153423223,0.00013090718680455556,0.0,0.0,0.0002618143736091111,0.0,0.006021730593009557,0.0,0.0
ob_ross-BD0587v13,0.0,0.0033603478948408777,0.0,0.045858865388416686,0.08677604269618502,0.023522435263886143,0.004348685510970547,0.013639059102589444,0.000395335046451868,0.0,0.0,0.007709033405811425,0.005732358173552085,0.0061276932200039535,0.0,0.0,0.0,0.0,0.0,0.0,0.0,0.0,0.0,0.04328918758647954,0.0,0.017197074520656254,0.0,0.000395335046451868,0.0,0.0,0.0075113658825854916,0.000395335046451868,0.0,0.0,0.0,0.000395335046451868,0.0035580154180668115,0.11029847796007114,0.0,0.0011860051393556038,0.04566119786519075,0.0,0.0,0.0,0.0,0.0,0.0,0.0,0.0,0.0,0.0,0.0017790077090334058,0.000197667523225934,0.0,0.000395335046451868,0.0,0.0,0.0,0.000197667523225934,0.0,0.0,0.0,0.0013836726625815379,0.0013836726625815379,0.0,0.022929432694208343,0.0,0.0,0.0,0.0,0.06661395532713976,0.000197667523225934,0.18521446926270013,0.0,0.0,0.026289780589049218,0.14212294919944654,0.0,0.000197667523225934,0.0005930025696778019,0.0,0.000197667523225934,0.000197667523225934,0.016208736904526587,0.0,0.0011860051393556038,0.000197667523225934,0.0011860051393556038,0.0,0.0037556829412927453,0.0,0.01897608222968966
ob_ross-BD0592v13,0.0,0.0026359600443951166,0.0,0.11126526082130966,0.08324084350721421,0.0,0.0015260821309655938,0.04148168701442841,0.0,0.0,0.0,0.0012486126526082132,0.009711431742508323,0.05049944506104328,0.0,0.0,0.0,0.0,0.0,0.00013873473917869035,0.0,0.0,0.0,0.02427857935627081,0.0,0.009433962264150943,0.0,0.00013873473917869035,0.0,0.0,0.0009711431742508323,0.0023584905660377358,0.0,0.0,0.0,0.0,0.0013873473917869034,0.006381798002219756,0.0,0.0022197558268590455,0.010266370699223086,0.0005549389567147614,0.0,0.0,0.00402330743618202,0.0,0.0,0.0,0.000416204217536071,0.0,0.0,0.0045782463928967804,0.001942286348501665,0.0,0.0,0.0,0.0,0.0,0.0026359600443951166,0.0,0.0,0.0,0.0,0.0,0.0,0.016648168701442843,0.0002774694783573807,0.0,0.0,0.0,0.024556048834628193,0.0,0.3586293007769146,0.0,0.09683684794672587,0.0,0.0,0.0,0.0002774694783573807,0.0,0.0002774694783573807,0.0,0.00804661487236404,0.010405105438401775,0.0,0.0,0.0002774694783573807,0.0,0.0,0.0013873473917869034,0.0,0.0
ob_ross-BD0594v13,0.0,0.0030253916801728795,0.0,0.0580226904376013,0.0366288492706645,0.0,0.00010804970286331713,0.047974068071312805,0.00021609940572663426,0.0,0.0,0.0,0.01717990275526742,0.06202052944354403,0.0,0.0,0.0,0.0,0.0,0.0,0.0,0.0,0.0,0.0,0.0,0.005294435440302539,0.0,0.0006482982171799028,0.0,0.0,0.00010804970286331713,0.008860075634792004,0.0,0.0,0.0,0.0,0.000864397622906537,0.0082117774176121,0.0,0.00010804970286331713,0.033711507293354946,0.0025931928687196112,0.0,0.0,0.03738519719070773,0.0,0.0,0.0,0.0010804970286331713,0.0,0.0,0.023230686115613183,0.0,0.0,0.0,0.0,0.0,0.0,0.0016207455429497568,0.0,0.0,0.0,0.0,0.0005402485143165856,0.0,0.006915180983252296,0.0004321988114532685,0.032090761750405185,0.0,0.0,0.024311183144246355,0.00021609940572663426,0.4672069151809833,0.0,0.017936250675310645,0.0,0.00021609940572663426,0.0010804970286331713,0.00010804970286331713,0.0,0.00010804970286331713,0.0,0.003457590491626148,0.00713128038897893,0.00010804970286331713,0.00010804970286331713,0.0,0.0,0.0,0.0037817396002160996,0.0,0.0
ob_ross-BD0610v13,0.0,0.008145363408521303,0.0,0.042919799498746865,0.0003132832080200501,0.0,0.0,0.06484962406015038,0.0006265664160401002,0.0,0.0015664160401002505,0.0,0.010025062656641603,0.03696741854636591,0.0,0.0,0.0,0.0,0.0003132832080200501,0.004072681704260651,0.0009398496240601503,0.0,0.0,0.0009398496240601503,0.0,0.005325814536340852,0.0,0.0003132832080200501,0.0,0.0,0.0,0.0015664160401002505,0.005325814536340852,0.0,0.002506265664160401,0.0,0.0,0.010338345864661654,0.0,0.0009398496240601503,0.02913533834586466,0.0,0.0,0.0,0.0,0.0,0.0,0.0,0.0003132832080200501,0.0,0.0,0.021303258145363407,0.0,0.0,0.0,0.0,0.0,0.0,0.0,0.0,0.0,0.0,0.0,0.0003132832080200501,0.0,0.019736842105263157,0.0,0.012844611528822054,0.0,0.004699248120300752,0.005325814536340852,0.0,0.17105263157894735,0.0,0.0,0.0,0.006892230576441102,0.0,0.0,0.0,0.0021929824561403508,0.0,0.02568922305764411,0.0037593984962406013,0.0,0.0,0.0,0.004072681704260651,0.0,0.03571428571428571,0.0,0.0018796992481203006
ob_ross-BD0611v13,0.0,0.003680699332873246,0.0,0.04232804232804233,0.005060961582700713,0.0,0.00023004370830457787,0.08143547273982057,0.0,0.0,0.00023004370830457787,0.006901311249137336,0.005751092707614447,0.009661835748792272,0.0,0.0,0.0,0.0,0.00046008741660915573,0.003450655624568668,0.00046008741660915573,0.0,0.0,0.008511617207269381,0.0,0.010351966873706002,0.0,0.00023004370830457787,0.0,0.001610305958132045,0.07200368069933287,0.008051529790660225,0.0013802622498274672,0.00023004370830457787,0.0,0.0,0.0,0.009431792040487693,0.0,0.004600874166091558,0.017943409247757076,0.0009201748332183115,0.0,0.0,0.0,0.0,0.0,0.0,0.0,0.0,0.0,0.03243616287094548,0.0,0.0,0.00023004370830457787,0.0,0.00046008741660915573,0.0,0.0006901311249137336,0.0,0.00023004370830457787,0.0,0.0,0.00046008741660915573,0.0,0.014262709914883829,0.0,0.06073153899240855,0.0,0.0009201748332183115,0.008511617207269383,0.00046008741660915573,0.3015873015873016,0.0,0.0,0.00046008741660915573,0.0,0.0,0.0,0.0,0.015642972164711295,0.0,0.007361398665746492,0.00046008741660915573,0.0,0.0,0.00023004370830457787,0.004830917874396135,0.0,0.00322061191626409,0.0,0.0009201748332183115
ob_ross-BD0613v13,0.0,0.005768343331795108,0.0,0.05053068758652515,0.02284263959390863,0.0,0.00023073373327180433,0.1340562990309183,0.0,0.003230272265805261,0.0,0.0,0.01707429626211352,0.0,0.0,0.0,0.0,0.011536686663590217,0.0,0.0,0.0,0.0,0.0,0.0,0.0,0.004383940932164283,0.00046146746654360867,0.0,0.0,0.0,0.012690355329949238,0.0,0.0,0.0,0.0,0.0006922011998154131,0.0,0.029072450392247345,0.0,0.007614213197969543,0.05168435625288417,0.0,0.0,0.0,0.0,0.0,0.0,0.0,0.0,0.0,0.0,0.0036917397323488694,0.0,0.0,0.00023073373327180433,0.0,0.0009229349330872173,0.00046146746654360867,0.00023073373327180433,0.0,0.0006922011998154131,0.0,0.0,0.003461005999077065,0.0,0.04014766958929396,0.0,0.00023073373327180433,0.0,0.0006922011998154131,0.016382095062298107,0.0,0.42593447161975084,0.0,0.0,0.0,0.0,0.0009229349330872173,0.0006922011998154131,0.0,0.0,0.007383479464697739,0.0,0.0,0.00023073373327180433,0.007383479464697739,0.0,0.0,0.0,0.008075680664513151,0.0,0.0
ob_ross-BD0636v13,0.0,0.00934777990227321,0.0,0.13787975355852986,0.0,0.0,0.0,0.01232207350754196,0.0053112385808370514,0.0,0.0,0.0,0.008073082642872318,0.01444656893987678,0.0,0.0,0.0,0.0012746972594008922,0.0,0.0031867431485022306,0.0,0.0,0.0,0.0,0.0,0.0033991926917357126,0.0,0.0,0.0,0.0,0.021669853409815167,0.023581899298916506,0.004461440407903123,0.0,0.0,0.0,0.007010834926704908,0.004036541321436158,0.0,0.005098789037603569,0.023369449755683024,0.0,0.0,0.0,0.02315700021244954,0.0,0.0,0.0,0.0012746972594008922,0.0,0.0,0.05353728489483748,0.0,0.0,0.0,0.0,0.0,0.0,0.00021244954323348204,0.0,0.0004248990864669641,0.0,0.009560229445506692,0.0,0.0,0.0076481835564053535,0.0,0.0082855321861058,0.0,0.0,0.021457403866581688,0.00021244954323348204,0.3084767367750159,0.0,0.0006373486297004461,0.0,0.0,0.0033991926917357126,0.0,0.0,0.0,0.0,0.0038240917782026767,0.0048863394943700865,0.0,0.0008497981729339282,0.0,0.0,0.0,0.05736137667304016,0.0,0.006373486297004461
ob_ross-BD0616v13,0.0,0.0007234145165179648,0.0,0.0219435736677116,0.03617072582589824,0.0,0.0016879672052085846,0.07692307692307693,0.35640221847118403,0.0,0.0,0.0,0.005305039787798409,0.009404388714733543,0.0,0.0,0.0,0.0,0.0,0.0012056908608632747,0.0,0.0,0.0,0.003134796238244514,0.0,0.022184711839884255,0.0,0.00024113817217265494,0.0,0.0,0.006028454304316373,0.023631540872920184,0.0,0.00024113817217265494,0.0,0.0,0.0065107306486616836,0.005305039787798408,0.0,0.013262599469496022,0.026766337111164697,0.00024113817217265494,0.0,0.0,0.0,0.0,0.0,0.0,0.0,0.0,0.0,0.004822763443453098,0.0,0.0,0.00024113817217265494,0.0,0.0,0.0,0.009163250542560888,0.0,0.0,0.0004822763443453099,0.0,0.0,0.0,0.02845430431637328,0.00024113817217265494,0.01904991560163974,0.0,0.0,0.003617072582589824,0.0,0.14347721244272968,0.0,0.0,0.05015673981191223,0.0,0.0,0.00024113817217265494,0.0,0.0021702435495538942,0.0,0.0036170725825898243,0.006028454304316373,0.00024113817217265494,0.0,0.0,0.0,0.0,0.0,0.0,0.0004822763443453099
ob_ross-BD0653v13,0.0,0.004257827852744662,0.0,0.044674439931874754,0.011659897812131535,0.0,0.006747019520503079,0.14384907637888114,0.0,6.550504388837941e-05,0.0,0.0,0.0034062622821957288,0.05135595440848945,0.0,0.0,0.0,0.0009825756583256911,0.0,0.015262675225992402,0.0,0.0,0.0,0.0,0.0,0.02856019913533342,0.0,0.0008515655705489323,0.0,0.001310100877767588,0.003602777413860867,0.007402069959386873,0.0012445958338792088,0.0,0.00019651513166513824,0.0,0.002882221931088694,0.018406917332634616,0.0,0.006812524564391458,0.0442159046246561,0.0008515655705489324,0.0,0.0,0.01107035241713612,0.0,0.0,0.0020306563605397617,0.0013756059216559675,0.0,0.0,0.014738634874885368,6.550504388837941e-05,6.550504388837941e-05,0.0,0.0,0.0009825756583256911,0.00013101008777675882,0.006026464037730906,0.0,0.0,6.550504388837941e-05,0.00013101008777675882,0.0034717673260841087,0.0,0.02456439145814228,0.0026857067994235555,0.005698938818289008,0.0,0.000327525219441897,0.009105201100484737,0.00013101008777675882,0.2887462334599764,0.0,0.0069435346521682165,0.010677322153805843,6.550504388837941e-05,0.010218786846587188,0.00026202017555351765,0.0,0.0009825756583256911,6.550504388837941e-05,0.01886545263985327,0.0013101008777675885,0.00026202017555351765,6.550504388837941e-05,0.0001965151316651382,0.0009170706144373117,0.0,0.013690554172671295,0.0,0.0011790907899908293
ob_ross-BD0643v13,0.0,0.003510531594784353,0.0,0.003761283851554664,0.10406218655967903,0.0,0.0,0.0010030090270812437,0.0005015045135406219,0.0,0.0,0.0,0.004513540621865596,0.0388665997993982,0.0,0.0,0.0,0.003009027081243731,0.0,0.0,0.0,0.0,0.0,0.0,0.0,0.0017552657973921764,0.0,0.0,0.0,0.049398194583751255,0.017301905717151452,0.0,0.0,0.0,0.0,0.0,0.004513540621865597,0.012036108324974924,0.0,0.004764292878635908,0.0320962888665998,0.0,0.0,0.009528585757271816,0.06043129388164494,0.0,0.0,0.0,0.007271815446339017,0.0,0.0,0.015295887662988967,0.0,0.0,0.0,0.0,0.0,0.0,0.0025075225677031092,0.0,0.0015045135406218655,0.0,0.00025075225677031093,0.0012537612838515546,0.0,0.006018054162487463,0.0,0.0,0.0,0.0,0.0366098294884654,0.0,0.495987963891675,0.0,0.0,0.0,0.0,0.0,0.0007522567703109327,0.0,0.0,0.0,0.0010030090270812437,0.003259779338014042,0.0,0.0,0.00025075225677031093,0.00025075225677031093,0.0,0.007021063189568706,0.0,0.0
ob_ross-BD0654v13,0.0,0.00039478878799842083,0.0,0.05270430319778918,0.0021713383339913147,0.0,0.0011843663639952626,0.10836952230556651,0.00019739439399921041,0.0005921831819976312,0.00019739439399921041,0.0007895775759968417,0.0035530990919857876,0.14153178049743387,0.0,0.0,0.0,0.0,0.0011843663639952626,0.008685353335965259,0.0,0.0,0.0,0.0,0.0,0.04500592183181998,0.0,0.00039478878799842083,0.0,0.005329648637978681,0.0015791551519936833,0.005329648637978681,0.00019739439399921041,0.0,0.008685353335965259,0.0,0.00039478878799842083,0.009869719699960519,0.0,0.0017765495459928938,0.023489932885906045,0.00039478878799842083,0.0,0.0,0.010067114093959731,0.0,0.0,0.0,0.0005921831819976313,0.0,0.0,0.010659297275957363,0.00019739439399921041,0.0027635215159889457,0.00019739439399921041,0.0,0.00019739439399921041,0.00019739439399921041,0.0021713383339913147,0.0,0.00019739439399921041,0.0,0.0,0.0005921831819976313,0.0,0.012830635609948677,0.0005921831819976313,0.009672325305961309,0.0,0.00019739439399921041,0.010461902881958153,0.0,0.2838531385708646,0.0,0.001381760757994473,0.005921831819976313,0.0,0.0,0.0,0.0,0.0025661271219897357,0.0,0.04204500592183182,0.0017765495459928938,0.0,0.0,0.00039478878799842083,0.0019739439399921043,0.0,0.00927753651796289,0.0,0.00039478878799842083
ob_ross-BD0673v13,0.0,0.0017935432443204463,0.0,0.02630530091669988,0.00039856516540454366,0.0,0.00019928258270227183,0.07512953367875647,0.0,0.0,0.0,0.0,0.004982064567556796,0.09565563969709047,0.0,0.0,0.0,0.00019928258270227183,0.0,0.0,0.0,0.0,0.0,0.0,0.0,0.011159824631327222,0.0,0.0,0.0,0.00219210840972499,0.0037863690713431644,0.0023913909924272616,0.0,0.0,0.0,0.0,0.0025906735751295338,0.02112395376644081,0.0,0.0,0.030091669988043045,0.00039856516540454366,0.0,0.0,0.0,0.0,0.0,0.0,0.0009964129135113591,0.0,0.0,0.007174172977281786,0.00019928258270227183,0.0,0.0,0.0,0.0,0.0,0.01972897568752491,0.0,0.0,0.0,0.00039856516540454366,0.00019928258270227183,0.0,0.02431247508967716,0.0,0.0,0.0,0.0,0.006377042646472699,0.0,0.4336388999601435,0.0,0.025308888003188517,0.0,0.0,0.0015942606616181746,0.0,0.0,0.00039856516540454366,0.0007971303308090873,0.006377042646472699,0.0027899561578318055,0.0,0.0,0.0,0.0,0.0,0.012355520127540853,0.0,0.0
ob_ross-BD0735v13,0.0,0.0019097636667462401,0.0,0.0011936022917164002,0.0,0.0,0.0,0.04153735975173072,0.27572212938648843,0.00047744091668656003,0.00047744091668656003,0.00047744091668656003,0.00811649558367152,0.131296252088804,0.0,0.0,0.0,0.0007161613750298401,0.0,0.02793029362616376,0.0,0.0,0.0,0.0,0.0,0.011458582000477441,0.0,0.0007161613750298401,0.0,0.0,0.0007161613750298401,0.0071616137502984005,0.0011936022917164002,0.0,0.0,0.005968011458582,0.0038195273334924802,0.009548818333731201,0.0,0.0,0.028646455001193602,0.00047744091668656003,0.0,0.0,0.0,0.0,0.0,0.03174982095965624,0.0007161613750298401,0.0,0.0,0.011458582000477443,0.00023872045834328001,0.0,0.0,0.0,0.0,0.0,0.0016710432084029601,0.0,0.0,0.0,0.0,0.00023872045834328001,0.0,0.023872045834328007,0.00023872045834328001,0.019336357125805684,0.0,0.00047744091668656003,0.0062067319169252805,0.0,0.1625686321317737,0.0,0.0,0.04846025304368585,0.0,0.00047744091668656003,0.0,0.0,0.0007161613750298401,0.0,0.0083552160420148,0.0026259250417760803,0.0,0.00023872045834328001,0.00023872045834328001,0.0038195273334924802,0.0,0.0033420864168059203,0.00501312962520888,0.0009548818333731201
ob_ross-BD0760v13,0.0,0.0003933910306845004,0.0,0.005310778914240755,0.0005900865460267506,0.0,0.0001966955153422502,0.07395751376868606,0.1697482297403619,0.0,0.0,0.0,0.0025570416994492523,0.10110149488591662,0.0,0.0,0.0,0.0,0.0005900865460267506,0.04287962234461055,0.0,0.0,0.006490952006294256,0.0,0.0,0.021636506687647522,0.0,0.0003933910306845004,0.0,0.0,0.0005900865460267506,0.015538945712037766,0.0,0.0,0.0,0.0,0.0015735641227380016,0.015735641227380016,0.0,0.023210070810385522,0.02911093627065303,0.0051140833988985055,0.0,0.0,0.0,0.0,0.0,0.0,0.0,0.0,0.0,0.0015735641227380016,0.0001966955153422502,0.0,0.000983477576711251,0.0,0.0,0.0,0.015538945712037766,0.0,0.0,0.0,0.0,0.0,0.0,0.013965381589299764,0.0001966955153422502,0.011998426435877263,0.0,0.0,0.011801730920535013,0.0,0.25590086546026747,0.0,0.0,0.012981904012588514,0.0,0.0,0.0,0.0,0.0001966955153422502,0.0,0.002950432730133753,0.0025570416994492523,0.0,0.0,0.0,0.0001966955153422502,0.0,0.0,0.0,0.0
ob_ross-BD0764v13,0.0,0.0,0.0,0.001006036217303823,0.0,0.0,0.002012072434607646,0.16800804828973845,0.6327967806841046,0.0,0.0,0.0,0.001006036217303823,0.01710261569416499,0.0,0.0,0.0,0.0,0.0,0.0,0.0,0.0,0.004024144869215292,0.001006036217303823,0.0,0.003018108651911469,0.0,0.0,0.0,0.0,0.005030181086519115,0.001006036217303823,0.0,0.0,0.0,0.0,0.0,0.0,0.0,0.0,0.02515090543259557,0.0,0.0,0.0,0.0,0.0,0.0,0.002012072434607646,0.0,0.0,0.0,0.003018108651911469,0.0,0.0,0.0,0.0,0.0,0.0,0.0,0.0,0.0,0.0,0.0,0.001006036217303823,0.0,0.001006036217303823,0.001006036217303823,0.0,0.0,0.0,0.004024144869215292,0.0,0.01710261569416499,0.0,0.001006036217303823,0.002012072434607646,0.002012072434607646,0.0,0.0,0.0,0.0,0.0,0.003018108651911469,0.0,0.0,0.0,0.0,0.0,0.0,0.0,0.0,0.0
ob_ross-BD0777v13,0.0,0.0002541942043721403,0.0,0.02669039145907473,0.026182003050330454,0.0,0.0017793594306049821,0.049059481443823084,0.09761057447890188,0.0,0.0,0.0,0.0025419420437214034,0.10116929334011185,0.0,0.0,0.0,0.0,0.0,0.0,0.0,0.0,0.0,0.00889679715302491,0.0,0.020081342145399087,0.006609049313675648,0.0,0.0,0.0,0.005592272496187087,0.018810371123538384,0.0,0.0,0.0,0.0,0.0035587188612099642,0.00788002033553635,0.0,0.007117437722419929,0.05338078291814947,0.001525165226232842,0.0,0.0,0.0002541942043721403,0.0,0.0,0.0,0.0,0.0,0.0,0.0035587188612099647,0.0002541942043721403,0.0,0.0,0.0,0.0,0.0,0.0005083884087442806,0.0,0.0,0.0,0.0,0.0,0.0,0.00965937976614133,0.0002541942043721403,0.0,0.0,0.0,0.035841382816471784,0.0,0.3500254194204372,0.0,0.0,0.011947127605490595,0.000762582613116421,0.013472292831723435,0.0010167768174885613,0.0,0.0,0.0,0.005592272496187087,0.0033045246568378242,0.0,0.0035587188612099642,0.0,0.0,0.0,0.0,0.0,0.0002541942043721403
ob_ross-BD0778v13,0.0,0.0018393623543838135,0.0,0.004291845493562232,0.0,0.0,0.017167381974248927,0.017780502759043533,0.20784794604537093,0.0,0.0,0.0,0.008583690987124463,0.06560392397302267,0.0,0.0,0.0,0.0,0.0006131207847946045,0.00797057020232986,0.0,0.0,0.0006131207847946045,0.0,0.0,0.00551808706315144,0.0,0.0018393623543838135,0.0,0.0,0.24770079705702025,0.005518087063151441,0.007357449417535254,0.0,0.0,0.0,0.0006131207847946045,0.0036787247087676266,0.0,0.0006131207847946045,0.06069895769466586,0.001226241569589209,0.0,0.0,0.0,0.0,0.0,0.0,0.0,0.0,0.0,0.012875536480686695,0.0,0.0,0.0,0.0,0.0,0.0006131207847946045,0.0006131207847946045,0.0,0.0,0.0018393623543838135,0.0,0.0006131207847946045,0.0,0.03188228080931943,0.0,0.001226241569589209,0.0,0.0,0.0,0.0,0.019619865113427344,0.0,0.0,0.0030656039239730227,0.10177805027590435,0.0006131207847946045,0.0,0.0,0.0,0.003678724708767627,0.001226241569589209,0.0,0.0,0.0,0.0,0.005518087063151441,0.0,0.00551808706315144,0.0,0.0
ob_ross-BD0758v13,0.0,0.0017555409260478386,0.0,0.03467193328944481,0.05442176870748299,0.0,0.00021944261575597982,0.09062980030721966,0.391266183892912,0.0,0.0,0.0,0.011849901250822909,0.0228220320386219,0.0,0.0,0.00043888523151195964,0.0,0.0,0.008119376782971253,0.0,0.0,0.0,0.036427474215492646,0.0,0.0026333113890717576,0.0,0.0,0.0013166556945358788,0.0,0.002413868773315778,0.004388852315119597,0.00043888523151195964,0.0,0.0024138687733157777,0.0,0.0024138687733157777,0.027210884353741496,0.0,0.0006583278472679394,0.02457757296466974,0.0,0.0,0.0,0.0006583278472679394,0.0,0.0,0.0,0.00021944261575597982,0.0,0.0,0.013385999561114767,0.0006583278472679394,0.0,0.0,0.0,0.0,0.0,0.00021944261575597982,0.0,0.0010972130787798991,0.0,0.0,0.00043888523151195964,0.0,0.01053324555628703,0.0,0.04630239192451174,0.0,0.0,0.026333113890717578,0.0,0.07614658766732499,0.0,0.0,0.014702655255650648,0.0,0.0,0.0,0.0,0.0,0.0,0.0048277375466315555,0.00987491770901909,0.0,0.0,0.00021944261575597982,0.00043888523151195964,0.0,0.0017555409260478386,0.0,0.003949967083607637
ob_ross-BD0779v13,0.0,0.0006082725060827251,0.0,0.0170316301703163,0.04805352798053528,0.0,0.0,0.09063260340632603,0.28771289537712896,0.0,0.0,0.0,0.006690997566909976,0.11253041362530412,0.0,0.0,0.0,0.0,0.0,0.0,0.0,0.0,0.0,0.0,0.0,0.015815085158150853,0.0012165450121654502,0.0,0.0,0.0,0.0,0.023114355231143552,0.0,0.0,0.0,0.0,0.003041362530413625,0.016423357664233577,0.0,0.0,0.03467153284671533,0.0006082725060827251,0.0,0.0,0.0,0.0,0.0,0.0,0.0,0.0,0.0,0.0170316301703163,0.0,0.0,0.0,0.0,0.0,0.0,0.0036496350364963502,0.0,0.0,0.0,0.0,0.0006082725060827251,0.0,0.0340632603406326,0.0006082725060827251,0.013990267639902677,0.0,0.0,0.010340632603406324,0.0,0.11192214111922141,0.0,0.0,0.0,0.0,0.0,0.0,0.0,0.0018248175182481751,0.0,0.007907542579075425,0.0,0.0,0.0,0.0,0.0006082725060827251,0.0,0.00608272506082725,0.0,0.0
ob_ross-BD0789v13,0.0,0.00043346337234503684,0.0,0.016038144776766364,0.0082358040745557,0.0,0.022973558734286952,0.2162982228001734,0.0013003901170351106,0.00043346337234503684,0.0,0.0,0.011270047680970958,0.021673168617251843,0.0,0.0,0.0,0.0,0.00043346337234503684,0.0008669267446900737,0.0,0.0,0.0,0.0,0.0,0.042479410489813615,0.0,0.0013003901170351106,0.00043346337234503684,0.0,0.035110533159947985,0.0013003901170351106,0.0013003901170351106,0.0,0.0,0.0,0.00043346337234503684,0.008235804074555701,0.0,0.002600780234070221,0.05504984828781968,0.00043346337234503684,0.0,0.0,0.0,0.0,0.0,0.0,0.0,0.0,0.0,0.02557433896835717,0.0,0.0,0.0013003901170351106,0.00043346337234503684,0.0,0.0,0.0008669267446900737,0.0,0.0008669267446900737,0.0,0.0,0.0,0.0,0.03120936280884265,0.0,0.0,0.0,0.00043346337234503684,0.007368877329865626,0.0,0.3355006501950586,0.0,0.0,0.0,0.0,0.0,0.0,0.0,0.008669267446900737,0.0017338534893801473,0.0082358040745557,0.0013003901170351106,0.0008669267446900737,0.0013003901170351106,0.0,0.0,0.0,0.0013003901170351106,0.0,0.0
ob_ross-BD0791v13,0.0,0.005787037037037037,0.0,0.008101851851851851,0.0,0.0,0.0,0.048225308641975315,0.08101851851851852,0.0,0.0,0.0019290123456790122,0.011574074074074073,0.01890432098765432,0.0,0.0,0.0,0.0,0.0,0.0,0.0,0.0,0.0,0.0,0.0,0.0038580246913580245,0.00038580246913580245,0.0007716049382716049,0.0,0.002700617283950617,0.003472222222222222,0.021604938271604937,0.0007716049382716049,0.00038580246913580245,0.0015432098765432098,0.0,0.0019290123456790122,0.03202160493827161,0.0,0.005401234567901234,0.03279320987654321,0.0011574074074074073,0.0,0.0,0.0007716049382716049,0.0,0.0,0.14544753086419754,0.005015432098765432,0.0,0.0,0.050540123456790126,0.0,0.0,0.0,0.0,0.0,0.0,0.004243827160493827,0.0,0.00038580246913580245,0.0,0.0,0.0,0.0,0.009645061728395061,0.0,0.00038580246913580245,0.0019290123456790122,0.00038580246913580245,0.005015432098765432,0.0,0.13657407407407407,0.0,0.0,0.0023148148148148147,0.00038580246913580245,0.0,0.0,0.0,0.0011574074074074073,0.0,0.002700617283950617,0.009645061728395061,0.00038580246913580245,0.006172839506172839,0.0,0.00038580246913580245,0.0,0.0,0.0,0.0023148148148148147
ob_ross-BD0821v13,0.0,0.00046904315196998124,0.0,0.0023452157598499064,0.010787992495309567,0.0,0.00023452157598499062,0.09216697936210132,0.03048780487804878,0.0,0.0007035647279549719,0.0,0.0016416510318949342,0.003283302063789869,0.0,0.0,0.0,0.0,0.0,0.01641651031894934,0.0,0.0,0.0,0.02274859287054409,0.0,0.028611632270168857,0.0,0.0,0.0,0.0021106941838649157,0.005159474671669793,0.010553470919324577,0.0011726078799249532,0.0,0.0,0.0,0.004221388367729831,0.03095684803001876,0.0,0.00023452157598499062,0.020403377110694183,0.0014071294559099437,0.0,0.0,0.00023452157598499062,0.0,0.0,0.00023452157598499062,0.00398686679174484,0.0,0.0,0.04127579737335835,0.0,0.0,0.0,0.0,0.0,0.00046904315196998124,0.00773921200750469,0.0,0.0,0.0,0.014071294559099437,0.001876172607879925,0.0,0.0300187617260788,0.0,0.0011726078799249532,0.0,0.0,0.011960600375234522,0.0,0.32199812382739207,0.0,0.004221388367729831,0.004690431519699813,0.00023452157598499062,0.0007035647279549719,0.0,0.0,0.0,0.0,0.01571294559099437,0.0,0.0007035647279549719,0.0,0.00023452157598499062,0.00023452157598499062,0.0,0.004221388367729831,0.0,0.0
ob_ross-BD0786v13,0.0,0.0013345195729537367,0.0,0.005338078291814947,0.023131672597864767,0.0,0.00800711743772242,0.10320284697508895,0.0,0.00044483985765124553,0.0,0.0,0.009341637010676158,0.057829181494661916,0.0,0.0,0.0,0.0,0.0,0.0,0.0,0.0,0.0,0.0026690391459074734,0.0,0.01779359430604982,0.0,0.0017793594306049821,0.0,0.0,0.0008896797153024911,0.005782918149466192,0.0013345195729537367,0.0,0.0,0.00044483985765124553,0.0008896797153024911,0.008007117437722418,0.0,0.0017793594306049821,0.17927046263345198,0.00044483985765124553,0.0,0.0,0.0,0.0,0.0,0.0,0.0008896797153024911,0.0,0.0,0.00400355871886121,0.0,0.0,0.0,0.0,0.0,0.0,0.004893238434163701,0.0,0.0,0.0,0.0,0.0,0.0,0.026690391459074737,0.0,0.015569395017793593,0.0,0.0,0.015569395017793594,0.0,0.3723309608540925,0.0,0.008451957295373666,0.007562277580071174,0.0,0.0,0.0,0.0,0.0022241992882562275,0.0,0.013790035587188611,0.0008896797153024911,0.0,0.0,0.0,0.00400355871886121,0.0,0.005782918149466192,0.0,0.0
ob_ross-BD0790v13,0.0,0.0,0.0,0.0,0.0004317789291882556,0.0,0.0017271157167530224,0.1196027633851468,0.0,0.0,0.0,0.0,0.0034542314335060447,0.10492227979274611,0.0,0.0,0.0,0.0,0.0,0.012953367875647668,0.0,0.0,0.0,0.0,0.0,0.054404145077720206,0.0,0.0,0.0,0.0,0.0034542314335060447,0.0069084628670120895,0.0004317789291882556,0.0,0.014248704663212436,0.0,0.0,0.022452504317789293,0.0,0.0012953367875647669,0.05310880829015544,0.0012953367875647669,0.0,0.0,0.043609671848013815,0.0,0.0,0.0,0.0,0.0,0.0,0.0012953367875647669,0.0,0.0,0.0,0.0,0.0,0.0,0.0004317789291882556,0.0,0.0,0.0,0.0,0.0,0.0,0.019430051813471502,0.0,0.013816925734024179,0.0,0.0,0.0025906735751295338,0.0,0.3911917098445596,0.0,0.007340241796200345,0.0,0.0,0.0,0.0012953367875647669,0.0,0.0017271157167530224,0.0,0.004317789291882556,0.0,0.0,0.0004317789291882556,0.0,0.004749568221070812,0.0,0.0025906735751295338,0.0,0.0
ob_ross-BD0913v13,0.0,0.0,0.0,0.0024112231477422183,0.02235861464270057,0.04164839982463832,0.023893029373081978,0.09228408592722492,0.0,0.0,0.0,0.0,0.0010960105217010085,0.0800087680841736,0.0,0.0,0.0,0.0,0.0,0.00021920210434020167,0.0,0.0,0.00021920210434020167,0.00043840420868040335,0.0,0.026304252520824196,0.0,0.0026304252520824196,0.0,0.0,0.009864094695309075,0.004384042086804033,0.00131521262604121,0.0,0.0076720736519070585,0.0,0.00021920210434020167,0.007233669443226655,0.0,0.000657606313020605,0.11332748794388425,0.00043840420868040335,0.0,0.0,0.01183691363437089,0.0,0.0,0.020604997807978954,0.00043840420868040335,0.0,0.0,0.0017536168347216134,0.0,0.0,0.0,0.0,0.0,0.0,0.010960105217010083,0.0,0.0,0.0,0.0,0.0,0.0,0.015124945199473914,0.00021920210434020167,0.0,0.0,0.0,0.005260850504164839,0.0,0.41560718982902234,0.0,0.0,0.01709776413853573,0.00021920210434020167,0.0,0.0,0.0,0.0013152126260412103,0.0008768084173608067,0.001972818939061815,0.00043840420868040335,0.00021920210434020167,0.0,0.000657606313020605,0.00043840420868040335,0.0,0.006137658921525648,0.0,0.0
ob_ross-BD0914v13,0.0,0.0,0.0,0.0061403508771929825,0.0,0.002631578947368421,0.0,0.06140350877192983,0.5815789473684211,0.0,0.002631578947368421,0.0,0.002631578947368421,0.08508771929824561,0.0,0.0,0.0,0.0,0.0,0.0,0.0,0.0,0.0,0.002631578947368421,0.0,0.008771929824561403,0.0008771929824561404,0.002631578947368421,0.005263157894736842,0.0,0.0008771929824561404,0.0043859649122807015,0.011403508771929825,0.0,0.0061403508771929825,0.0,0.0,0.0035087719298245615,0.0,0.0,0.016666666666666666,0.0,0.0,0.0,0.0,0.0,0.0,0.0,0.0008771929824561404,0.0,0.0,0.0043859649122807015,0.0,0.0,0.0,0.0,0.0,0.0,0.0,0.0,0.0,0.0,0.0,0.0008771929824561404,0.0,0.03596491228070175,0.0,0.0,0.0,0.0017543859649122807,0.0017543859649122807,0.0,0.009649122807017544,0.0,0.0,0.0,0.0008771929824561404,0.0,0.0,0.0,0.010526315789473684,0.0,0.0061403508771929825,0.002631578947368421,0.0,0.0,0.0,0.0008771929824561404,0.0,0.014912280701754387,0.0,0.0008771929824561404
ob_ross-BD0933v13,0.0,0.00808080808080808,0.0,0.022222222222222223,0.0035353535353535356,0.0,0.0,0.06868686868686869,0.0015151515151515152,0.0,0.0,0.0,0.00101010101010101,0.025252525252525252,0.0,0.0,0.0,0.0,0.0,0.0035353535353535356,0.0,0.0,0.0,0.007070707070707071,0.0,0.005050505050505051,0.0,0.0,0.0,0.0,0.000505050505050505,0.00909090909090909,0.0015151515151515152,0.0,0.0,0.0,0.0015151515151515152,0.013636363636363636,0.0,0.007070707070707071,0.03737373737373738,0.000505050505050505,0.0,0.0,0.0,0.0,0.0,0.0,0.0,0.0,0.0,0.04090909090909091,0.0,0.0,0.0,0.0,0.0,0.0,0.00101010101010101,0.0,0.0,0.0,0.0,0.0015151515151515152,0.0,0.014141414141414142,0.0,0.02121212121212121,0.0,0.0,0.00404040404040404,0.0,0.3419191919191919,0.0,0.000505050505050505,0.0,0.0,0.0,0.0,0.0,0.000505050505050505,0.0,0.0060606060606060615,0.007575757575757576,0.0,0.0,0.0,0.0,0.0,0.14141414141414144,0.0,0.0015151515151515152
ob_ross-BD0954v13,0.0,0.0004807692307692308,0.0,0.013942307692307693,0.0,0.0,0.04230769230769231,0.07259615384615385,0.1798076923076923,0.0,0.0,0.0,0.007692307692307693,0.026442307692307692,0.0,0.0,0.0,0.0,0.0004807692307692308,0.00625,0.0,0.0,0.0,0.0,0.0,0.02548076923076923,0.0004807692307692308,0.01201923076923077,0.0,0.0004807692307692308,0.03798076923076923,0.008173076923076924,0.0004807692307692308,0.0,0.0,0.0,0.0009615384615384616,0.007211538461538462,0.0,0.0004807692307692308,0.18028846153846154,0.0,0.0,0.0,0.0,0.0,0.0,0.00625,0.0,0.0,0.0,0.013942307692307693,0.0,0.0,0.0004807692307692308,0.0,0.0,0.0,0.0004807692307692308,0.0,0.0,0.0,0.0,0.0,0.0,0.03846153846153846,0.0,0.0038461538461538464,0.0,0.0004807692307692308,0.0038461538461538464,0.0,0.04807692307692307,0.0,0.0014423076923076924,0.0033653846153846156,0.032692307692307694,0.0,0.0,0.0,0.013461538461538462,0.008653846153846154,0.002403846153846154,0.0009615384615384616,0.004326923076923077,0.0,0.0004807692307692308,0.0004807692307692308,0.0,0.010096153846153847,0.0,0.0
ob_ross-BD0981v13,0.0,0.029469548133595286,0.0,0.04469548133595285,0.005893909626719057,0.0,0.0,0.018172888015717092,0.0,0.0,0.0,0.0,0.022593320235756383,0.0004911591355599214,0.0,0.0,0.0,0.0,0.0,0.0,0.004911591355599214,0.0,0.0,0.0,0.0,0.01964636542239686,0.0,0.0,0.0,0.0004911591355599214,0.0004911591355599214,0.018664047151277015,0.00343811394891945,0.0,0.0,0.0,0.004911591355599214,0.03143418467583497,0.0,0.0,0.07711198428290765,0.0,0.0,0.0004911591355599214,0.0,0.0,0.0,0.0,0.0,0.0,0.0,0.10609037328094303,0.0,0.0,0.0,0.0,0.022593320235756387,0.0,0.0,0.0,0.0,0.0,0.0044204322200392925,0.004911591355599214,0.0009823182711198428,0.024557956777996066,0.0,0.0,0.0,0.0009823182711198428,0.021611001964636542,0.0004911591355599214,0.32465618860510803,0.0,0.0009823182711198428,0.0,0.0,0.0014734774066797642,0.0,0.0,0.0,0.0,0.0009823182711198428,0.002455795677799607,0.0,0.0,0.0,0.0,0.0,0.06630648330058939,0.0,0.0
