,k__Bacteria;p__Proteobacteria;c__Deltaproteobacteria;o__Desulfovibrionales;f__Desulfomicrobiaceae;g__Desulfomicrobium,k__Bacteria;p__Firmicutes;c__Bacilli;o__Lactobacillales;f__Leuconostocaceae;g__Leuconostoc,k__Bacteria;p__Firmicutes;c__Negativicutes;o__Selenomonadales;f__Veillonellaceae;g__Selenomonas,k__Bacteria;p__Actinobacteria;c__Actinobacteria;o__Actinomycetales;f__Corynebacteriaceae;g__Corynebacterium,k__Bacteria;p__Proteobacteria;c__Gammaproteobacteria;o__Enterobacteriales;f__Enterobacteriaceae;g__Enterobacter,k__Bacteria;p__Proteobacteria;c__Gammaproteobacteria;o__Pseudomonadales;f__Moraxellaceae;g__Acinetobacter,k__Bacteria;p__Bacteroidetes;c__Bacteroidia;o__Bacteroidales;f__Rikenellaceae;g__Alistipes,k__Bacteria;p__Firmicutes;c__Negativicutes;o__Selenomonadales;f__Acidaminococcaceae;g__Phascolarctobacterium,k__Bacteria;p__Bacteroidetes;c__Bacteroidia;o__Bacteroidales;f__Prevotellaceae;g__Alloprevotella,k__Bacteria;p__Firmicutes;c__Clostridia;o__Clostridiales;f__Lachnospiraceae;g__Anaerostipes,k__Bacteria;p__Firmicutes;c__Negativicutes;o__Selenomonadales;f__Veillonellaceae;g__Veillonella,k__Bacteria;p__Firmicutes;c__Clostridia;o__Clostridiales;f__Ruminococcaceae;g__Faecalibacterium,k__Bacteria;p__Bacteroidetes;c__Bacteroidia;o__Bacteroidales;f__Prevotellaceae;g__Prevotella,k__Bacteria;p__Firmicutes;c__Negativicutes;o__Selenomonadales;f__Veillonellaceae;g__Megamonas,k__Bacteria;p__Proteobacteria;c__Epsilonproteobacteria;o__Campylobacterales;f__Campylobacteraceae;g__Campylobacter,k__Bacteria;p__Actinobacteria;c__Actinobacteria;o__Coriobacteriales;f__Coriobacteriaceae;g__Olsenella,k__Bacteria;p__Proteobacteria;c__Deltaproteobacteria;o__Desulfovibrionales;f__Desulfovibrionaceae;g__Desulfovibrio,k__Bacteria;p__Firmicutes;c__Clostridia;o__Clostridiales;f__Ruminococcaceae;g__Sporobacter,k__Bacteria;p__Firmicutes;c__Clostridia;o__Clostridiales;f__Ruminococcaceae;g__Oscillibacter,k__Bacteria;p__Firmicutes;c__Clostridia;o__Clostridiales;f__Incertae_Sedis_XI;g__Murdochiella,k__Bacteria;p__Firmicutes;c__Clostridia;o__Clostridiales;f__Clostridiales_Incertae_Sedis_XI;g__Parvimonas,k__Bacteria;p__Proteobacteria;c__Betaproteobacteria;o__Burkholderiales;f__Comamonadaceae;g__Comamonas,k__Bacteria;p__Fusobacteria;c__Fusobacteriia;o__Fusobacteriales;f__Fusobacteriaceae;g__Fusobacterium,k__Bacteria;p__Firmicutes;c__Clostridia;o__Clostridiales;f__Ruminococcaceae;g__Acetivibrio,k__Bacteria;p__Firmicutes;c__Bacilli;o__Lactobacillales;f__Enterococcaceae;g__Enterococcus,k__Bacteria;p__Firmicutes;c__Erysipelotrichia;o__Erysipelotrichales;f__Erysipelotrichaceae;g__Turicibacter,k__Bacteria;p__Firmicutes;c__Negativicutes;o__Selenomonadales;f__Veillonellaceae;g__Dialister,k__Bacteria;p__Firmicutes;c__Clostridia;o__Clostridiales;f__Ruminococcaceae;g__Anaerofilum,k__Bacteria;p__Firmicutes;c__Clostridia;o__Clostridiales;f__Clostridiales_Incertae_Sedis_XI;g__Peptoniphilus,k__Bacteria;p__Bacteroidetes;c__Bacteroidia;o__Bacteroidales;f__Prevotellaceae;g__Hallella,k__Bacteria;p__Firmicutes;c__Bacilli;o__Lactobacillales;f__Aerococcaceae;g__Facklamia,k__Bacteria;p__Bacteroidetes;c__Bacteroidia;o__Bacteroidales;f__Porphyromonadaceae;g__Barnesiella,k__Bacteria;p__Actinobacteria;c__Actinobacteria;o__Actinomycetales;f__Actinomycetaceae;g__Mobiluncus,k__Bacteria;p__Firmicutes;c__Clostridia;o__Clostridiales;f__Lachnospiraceae;g__Roseburia,k__Bacteria;p__Firmicutes;c__Clostridia;o__Clostridiales;f__Peptostreptococcaceae;g__Peptostreptococcus,k__Bacteria;p__Firmicutes;c__Clostridia;o__Clostridiales;f__Ruminococcaceae;g__Clostridium_III,k__Bacteria;p__Firmicutes;c__Clostridia;o__Clostridiales;f__Lachnospiraceae;g__Coprococcus,k__Bacteria;p__Firmicutes;c__Clostridia;o__Clostridiales;f__Peptococcaceae_1;g__Peptococcus,k__Bacteria;p__Verrucomicrobia;c__Verrucomicrobiae;o__Verrucomicrobiales;f__Verrucomicrobiaceae;g__Akkermansia,k__Bacteria;p__Firmicutes;c__Bacilli;o__Lactobacillales;f__Streptococcaceae;g__Streptococcus,k__Bacteria;p__Firmicutes;c__Clostridia;o__Clostridiales;f__Lachnospiraceae;g__Dorea,k__Bacteria;p__Firmicutes;c__Clostridia;o__Clostridiales;f__Clostridiaceae_1;g__Clostridium_sensu_stricto,k__Bacteria;p__Firmicutes;c__Clostridia;o__Clostridiales;f__Lachnospiraceae;g__Howardella,k__Bacteria;p__Firmicutes;c__Negativicutes;o__Selenomonadales;f__Veillonellaceae;g__Megasphaera,k__Bacteria;p__Actinobacteria;c__Actinobacteria;o__Actinomycetales;f__Actinomycetaceae;g__Varibaculum,k__Bacteria;p__Firmicutes;c__Clostridia;o__Clostridiales;f__Clostridiaceae_1;g__Sarcina,k__Bacteria;p__Firmicutes;c__Clostridia;o__Clostridiales;f__Ruminococcaceae;g__Gemmiger,k__Bacteria;p__Firmicutes;c__Clostridia;o__Clostridiales;f__Lachnospiraceae;g__Blautia,k__Bacteria;p__Firmicutes;c__Negativicutes;o__Selenomonadales;f__Acidaminococcaceae;g__Succiniclasticum,k__Bacteria;p__Firmicutes;c__Clostridia;o__Clostridiales;f__Lachnospiraceae;g__Hespellia,k__Bacteria;p__Firmicutes;c__Clostridia;o__Clostridiales;f__Lachnospiraceae;g__Clostridium_XlVa,k__Bacteria;p__Firmicutes;c__Clostridia;o__Clostridiales;f__Ruminococcaceae;g__Butyricicoccus,k__Bacteria;p__Actinobacteria;c__Actinobacteria;o__Bifidobacteriales;f__Bifidobacteriaceae;g__Gardnerella,k__Bacteria;p__Fusobacteria;c__Fusobacteriia;o__Fusobacteriales;f__Leptotrichiaceae;g__Sneathia,k__Bacteria;p__Fusobacteria;c__Fusobacteriia;o__Fusobacteriales;f__Fusobacteriaceae;g__Cetobacterium,k__Bacteria;p__Actinobacteria;c__Actinobacteria;o__Actinomycetales;f__Actinomycetaceae;g__Arcanobacterium,k__Bacteria;p__Firmicutes;c__Clostridia;o__Clostridiales;f__Clostridiales_Incertae_Sedis_XI;g__Finegoldia,k__Bacteria;p__Actinobacteria;c__Actinobacteria;o__Actinomycetales;f__Brevibacteriaceae;g__Brevibacterium,k__Bacteria;p__Firmicutes;c__Clostridia;o__Clostridiales;f__Ruminococcaceae;g__Subdoligranulum,k__Bacteria;p__Firmicutes;c__Clostridia;o__Clostridiales;f__Clostridiales_Incertae_Sedis_XI;g__Gallicola,k__Bacteria;p__Firmicutes;c__Negativicutes;o__Selenomonadales;f__Acidaminococcaceae;g__Acidaminococcus,k__Bacteria;p__Actinobacteria;c__Actinobacteria;o__Actinomycetales;f__Actinomycetaceae;g__Actinomyces,k__Bacteria;p__Actinobacteria;c__Actinobacteria;o__Coriobacteriales;f__Coriobacteriaceae;g__Collinsella,k__Bacteria;p__Actinobacteria;c__Actinobacteria;o__Coriobacteriales;f__Coriobacteriaceae;g__Eggerthella,k__Bacteria;p__Firmicutes;c__Clostridia;o__Clostridiales;f__Ruminococcaceae;g__Flavonifractor,k__Bacteria;p__Proteobacteria;c__Deltaproteobacteria;o__Desulfovibrionales;f__Desulfovibrionaceae;g__Bilophila,k__Bacteria;p__Actinobacteria;c__Actinobacteria;o__Bifidobacteriales;f__Bifidobacteriaceae;g__Bifidobacterium,k__Bacteria;p__Proteobacteria;c__Gammaproteobacteria;o__Pasteurellales;f__Pasteurellaceae;g__Haemophilus,k__Bacteria;p__Firmicutes;c__Bacilli;o__Bacillales;f__Staphylococcaceae;g__Staphylococcus,k__Bacteria;p__Synergistetes;c__Synergistia;o__Synergistales;f__Synergistaceae;g__Pyramidobacter,k__Bacteria;p__Firmicutes;c__Clostridia;o__Clostridiales;f__Ruminococcaceae;g__Pseudoflavonifractor,k__Bacteria;p__Firmicutes;c__Clostridia;o__Clostridiales;f__Ruminococcaceae;g__Hydrogenoanaerobacterium,k__Bacteria;p__Firmicutes;c__Clostridia;o__Clostridiales;f__Lachnospiraceae;g__Ruminococcus2,k__Bacteria;p__Bacteroidetes;c__Bacteroidia;o__Bacteroidales;f__Prevotellaceae;g__Paraprevotella,k__Bacteria;p__Firmicutes;c__Clostridia;o__Clostridiales;f__Ruminococcaceae;g__Anaerotruncus,k__Bacteria;p__Firmicutes;c__Clostridia;o__Clostridiales;f__Lachnospiraceae;g__Moryella,k__Bacteria;p__Firmicutes;c__Clostridia;o__Clostridiales;f__Ruminococcaceae;g__Clostridium_IV,k__Bacteria;p__Firmicutes;c__Clostridia;o__Clostridiales;f__Lachnospiraceae;g__Syntrophococcus,k__Bacteria;p__Bacteroidetes;c__Bacteroidia;o__Bacteroidales;f__Porphyromonadaceae;g__Porphyromonas,k__Bacteria;p__Firmicutes;c__Clostridia;o__Clostridiales;f__Lachnospiraceae;g__Lachnospiracea_incertae_sedis,k__Bacteria;p__Firmicutes;c__Clostridia;o__Clostridiales;f__Eubacteriaceae;g__Eubacterium,k__Bacteria;p__Firmicutes;c__Clostridia;o__Clostridiales;f__Clostridiales_Incertae_Sedis_XIII;g__Mogibacterium,k__Bacteria;p__Firmicutes;c__Clostridia;o__Clostridiales;f__Clostridiales_Incertae_Sedis_XIII;g__Anaerovorax,k__Bacteria;p__Bacteroidetes;c__Bacteroidia;o__Bacteroidales;f__Porphyromonadaceae;g__Parabacteroides,k__Bacteria;p__Firmicutes;c__Clostridia;o__Clostridiales;f__Ruminococcaceae;g__Acetanaerobacterium,k__Bacteria;p__Bacteroidetes;c__Bacteroidia;o__Bacteroidales;f__Bacteroidaceae;g__Bacteroides,k__Bacteria;p__Proteobacteria;c__Betaproteobacteria;o__Burkholderiales;f__Sutterellaceae;g__Parasutterella,k__Bacteria;p__Proteobacteria;c__Betaproteobacteria;o__Burkholderiales;f__Sutterellaceae;g__Sutterella,k__Bacteria;p__Firmicutes;c__Bacilli;o__Lactobacillales;f__Lactobacillaceae;g__Lactobacillus,k__Bacteria;p__Proteobacteria;c__Gammaproteobacteria;o__Enterobacteriales;f__Enterobacteriaceae;g__Escherichia/Shigella,k__Bacteria;p__Synergistetes;c__Synergistia;o__Synergistales;f__Synergistaceae;g__Jonquetella,k__Bacteria;p__Firmicutes;c__Bacilli;o__Lactobacillales;f__Leuconostocaceae;g__Weissella,k__Bacteria;p__Firmicutes;c__Clostridia;o__Clostridiales;f__Lachnospiraceae;g__Clostridium_XlVb,k__Bacteria;p__Bacteroidetes;c__Bacteroidia;o__Bacteroidales;f__Porphyromonadaceae;g__Odoribacter,k__Bacteria;p__Firmicutes;c__Bacilli;o__Lactobacillales;f__Streptococcaceae;g__Lactococcus,k__Bacteria;p__Firmicutes;c__Negativicutes;o__Selenomonadales;f__Veillonellaceae;g__Negativicoccus,k__Bacteria;p__Firmicutes;c__Clostridia;o__Clostridiales;f__Clostridiaceae_1;g__Anaerosporobacter,k__Bacteria;p__Firmicutes;c__Clostridia;o__Clostridiales;f__Peptostreptococcaceae;g__Clostridium_XI,k__Bacteria;p__Proteobacteria;c__Gammaproteobacteria;o__Enterobacteriales;f__Enterobacteriaceae;g__Citrobacter,k__Bacteria;p__Synergistetes;c__Synergistia;o__Synergistales;f__Synergistaceae;g__Cloacibacillus,k__Bacteria;p__Firmicutes;c__Clostridia;o__Clostridiales;f__Clostridiales_Incertae_Sedis_XI;g__Anaerococcus,k__Bacteria;p__Firmicutes;c__Clostridia;o__Clostridiales;f__Ruminococcaceae;g__Ruminococcus,k__Bacteria;p__Actinobacteria;c__Actinobacteria;o__Coriobacteriales;f__Coriobacteriaceae;g__Atopobium,k__Bacteria;p__Bacteroidetes;c__Bacteroidia;o__Bacteroidales;f__Porphyromonadaceae;g__Butyricimonas
ob_zhu-NASH14,0.0,0.0,0.0,0.0,0.0,0.0,0.005226480836236934,0.0,0.0,0.09442508710801392,0.0004645760743321719,0.12485481997677121,0.0,0.0,0.0,0.0,0.0,0.0005807200929152149,0.0013937282229965157,0.0,0.0,0.0,0.0,0.0,0.0,0.0,0.004994192799070847,0.0,0.0,0.0,0.0,0.00023228803716608595,0.0,0.053193960511033686,0.0,0.0009291521486643438,0.028687572590011614,0.0,0.0003484320557491289,0.005923344947735193,0.005691056910569106,0.0,0.0,0.0,0.0,0.0,0.005691056910569105,0.21045296167247388,0.1148664343786295,0.00011614401858304297,0.006387921022067363,0.0008130081300813008,0.0,0.0,0.0,0.0,0.0,0.0,0.0017421602787456446,0.0,0.0,0.0,0.0022067363530778165,0.0003484320557491289,0.0004645760743321719,0.0,0.03623693379790941,0.0,0.0,0.0,0.0013937282229965157,0.0,0.03519163763066202,0.0,0.0,0.0,0.012775842044134728,0.0,0.0,0.036353077816492455,0.0005807200929152149,0.0,0.00023228803716608595,0.0018583042973286876,0.0,0.042392566782810684,0.0008130081300813008,0.0,0.0,0.0,0.0,0.00011614401858304297,0.0010452961672473868,0.00011614401858304297,0.00023228803716608595,0.0,0.0,0.0010452961672473868,0.0,0.0,0.0,0.0042973286875725904,0.0,0.00011614401858304297
ob_zhu-NASH16,0.0,0.0,0.0,0.0,0.0,0.0,0.015083798882681562,0.0,0.0,0.008938547486033519,0.005027932960893855,0.25418994413407825,0.0,0.0,0.0,0.0,0.0,0.00013966480446927373,0.0019553072625698325,0.0,0.0,0.0,0.0,0.0,0.0,0.0,0.0462290502793296,0.0,0.0,0.0,0.0,0.0008379888268156424,0.0,0.13268156424581007,0.0,0.00013966480446927373,0.01243016759776536,0.0,0.0,0.007402234636871508,0.01759776536312849,0.00013966480446927373,0.0,0.0,0.0,0.0,0.0,0.10963687150837989,0.0,0.00013966480446927373,0.004888268156424581,0.00013966480446927373,0.0,0.0,0.0,0.0,0.0,0.0,0.00013966480446927373,0.0,0.0,0.0,0.002932960893854749,0.0,0.0004189944134078212,0.0013966480446927373,0.0329608938547486,0.00111731843575419,0.0,0.0,0.0,0.0,0.009078212290502792,0.0,0.0,0.0,0.0015363128491620113,0.0,0.0,0.011452513966480445,0.00027932960893854746,0.0,0.00013966480446927373,0.011033519553072626,0.0,0.24385474860335193,0.00027932960893854746,0.00027932960893854746,0.0,0.0004189944134078212,0.0,0.0,0.0016759776536312849,0.00027932960893854746,0.0,0.0,0.002793296089385475,0.0008379888268156424,0.0,0.0,0.0,0.024720670391061454,0.0,0.0
ob_zhu-NASH18,0.0,0.0,0.0,0.0,0.0,0.0,0.019681349578256797,0.0,0.0,0.04344624447717231,0.0,0.08977105368857946,0.0,0.0,0.0,0.0,0.0,0.0003347168295621904,0.001004150488686571,0.0,0.0,0.0,0.0,0.0,0.0,0.0,0.0,0.0,0.0,0.0,0.0,0.00522158254117017,0.0,0.06091846298031865,0.0,0.0006694336591243808,0.002476904538760209,0.0,0.004953809077520417,0.0028785647342348375,0.012183692596063729,6.694336591243807e-05,0.0,0.0,0.0,0.0,0.032534475833444904,0.3920203507832374,0.019011915919132413,0.0,0.0058240728343821125,0.0006024902932119427,0.0,0.0,0.0,0.0,0.0,0.0,0.001807470879635828,0.0,0.0,6.694336591243807e-05,0.0010710938545990091,0.0002008300977373142,0.0005355469272995046,0.0,0.005422412638907485,0.00013388673182487614,0.0,0.0,0.0006024902932119427,0.0,0.003414111661534342,0.0,0.00033471682956219036,0.0,0.03648413442227875,0.0,0.00013388673182487614,0.04083545320658723,6.694336591243807e-05,0.0,6.694336591243807e-05,0.004418262150220913,0.0006694336591243808,0.0940554291069755,0.0019413576114607042,0.0,0.0,0.0,0.0,6.694336591243807e-05,0.0020083009773731427,0.0021421877091980183,0.0004016601954746285,0.0,0.0,0.0019413576114607044,0.0,0.0,0.0,0.04291069754987281,0.0,0.0
ob_zhu-NASH19,0.0,0.0,0.0,0.0,0.0006783237865541151,7.536930961712391e-05,0.003165511003919204,0.0,0.0,0.06376243593608683,7.536930961712391e-05,0.13724751281278263,7.536930961712391e-05,0.0,0.0,0.0,0.0,0.00015073861923424781,0.00015073861923424781,0.0,0.0,0.0,0.0,0.0,0.0,0.0,0.028489599035272838,0.0,0.0,0.0,0.0,0.0,0.0,0.03843834790473319,0.0,0.0002261079288513717,0.01529996985227615,0.0,0.0,0.0032408803135363278,0.017787157069641242,0.0,0.0,0.0,0.0,0.0,0.012285197467591198,0.267636418450407,0.0,0.0,0.004220681338558939,0.0014320168827253543,0.0,0.0,0.0,0.0,0.0,0.0,0.000753693096171239,0.0,0.0,0.00030147723846849563,0.0,0.0007536930961712391,0.0006783237865541151,0.0,0.0,0.0,0.0,0.0,0.0002261079288513717,0.0,0.013038890563762435,0.0,7.536930961712391e-05,0.0,0.011531504371419959,0.0,0.0,0.060521555622550495,7.536930961712391e-05,0.0,0.00015073861923424781,0.0,0.0,0.23047934880916493,0.0007536930961712391,0.0,0.0,0.0,0.0,0.0002261079288513717,0.0,0.001658124811576726,0.000829062405788363,0.0,0.0,0.007160084413626772,0.0,0.0,7.536930961712391e-05,0.0,0.0,0.0
ob_zhu-NASH25,0.0,0.0,0.0,0.0,0.0,0.0,0.0336526849690041,0.0013686498671604541,0.0,0.0020932292085983416,0.0,0.023830609451734965,0.0002415264471459625,0.0,0.0,0.0,0.002254246840028983,0.0007245793414378874,0.004508493680057967,0.0,0.0,0.0,0.0,0.0,0.0,8.050881571532083e-05,0.0,0.0,0.0,0.0,0.0,0.0016101763143064165,0.0,0.04307221640769664,0.0,0.0,0.008936478544400613,0.0011271234200144916,0.00040254407857660417,8.050881571532083e-05,0.004830528942919249,0.0,0.0,0.0,0.0,0.0,0.005635617100072457,0.028258594316077613,0.0,0.0,0.008453425650108686,8.050881571532083e-05,0.0,0.0,0.0,0.0,0.0,0.0,0.00040254407857660417,0.0,0.06738587875372352,0.0,8.050881571532083e-05,0.0,8.050881571532083e-05,8.050881571532083e-05,0.0008050881571532082,0.00040254407857660417,8.050881571532083e-05,0.0,0.00032203526286128333,0.00016101763143064167,0.008050881571532081,0.044279848643426455,0.0,0.0,0.0010466146042991708,0.0,0.0,0.012156831173013445,8.050881571532083e-05,0.0,0.0,0.02238145076885919,0.0,0.5997101682634248,0.0007245793414378874,0.0,0.0,0.00096610578858385,0.0,0.0,0.0,0.006118669994364383,0.0,0.0,0.0005635617100072458,0.0008050881571532083,0.0,0.0,0.0,0.023911118267450286,0.0,0.00048305289429192495
ob_zhu-NASH26,0.0,0.0,0.0,0.0,0.0,0.0,0.0004696489374192791,0.0,0.0,0.006340260655160268,0.0028178936245156746,0.05353997886579782,0.00011741223435481978,0.4583773629212164,0.0,0.0,0.0,0.0,0.00011741223435481978,0.0,0.0,0.0,0.0,0.0,0.0,0.0,0.013384994716449456,0.0,0.0,0.0,0.0,0.0,0.0,0.07173887519079489,0.0,0.0,0.006692497358224727,0.0,0.00011741223435481978,0.0052835505459668895,0.012797933544675354,0.00023482446870963955,0.0,0.14289068920981568,0.0,0.0,0.020312316543383818,0.07772689914289069,0.0,0.0,0.00516613831161207,0.0005870611717740989,0.0,0.0,0.0,0.0,0.0,0.0,0.0004696489374192791,0.0,0.0,0.0,0.0003522367030644593,0.0,0.0,0.0005870611717740989,0.027122226135963372,0.0017611835153222965,0.0,0.0,0.0,0.0,0.010801925560643418,0.0,0.0,0.0,0.0012915345779030175,0.0,0.0,0.0028178936245156746,0.0,0.0,0.0,0.0008218856404837384,0.0,0.039098274040154986,0.0043442526711283316,0.0,0.0,0.0043442526711283316,0.0,0.0,0.0,0.0,0.00011741223435481978,0.0,0.0,0.001526359046612657,0.0,0.0,0.0,0.0005870611717740989,0.0,0.0
ob_zhu-NASH27,0.0,0.0003659518407377589,0.0,0.0,0.0,0.0,0.029422527995315816,0.0,0.0,0.01815121130059284,0.0,0.035350947815267514,0.00014638073629510357,0.0,0.0,0.0,0.0,0.0008782844177706215,0.004464612457000658,0.0,0.0,0.0,0.0,0.0,0.0,0.0,0.0081973212325258,0.00029276147259020715,0.0,0.0,0.0,0.00014638073629510357,0.0,0.053282588011417706,0.0,0.0,0.021078826026494912,0.0,0.007465417551050282,0.0019761399399838985,0.020712874185757152,0.0008050940496230697,0.0,0.0,0.0,0.0,0.010466222645099903,0.23713679279806776,0.0,0.0004391422088853107,0.0012442362585083804,0.0003659518407377589,0.0,0.0,0.0,0.0,0.0,0.0,0.004757373929590865,0.0,0.03776622996413672,7.319036814755179e-05,0.00029276147259020715,0.0,0.0018297592036887944,0.00021957110444265535,0.04435336309741638,0.0,0.0,0.0,0.002415282148869209,0.0,0.03974236990412062,0.003073995462197175,0.0003659518407377589,0.0,0.006806704237722316,0.0,0.00014638073629510357,0.017785259459855086,0.0019029495718363464,0.0,0.0,0.00614799092439435,0.000658713313327966,0.21700944155749105,0.0,0.0005855229451804143,0.0,0.00021957110444265537,0.0,0.0006587133133279661,0.004830564297738418,0.000658713313327966,0.0005123325770328625,0.0,0.0,0.0077581790236404885,0.0,0.0,0.0,0.0701163726853546,0.0,0.0
ob_zhu-NASH28,0.0,0.0,0.0,0.0,0.0001579778830963665,0.0,0.0,0.10347551342812006,0.0,0.026066350710900472,0.002843601895734597,0.1339652448657188,0.0001579778830963665,0.0,0.000315955766192733,0.0,0.0,0.0,0.0,0.0,0.0,0.0,0.0,0.0,0.0,0.0,0.0,0.0,0.0,0.0,0.0,0.0036334913112164298,0.0,0.07472353870458136,0.0,0.0,0.0,0.0,0.0,0.009794628751974723,0.010110584518167456,0.002527646129541864,0.0,0.0,0.0,0.0,0.0066350710900473925,0.20126382306477092,0.0,0.0,0.009636650868878356,0.0014218009478672985,0.0,0.0,0.0,0.0,0.0,0.0,0.000315955766192733,0.0,0.0001579778830963665,0.0,0.000315955766192733,0.0,0.0017377567140600316,0.000631911532385466,0.06729857819905213,0.002685624012638231,0.0,0.0,0.0,0.0,0.021169036334913113,0.0,0.0,0.0,0.0033175355450236967,0.0,0.0,0.033491311216429696,0.0,0.0,0.0,0.009636650868878356,0.0,0.20695102685624012,0.000315955766192733,0.0009478672985781991,0.0,0.001263823064770932,0.0,0.0,0.0,0.000315955766192733,0.0,0.0,0.004581358609794629,0.011216429699842023,0.0018957345971563982,0.0,0.0,0.004581358609794629,0.0,0.000315955766192733
ob_zhu-NASH29,0.0,0.00014665982254161473,0.0,0.0,0.0,0.0,0.005353083522768937,0.0010999486690621105,0.0,0.015765930923223582,0.0,0.16917210530175258,0.2382488817188531,0.0,0.0016132580479577621,0.0,0.005793062990393782,0.0009532888465204958,0.002639876805749065,0.0002199897338124221,0.0,0.0,0.0,0.0,0.0,0.0,0.0004399794676248442,0.0,0.0004399794676248442,0.0,0.0,0.00806629023978881,0.00014665982254161473,0.010192857666642224,7.332991127080736e-05,0.0,0.015399281366869544,0.00014665982254161473,0.0,0.0013199384028745324,0.021485664002346555,7.332991127080736e-05,0.0,0.00014665982254161473,0.0,0.0,0.02221896311505463,0.14643983280780232,0.0,0.0003666495563540368,0.0038864852973527902,0.0012466084916037251,0.0,0.0,0.0,0.0,0.00014665982254161473,0.0,0.00447312458751925,0.0,0.022732272493950278,0.0,0.0004399794676248442,0.0,0.0002199897338124221,0.00014665982254161473,0.0021265674268534135,0.0,0.0,0.0,0.001613258047957762,0.0,0.023978880985554007,7.332991127080736e-05,0.0,0.0,0.019652416220576376,0.0,0.0038864852973527902,0.0269120774363863,0.00029331964508322946,0.0,7.332991127080736e-05,0.01701253941482731,0.0,0.09298232749138373,0.00014665982254161473,0.0011732785803329178,0.0,0.0,0.0,0.00029331964508322946,0.00278653662829068,0.0009532888465204957,0.0002199897338124221,0.0,0.0,0.00139326831414534,0.0,0.0,0.00014665982254161473,0.028745325218156488,0.0002199897338124221,0.0
ob_zhu-NASH30,0.0,0.00010096930533117933,0.0,0.0,0.0,0.0,0.008178513731825526,0.0004038772213247173,0.0,0.027362681744749595,0.000605815831987076,0.08844911147011308,0.00020193861066235866,0.0,0.0,0.0,0.0,0.0,0.00030290791599353796,0.0,0.0,0.0,0.0,0.0,0.0,0.0,0.0,0.0,0.00020193861066235866,0.0,0.0,0.0,0.0,0.08774232633279483,0.0,0.0024232633279483036,0.007774636510500807,0.0,0.002726171243941842,0.005553311793214863,0.0210016155088853,0.00010096930533117933,0.0,0.0,0.0,0.0,0.0047455573505654275,0.2348546042003231,0.0,0.0,0.006260096930533117,0.0023222940226171247,0.0,0.0,0.0,0.0,0.0,0.0,0.0011106623586429726,0.0,0.009693053311793215,0.00020193861066235866,0.002423263327948304,0.00010096930533117933,0.002524232633279483,0.0005048465266558966,0.07077948303715671,0.00030290791599353796,0.0,0.0,0.0006058158319870759,0.0,0.012318255250403878,0.0,0.00010096930533117933,0.0,0.0029281098546042007,0.0,0.00020193861066235866,0.03231017770597738,0.00010096930533117933,0.0,0.0,0.0026252019386106625,0.0,0.2879644588045234,0.00010096930533117933,0.0006058158319870759,0.0,0.005553311793214863,0.0,0.00010096930533117933,0.0005048465266558966,0.0014135702746365104,0.00010096930533117933,0.0,0.005250403877221325,0.004644588045234249,0.00010096930533117933,0.0,0.0,0.0,0.0,0.0
ob_zhu-NASH31,0.0,0.00014877631481068215,0.0,0.0,0.0,0.0,0.021275013017927547,0.0004463289444320464,0.0,0.0166629472587964,0.0,0.03406977609164621,0.008108309157182178,0.0,0.0,0.0,0.0026035855091869377,0.005430335490589898,0.0011902105184854572,0.0,0.0,0.0,0.0,0.0009670460462694339,0.0,0.0005207171018373874,0.0,0.0,0.0,0.0,0.0,0.0018597039351335267,0.0,0.0073644275831287655,0.0,0.0,0.016365394629175037,0.0,0.0004463289444320464,0.010116789407126386,0.02172134196235959,0.0,0.0,0.0,0.0,0.0,0.007066874953507403,0.1832924198467604,0.0,0.0,0.0009670460462694339,0.0007438815740534108,0.0,0.0,0.0,0.0,0.0,0.0,0.0016365394629175036,0.0,0.02157256564754891,0.0,0.0019340920925388677,0.0,0.0002975526296213643,0.0008182697314587518,0.05794837461876069,0.00014877631481068215,0.0,0.0,0.0012645986758907982,0.0,0.042178085248828386,7.438815740534107e-05,7.438815740534107e-05,0.0,0.0574276575169233,0.0,0.0,0.033400282674998144,0.00037194078702670533,0.0,0.0002975526296213643,0.016439782786580377,0.0,0.07795878896079744,0.0002975526296213643,0.0005951052592427285,0.0,0.0,0.0,0.0,0.0006694934166480697,0.0,7.438815740534107e-05,0.0,0.0002975526296213643,0.002008480249944209,0.0,0.0,0.0,0.048873019415309076,0.0,0.0
ob_zhu-NASH32,0.0,0.0,0.0,0.0,0.0,0.0001128158844765343,0.04253158844765343,0.0,0.0,0.00868682310469314,0.0004512635379061372,0.11146209386281589,0.26590703971119134,0.0,0.0,0.0,0.0,0.004399819494584838,0.012748194945848376,0.0,0.0,0.0,0.0,0.0,0.0,0.0,0.020194043321299638,0.0,0.0,0.0,0.0,0.019291516245487365,0.0,0.01805054151624549,0.0,0.0,0.009589350180505414,0.0,0.00315884476534296,0.0009025270758122744,0.005415162454873646,0.009476534296028882,0.0,0.0,0.0,0.0,0.0021435018050541513,0.03170126353790614,0.0,0.0002256317689530686,0.003158844765342961,0.0004512635379061372,0.0,0.0,0.0,0.0,0.0,0.0,0.0009025270758122744,0.0,0.0,0.0,0.0,0.0,0.0004512635379061372,0.0001128158844765343,0.005076714801444043,0.0001128158844765343,0.0,0.0,0.0002256317689530686,0.0,0.012861010830324912,0.0,0.0,0.0,0.02549638989169676,0.0,0.0,0.008461191335740071,0.0001128158844765343,0.0,0.0002256317689530686,0.014101985559566786,0.0001128158844765343,0.20182761732851986,0.0006768953068592059,0.003835740072202166,0.0,0.0,0.0,0.0,0.00078971119133574,0.005189530685920578,0.0001128158844765343,0.0,0.0,0.0029332129963898917,0.0,0.0,0.0,0.0034972924187725634,0.0,0.0
ob_zhu-NASH33,0.0,0.0,0.0,0.0,0.0,0.0,0.10974499089253188,0.0004553734061930783,0.0,0.001366120218579235,0.0,0.06785063752276868,0.0004553734061930783,0.0,0.0,0.0,0.0,0.020036429872495445,0.0031876138433515485,0.0,0.0,0.0,0.0,0.0,0.0,0.0,0.0,0.0,0.0,0.0,0.0,0.0,0.0,0.003187613843351548,0.0,0.0,0.0004553734061930783,0.0,0.0004553734061930783,0.0004553734061930783,0.0027322404371584704,0.0,0.0,0.0,0.0,0.0,0.0,0.015482695810564662,0.0,0.0,0.008652094717668488,0.0,0.0,0.0004553734061930783,0.0,0.0,0.0,0.0,0.0009107468123861566,0.0,0.013661202185792351,0.0,0.0,0.0,0.002276867030965392,0.002276867030965392,0.01366120218579235,0.0,0.0,0.0,0.0,0.0,0.004553734061930784,0.0,0.0,0.0,0.0031876138433515485,0.0,0.00273224043715847,0.005009107468123861,0.0,0.0,0.0,0.08333333333333334,0.0,0.44535519125683065,0.0,0.009562841530054645,0.0,0.0,0.0,0.0,0.0,0.0,0.0,0.0,0.0,0.0,0.0,0.0,0.0,0.018214936247723135,0.0,0.0
ob_zhu-NASH4,0.0,0.00028376844494892167,0.0,0.009790011350737798,0.0,0.0,7.094211123723042e-05,0.0007803632236095346,0.0,0.0005675368898978433,0.0,0.0026248581157775255,0.034619750283768444,0.0,0.004114642451759364,0.0,0.0,0.0,0.0,0.07243189557321227,0.0,0.0,0.0,0.0,0.00021282633371169125,0.0,0.024049375709421113,0.0,0.05746311010215664,0.002412031782065834,0.11414585698070374,0.0,0.0,0.00021282633371169125,0.0,0.0,7.094211123723042e-05,0.0016316685584562996,0.0,0.000851305334846765,0.0005675368898978433,0.0,0.0,7.094211123723042e-05,0.0007094211123723042,0.0,7.094211123723042e-05,0.0029795686719636776,0.0,0.0,0.00021282633371169125,0.0,0.0,0.0,0.0,0.0,0.002695800227014756,0.04795686719636776,0.00014188422247446084,0.003972758229284903,7.094211123723042e-05,0.0,0.0,0.0,7.094211123723042e-05,0.0,7.094211123723042e-05,0.0,0.0,0.0,7.094211123723042e-05,0.0,0.0009931895573212259,0.0,0.0,0.0,0.0006384790011350738,0.0,0.01525255391600454,0.0006384790011350738,0.006952326901248581,0.00170261066969353,0.0,0.0,0.0,0.001347900113507378,0.0,0.00021282633371169125,0.0,0.0003547105561861521,0.0,0.00014188422247446084,0.00014188422247446084,0.0,0.0,0.0,0.0,0.00028376844494892167,0.0,0.0,0.04050794551645857,0.0007094211123723042,0.0,0.0
ob_zhu-NASH43,0.0,0.0,0.0,0.0,0.0,0.0,0.019330504479019333,0.0,0.0,0.019801980198019802,0.0007072135785007072,0.206977840641207,0.0,0.0,0.0,0.0,0.0,0.00023573785950023574,0.0023573785950023575,0.0,0.0,0.0,0.0,0.0,0.0,0.0,0.020744931636020748,0.0,0.0,0.0,0.0,0.008722300801508723,0.0,0.1777463460631777,0.0,0.0,0.011786892975011787,0.0,0.0,0.00023573785950023574,0.006364922206506365,0.00023573785950023574,0.0,0.0,0.0,0.0,0.010136727958510136,0.06388495992456389,0.0,0.00023573785950023574,0.013672795851013674,0.0016501650165016502,0.0,0.0,0.0,0.0,0.0,0.0,0.0016501650165016502,0.0,0.0011786892975011788,0.0,0.000942951438000943,0.0,0.0,0.0,0.013201320132013203,0.002828854314002829,0.0,0.0,0.00023573785950023574,0.0,0.004714757190004715,0.0,0.0,0.0,0.0037718057520037722,0.0,0.0,0.02687411598302688,0.0,0.0,0.0,0.028995756718528998,0.0,0.2677982083922678,0.007072135785007073,0.0,0.0,0.0011786892975011788,0.0,0.0,0.0,0.004243281471004243,0.0,0.0,0.0,0.001885902876001886,0.0,0.0,0.0,0.020273455917020275,0.0,0.0
ob_zhu-NASH46,0.0,0.0,0.0,0.0,0.0,0.0,0.017080305746909503,0.03472680947437955,0.0,0.0013211286213079174,0.0,0.01934509766915165,0.000283098990280268,0.0,0.0,0.0,0.0,0.008115504388034349,0.02689440407662546,0.0,0.0,0.0,0.0,0.0,0.0,0.0009436633009342267,0.001981692931961876,0.0,0.00018873266018684534,0.0,0.0,0.008776068698688308,0.0,0.0006605643106539587,0.0,0.0,0.00566197980560536,0.0,0.006888742096819855,0.0016042276115881854,0.0074549400773803905,0.0028309899028026797,0.0,0.0,9.436633009342267e-05,0.0,0.005756346135698783,0.03066905728036237,0.0,0.0,0.008681702368594887,0.000283098990280268,0.0,0.0,0.0,0.0,0.000283098990280268,0.0,0.004812682834764556,0.0,0.0,0.00018873266018684534,0.002642257242615835,0.0,0.000849296970840804,0.0,0.046145135415683686,0.0,0.0,0.0,0.000849296970840804,0.0,0.0034915542134566387,0.0,0.0,0.0,0.0012267622912144947,0.0,0.0006605643106539587,0.027460602057186,0.000566197980560536,0.0,9.436633009342267e-05,0.019722562989525336,0.0018873266018684532,0.519769746154572,0.0009436633009342266,0.0,0.0,0.05010852127960744,0.0,0.0,0.00018873266018684534,0.0024535245824289895,0.00018873266018684534,0.0,0.0,0.008304237048221195,0.0,0.0,9.436633009342267e-05,0.004529583844484288,0.0,0.0
ob_zhu-NASH10,0.0,0.0001238390092879257,0.0,0.0,0.0,0.0,0.0,0.0,0.0,0.0,0.0,0.0016099071207430341,0.6439628482972137,0.0,0.027739938080495356,0.0001238390092879257,0.0,0.0,0.0,0.0018575851393188853,0.0,0.0,0.0,0.0,0.0,0.0,0.03640866873065015,0.0,0.04520123839009288,0.0,0.00037151702786377707,0.0001238390092879257,0.0011145510835913314,0.0001238390092879257,0.028111455108359135,0.0,0.0,0.004458204334365326,0.01647058823529412,0.001238390092879257,0.0002476780185758514,0.0,0.0,0.0,0.0007430340557275541,0.0,0.0,0.0,0.002105263157894737,0.0,0.0006191950464396285,0.0,0.009907120743034056,0.0,0.0,0.0002476780185758514,0.017213622291021673,0.0,0.0004953560371517028,0.0,0.0001238390092879257,0.001238390092879257,0.0,0.0,0.0001238390092879257,0.0,0.0,0.0,0.0,0.0,0.0,0.0,0.0001238390092879257,0.0,0.0,0.0026006191950464397,0.0,0.0011145510835913314,0.030712074303405574,0.0,0.0006191950464396285,0.0006191950464396285,0.0,0.00037151702786377707,0.0,0.028606811145510832,0.0001238390092879257,0.0014860681114551083,0.0,0.0006191950464396285,0.0,0.00037151702786377707,0.0,0.0,0.0001238390092879257,0.0001238390092879257,0.0,0.0,0.0,0.0,0.01894736842105263,0.0,0.002848297213622291,0.0
ob_zhu-NASH13,0.0,0.0004280821917808219,0.0,0.003424657534246575,0.0,0.0,0.0,0.023116438356164386,0.0,0.018407534246575343,0.0004280821917808219,0.051369863013698634,0.0004280821917808219,0.0,0.0004280821917808219,0.0,0.0,0.0,0.0017123287671232876,0.0,0.0,0.0,0.0,0.0,0.004708904109589041,0.0,0.0,0.0,0.0017123287671232876,0.0004280821917808219,0.0,0.0,0.0,0.026113013698630134,0.0,0.0,0.004280821917808219,0.0,0.0,0.004708904109589041,0.02011986301369863,0.0,0.0,0.0916095890410959,0.0,0.0,0.012842465753424657,0.08433219178082192,0.0,0.0,0.019263698630136987,0.0025684931506849314,0.0,0.0,0.0,0.0,0.005136986301369863,0.0,0.0008561643835616438,0.0,0.0,0.0,0.003852739726027397,0.0008561643835616438,0.0021404109589041095,0.0,0.008133561643835616,0.0,0.0,0.0,0.0004280821917808219,0.0,0.014126712328767123,0.0,0.0,0.0,0.0004280821917808219,0.0,0.0,0.015839041095890412,0.0,0.0,0.0,0.00898972602739726,0.0,0.5158390410958904,0.025684931506849314,0.0,0.0,0.0,0.0,0.0017123287671232876,0.0,0.0,0.0012842465753424657,0.0,0.0,0.0021404109589041095,0.0,0.0,0.003424657534246575,0.0,0.0,0.0
ob_zhu-NASH23,0.0,7.390436774813391e-05,0.0,0.0,0.0,0.0,0.002956174709925356,0.0,0.0,0.06680954844431305,0.0006651393097332052,0.11181730840292661,7.390436774813391e-05,0.0,0.0,0.0,0.0,0.0,7.390436774813391e-05,0.0,0.0,0.0,0.0,0.0,0.0,0.0,0.08499002291035401,0.0,0.0,0.0,0.0,0.0,0.0,0.01758923952405587,0.0,0.0,0.02453625009238046,0.0,0.0,0.004582070800384302,0.04463823811987288,0.0,0.0,0.14921291848348237,0.0,0.0,0.0022171310324440173,0.19385115660335528,0.0,0.0,0.01115955952996822,0.003325696548666026,0.0,0.0,0.0,0.0,7.390436774813391e-05,0.0,0.0010346611484738748,0.0,0.0,7.390436774813391e-05,0.0,0.0010346611484738748,0.0022910354001921514,0.003916931490651097,0.03680437513857069,0.0,0.0,0.0,0.0012563742517182766,0.0,0.04426871628113222,0.0,0.0,0.0,0.003251792180917892,0.0,0.0,0.06961791441874216,0.00022171310324440175,0.0,0.0,0.0019954179291996155,0.0,0.04389919444239154,0.0,0.0,0.0,0.018254378833789074,0.0,0.0,0.0012563742517182766,0.0,7.390436774813391e-05,0.0,0.0,0.0019954179291996155,0.0,0.0,0.0,0.0,0.0,0.0
ob_zhu-NASH3,7.722604062089736e-05,0.00038613020310448683,0.0,0.0006950343655880763,0.0,0.0,0.002316781218626921,0.00023167812186269208,0.0,0.000849486446829871,0.00015445208124179472,0.01876592787087806,0.007799830102710634,0.0,0.002316781218626921,0.0,0.00023167812186269208,0.00038613020310448683,0.0011583906093134604,0.00030890416248358944,0.0,0.0,0.0,0.0,0.0,0.0,0.0007722604062089737,0.0,0.182099003784076,0.0,0.0,0.00015445208124179472,0.00015445208124179472,0.007182021777743455,0.0,0.0,0.012819522743068962,7.722604062089736e-05,0.00015445208124179472,0.0024712332998687156,0.011197775890030116,0.0,0.0023940072592478186,0.022550003861302032,0.0006950343655880763,0.0,0.004170206193528457,0.06131747625299251,0.0,0.0,0.02216387365819754,0.0009267124874507684,0.0,0.0,0.0,0.0,0.17383581743763998,7.722604062089736e-05,0.0006950343655880763,0.0,0.005946405127809097,0.0,0.0,0.0,0.0,0.00030890416248358944,0.0,0.0,0.00038613020310448683,0.0,0.0004633562437253842,0.0,0.029036991273457415,0.00023167812186269208,0.0,0.0,0.005096918680979225,0.0,0.00038613020310448683,0.013051200864931655,0.0060236311684299946,0.0010039385280716656,0.0,0.006332535330913584,0.0016217468530388447,0.029654799598424587,7.722604062089736e-05,0.0015445208124179473,0.0025484593404896134,0.0023940072592478186,0.0,0.00030890416248358944,0.0,0.0007722604062089737,7.722604062089736e-05,0.0,0.0,0.007645378021468838,0.0,0.019152058073982545,0.0004633562437253842,0.07753494478338095,0.0,0.0
ob_zhu-NASH38,0.0,7.335680751173709e-05,0.0,0.0,0.0,0.0,0.0035944835680751176,0.01914612676056338,0.0,0.011076877934272299,0.0019072769953051643,0.13299589201877937,0.012323943661971832,0.0,0.0005868544600938967,0.0,0.0,7.335680751173709e-05,0.0011737089201877935,0.00029342723004694836,0.0,0.0,7.335680751173709e-05,0.0,0.0,0.0,0.002934272300469484,0.0,0.0033744131455399062,0.0,0.00022007042253521127,0.0,0.0,0.03667840375586854,0.0014671361502347417,0.0,0.0019806338028169014,0.0,0.0,0.0016138497652582158,0.003154342723004695,0.0,0.0,0.00014671361502347418,0.0,0.0,7.335680751173709e-05,0.016725352112676055,0.0,0.00029342723004694836,0.002640845070422535,0.00036678403755868543,0.0,0.0,0.0,0.0,0.0019806338028169014,0.0,0.00029342723004694836,0.0004401408450704225,0.0,0.0,0.0,7.335680751173709e-05,0.00029342723004694836,0.0,0.0824530516431925,7.335680751173709e-05,0.0,0.0,0.00022007042253521127,0.0,0.00176056338028169,0.0,0.0,7.335680751173709e-05,0.0010269953051643193,0.0,0.0012470657276995305,0.0038145539906103286,0.00022007042253521127,0.0,0.0,0.0022007042253521123,0.0,0.5971977699530517,0.01283744131455399,0.00022007042253521127,0.00029342723004694836,0.00036678403755868543,0.0,0.0,0.0,0.0,0.0,0.0,0.0,0.0007335680751173709,0.0,0.0,0.0016138497652582158,0.019732981220657277,0.0,0.0
ob_zhu-NASH40,0.0,0.0006575054244197516,0.0,6.575054244197515e-05,0.0,6.575054244197515e-05,0.007890065093037017,0.0,0.0,0.015517128016306133,0.0,0.023144190939575253,0.009270826484318496,0.0,0.000854757051745677,0.0,0.0,0.0,0.001315010848839503,0.0003287527122098758,0.0,0.0,0.0,0.0,6.575054244197515e-05,0.0,0.007035308041291341,0.0,0.006180550989545664,0.00019725162732592546,0.0,0.0,0.0,0.027417976198303634,0.0,0.00032875271220987574,0.005720297192451836,0.0,0.0,0.0005917548819777764,0.0033532776645407323,0.0,0.0,0.0,6.575054244197515e-05,0.0,0.0,0.07968965743967389,0.0,0.0,0.015451377473864158,0.0005260043395358012,0.0,0.0,0.0,6.575054244197515e-05,0.005588796107567888,0.0,6.575054244197515e-05,0.0,6.575054244197515e-05,0.0,0.0005917548819777764,6.575054244197515e-05,0.0013150108488395032,0.002104017358143205,0.0005260043395358012,0.0,0.0,0.0,0.00032875271220987574,0.0,0.006575054244197515,0.0,0.0,0.0,0.001315010848839503,0.0,0.002432770070353081,0.015517128016306135,0.0012492603063975279,0.0,0.0,0.019067657308172795,0.0,0.674600565454665,0.019264908935498717,0.0,0.0,6.575054244197515e-05,0.0,0.0009862581366296272,0.00039450325465185086,0.0,6.575054244197515e-05,0.0,0.0005260043395358012,0.0013807613912814782,6.575054244197515e-05,0.0,0.003221776579656782,0.00019725162732592546,0.0,0.0
ob_zhu-NASH41,0.0,0.00014988009592326138,0.0,0.0004496402877697842,0.0,0.0,0.01199040767386091,0.00029976019184652276,0.0,0.0028477218225419665,0.0,0.043615107913669064,0.007943645083932853,0.0,0.0032973621103117505,0.0,0.0,0.00029976019184652276,0.001948441247002398,0.00014988009592326138,0.0,0.0,0.0,0.0,0.0,0.00014988009592326138,0.00044964028776978414,0.0,0.002398081534772182,0.0,0.0,0.0004496402877697842,0.0,0.010191846522781774,0.0,0.0,0.0019484412470023981,0.0,0.0,0.00029976019184652276,0.00434652278177458,0.0,0.0,0.0,0.0,0.0,0.0013489208633093524,0.013339328537170262,0.0,0.0,0.00434652278177458,0.001498800959232614,0.0,0.0,0.0,0.0,0.0020983213429256594,0.0,0.00044964028776978414,0.0,0.024430455635491607,0.0,0.0,0.00014988009592326138,0.0019484412470023981,0.002398081534772182,0.0010491606714628297,0.0013489208633093524,0.0,0.0,0.0017985611510791368,0.0,0.008543165467625898,0.001199040767386091,0.0,0.0,0.0020983213429256594,0.0,0.0007494004796163068,0.0058453237410071935,0.00029976019184652276,0.0,0.0,0.008842925659472423,0.0022482014388489208,0.7604916067146282,0.01768585131894484,0.0,0.0022482014388489208,0.004196642685851319,0.0,0.0,0.002398081534772182,0.005845323741007194,0.0,0.0,0.0,0.0,0.0,0.0,0.0037470023980815345,0.0017985611510791366,0.0,0.0
ob_zhu-NASH42,0.0,0.0009666505558240697,0.0,6.041565973900435e-05,0.0,0.0,0.004531174480425325,0.0,0.021628806186563557,0.0005437409376510392,0.0,0.01721846302561624,0.4697317544707588,0.0,0.001570807153214113,0.0001208313194780087,0.0030811986466892215,0.001027066215563074,0.0025374577090381827,0.009847752537457708,0.0,0.0,0.0,0.0,0.0,0.0,0.004108264862252296,0.0,0.030570323827936195,0.0,0.0,0.003504108264862252,6.041565973900435e-05,0.004531174480425326,0.014560173997100048,0.0,0.0022957950700821655,0.0008458192363460609,0.0,0.0002416626389560174,0.0019333011116481392,0.0,0.0,0.0,0.0019333011116481392,0.0,0.0009062348960850652,0.005074915418076365,0.0,0.0,0.007310294828419527,0.00018124697921701304,0.0,0.0,0.0,0.0,0.05238037699371677,0.0,0.0013895601739971001,0.0,0.02881826969550507,0.0,0.00018124697921701306,0.0,0.0006645722571290479,0.0,0.0012687288545190913,0.0,0.0,0.0,0.00030207829869502174,6.041565973900435e-05,0.0019333011116481388,0.0006041565973900435,6.041565973900435e-05,0.0,0.00030207829869502174,0.0,0.008095698405026584,0.0036853552440792654,0.0001208313194780087,0.0,0.0,0.00749154180763654,0.0,0.19115514741420978,0.0,0.002235379410343161,0.0,0.0012687288545190913,0.0,0.0007854035766070565,0.0001208313194780087,0.0010874818753020782,0.0001208313194780087,0.0035041082648622525,0.0,6.041565973900435e-05,6.041565973900435e-05,0.0,0.03262445625906235,0.005014499758337361,0.0,0.0006041565973900435
ob_zhu-NASH44,0.0,0.0011880894037276306,0.0,0.0036385237989158686,0.0,0.00014851117546595382,0.006311724957303037,0.0,0.0,0.003341501447983961,0.00014851117546595382,0.0076483255364966215,0.2967995841687087,0.006460236132768991,0.012623449914606073,7.425558773297691e-05,0.0,0.001707878517858469,0.017598574292715524,0.017821341055914458,0.0,0.0,0.0,0.0,0.0,7.425558773297691e-05,0.03757332739288631,0.0,0.053612534343209325,0.0005197891141308383,0.0,0.002598945570654192,0.00022276676319893073,0.0028959679215860993,0.0,0.0,0.0037870349743818225,0.0007425558773297692,0.0,0.002376178807455261,0.008762159352491274,0.0003712779386648846,0.0,0.0,0.004603846439444568,0.0,0.008465137001559368,0.009281948466622114,7.425558773297691e-05,0.0,0.005494913492240292,0.00022276676319893073,0.0,0.0,0.0,0.00029702235093190764,0.12578896561966288,0.0,7.425558773297691e-05,0.0,0.0,0.0,0.0008910670527957229,0.00014851117546595382,0.0011138338159946536,0.0028217123338531228,0.004381079676245637,7.425558773297691e-05,0.00044553352639786146,0.0,0.0023761788074552607,0.0,0.0036385237989158686,0.0,0.00014851117546595382,0.0,0.003341501447983961,0.0,0.016484740476720876,0.004678102027177545,0.01462835078339645,0.0018563896933244226,0.0,0.004826613202643499,0.0019306452810573995,0.14702606371129429,0.000742555877329769,0.01180663844954333,0.0,0.01678176282765278,0.0,0.0020791564565233534,0.0011138338159946536,0.0,0.0003712779386648846,0.004603846439444568,0.0,0.0017821341055914456,7.425558773297691e-05,0.0,0.06423108338902503,0.001707878517858469,0.0,0.0
ob_zhu-NASH50,0.0,0.0,0.0,0.0,0.0,0.0,0.002601456815816858,0.0003121748178980229,0.0,0.004786680541103017,0.0,0.012903225806451613,0.8796045785639959,0.0011446409989594173,0.0001040582726326743,0.0,0.0,0.0009365244536940686,0.0007284079084287201,0.0,0.0,0.0,0.0,0.0,0.0,0.0,0.0,0.0,0.0,0.0,0.0,0.0,0.0,0.004474505723204995,0.0,0.0,0.002809573361082206,0.0,0.0,0.0,0.0018730489073881373,0.0004162330905306972,0.0,0.0,0.0,0.0,0.0018730489073881373,0.013527575442247659,0.0,0.0,0.001040582726326743,0.0001040582726326743,0.0,0.0,0.0,0.0,0.0,0.0,0.0,0.0,0.005202913631633715,0.0,0.0002081165452653486,0.0,0.0,0.0002081165452653486,0.021956295525494274,0.0,0.0,0.0,0.0002081165452653486,0.0,0.0037460978147762745,0.0,0.0,0.0,0.0001040582726326743,0.0,0.0,0.002705515088449532,0.0,0.0,0.0,0.0009365244536940687,0.0,0.017273673257023933,0.0,0.0014568158168574402,0.0,0.0,0.0,0.0,0.0002081165452653486,0.0009365244536940686,0.0,0.0,0.0,0.0001040582726326743,0.0,0.0,0.0,0.00218522372528616,0.0,0.0
ob_zhu-NASH51,0.0,0.0005562972852692479,0.0,0.00011125945705384957,0.0,0.0,0.022585669781931467,0.020916777926123717,0.0,0.01056964842011571,0.00011125945705384957,0.08778371161548731,0.0036715620827770363,0.0,0.0038940809968847356,0.00011125945705384957,0.0,0.0018914107699154427,0.002447708055184691,0.0013351134846461949,0.0,0.0,0.00022251891410769915,0.0,0.0,0.00011125945705384957,0.0017801513128615934,0.0,0.004450378282153983,0.0016688918558077437,0.0,0.0,0.00011125945705384957,0.032599020916777924,0.0,0.0004450378282153983,0.003560302625723186,0.00022251891410769915,0.00011125945705384957,0.0011125945705384957,0.006119270137961727,0.0,0.0,0.00011125945705384957,0.00011125945705384957,0.0,0.0041165999109924346,0.027592345349354695,0.0,0.00011125945705384957,0.014908767245215846,0.0,0.0,0.0,0.0,0.0,0.0003337783711615487,0.0,0.0005562972852692479,0.0004450378282153983,0.00011125945705384957,0.0003337783711615487,0.0013351134846461949,0.00022251891410769915,0.000778816199376947,0.0006675567423230974,0.02570093457943925,0.0,0.0,0.00022251891410769915,0.00011125945705384957,0.0,0.0035603026257231864,0.0,0.0,0.00022251891410769915,0.0005562972852692479,0.0,0.003894080996884735,0.0065643079661771245,0.0004450378282153983,0.00011125945705384957,0.0,0.03704939919893191,0.0,0.5836671117044949,0.0055629728526924785,0.0,0.0,0.009568313306631064,0.00011125945705384957,0.001001335113484646,0.0003337783711615487,0.00011125945705384957,0.0004450378282153983,0.0,0.0,0.00022251891410769915,0.0,0.0,0.0014463729417000444,0.024922118380062308,0.0,0.0
ob_zhu-NASH52,0.0,0.0,0.0,0.0,0.0,0.0,0.005509641873278237,0.000573921028466483,0.0,0.007920110192837464,0.0001147842056932966,0.05521120293847567,0.02238292011019284,0.0,0.01044536271808999,0.0,0.0,0.0003443526170798898,0.003443526170798898,0.0016069788797061523,0.0,0.0,0.0009182736455463728,0.0,0.0,0.0,0.0013774104683195593,0.0,0.0004591368227731864,0.0010330578512396695,0.0,0.0,0.0,0.04120752984389348,0.0,0.0,0.0018365472910927456,0.0,0.0003443526170798898,0.005853994490358127,0.0021808999081726357,0.000573921028466483,0.0,0.0,0.001147842056932966,0.0,0.0,0.06485307621671257,0.0,0.0,0.05004591368227732,0.0002295684113865932,0.0,0.0,0.0,0.0,0.0002295684113865932,0.0,0.0009182736455463728,0.0002295684113865932,0.01584022038567493,0.0002295684113865932,0.0,0.0013774104683195593,0.004476584022038568,0.002066115702479339,0.018480257116620755,0.0,0.0,0.002525252525252525,0.0002295684113865932,0.0,0.01147842056932966,0.0,0.001147842056932966,0.0,0.012626262626262628,0.0,0.010674931129476586,0.01618457300275482,0.000573921028466483,0.0001147842056932966,0.0,0.06496786042240588,0.0013774104683195593,0.4325068870523416,0.01595500459136823,0.0001147842056932966,0.0,0.0013774104683195593,0.0,0.0004591368227731864,0.003443526170798898,0.0,0.0,0.0,0.0,0.0067722681359045,0.0001147842056932966,0.0,0.0006887052341597796,0.008149678604224058,0.0,0.00573921028466483
ob_zhu-NASH55,0.0,0.0,0.0,0.0,0.0,0.0,0.017692779709552055,0.0006136224176723256,0.0,0.008386173041521783,0.0,0.04141951319288198,0.0007158928206177132,0.0,0.0,0.0,0.0,0.00040908161178155044,0.003988545714870117,0.0,0.0,0.0,0.0,0.0,0.0,0.0,0.0,0.0,0.00020454080589077522,0.0,0.0,0.0010227040294538761,0.0,0.0107383923092657,0.00010227040294538761,0.0,0.0030681120883616284,0.0,0.0,0.0011249744323992637,0.005011249744323993,0.00010227040294538761,0.0,0.0,0.0,0.0,0.0040908161178155045,0.061669052976068714,0.0,0.0005113520147269381,0.014931478830026592,0.00020454080589077522,0.0,0.00010227040294538761,0.0,0.0,0.00020454080589077522,0.0,0.0003068112088361628,0.0,0.034362855389650226,0.0,0.0009204336265084885,0.00020454080589077522,0.0010227040294538761,0.0,0.0,0.0,0.0,0.0,0.0007158928206177132,0.0,0.008386173041521785,0.01585191245653508,0.0,0.0,0.0017385968500715893,0.0,0.00010227040294538761,0.009408877070975659,0.00010227040294538761,0.0,0.0,0.024033544692166085,0.0,0.6669052976068726,0.02382900388627531,0.00010227040294538761,0.0,0.0009204336265084885,0.0,0.0,0.004908979341378605,0.0,0.00010227040294538761,0.0,0.0,0.0,0.0,0.0,0.00020454080589077522,0.003579464103088566,0.0,0.0
ob_zhu-NASH6,0.0,0.0,0.0,0.0,0.0,0.0,0.0,0.00046175157765122367,0.0,0.0,0.0,0.00015391719255040788,0.029782976758503922,0.0,0.028936432199476683,7.695859627520394e-05,0.0,0.0,0.0,0.0027705094659073418,0.0,0.0,0.0,0.0,0.0,0.0,0.03186085885793443,0.0,0.07534246575342467,0.0,0.00046175157765122367,0.0,7.695859627520394e-05,0.0,0.0,0.0,7.695859627520394e-05,0.0005387101739264276,0.0,0.0006156687702016315,0.0,0.0,0.00015391719255040788,0.0,0.00015391719255040788,0.0,0.0,7.695859627520394e-05,0.0,0.0,0.0010004617515776513,7.695859627520394e-05,0.0,0.0,0.0,0.0,0.012005541018931814,0.0,7.695859627520394e-05,0.00023087578882561183,0.0,0.0,0.0,0.0,0.0,0.0,0.0,0.0,0.0,0.0,0.0,0.0,0.00046175157765122367,0.0,0.0,0.00023087578882561183,0.0,0.0,0.026396798522394953,0.00015391719255040788,0.010697244882253348,0.0006926273664768354,0.0,0.0,0.0,0.00023087578882561183,0.0,0.00015391719255040788,0.0,0.0,0.0,0.0,0.0,0.0,0.0,0.0,0.0,0.0,0.0,0.0,0.010158534708326922,0.0,0.0,0.0
ob_zhu-NASH60,0.00010128633647320976,0.00020257267294641952,0.0,0.0,0.0,0.0,0.006482325534285425,0.0,0.00020257267294641952,0.0006077180188392586,0.00010128633647320976,0.003950167122455181,0.2927175124075762,0.0,0.01833282690165097,0.0,0.0,0.0044565988048212305,0.014483946115668996,0.0,0.0,0.0,0.02035855363111516,0.0,0.0,0.0,0.017623822546338496,0.0,0.01833282690165097,0.009622201964954927,0.0,0.0015192950470981463,0.00010128633647320976,0.0032411627671427128,0.0,0.0,0.0016205813835713562,0.0,0.0,0.007090043553124682,0.0007090043553124683,0.0,0.0,0.00010128633647320976,0.00010128633647320976,0.0,0.0005064316823660488,0.0027347310847766638,0.0009115770282588879,0.0,0.011951787703838751,0.00010128633647320976,0.0,0.0,0.0,0.0,0.02896789223133799,0.0,0.0005064316823660489,0.0,0.0,0.00030385900941962927,0.00030385900941962927,0.0,0.0,0.001215436037678517,0.0008102906917856782,0.0,0.0,0.001316722374151727,0.0008102906917856781,0.0,0.002228299402410615,0.0,0.0,0.0,0.0005064316823660488,0.0,0.03332320469968601,0.001215436037678517,0.00030385900941962927,0.0015192950470981463,0.0,0.0030385900941962926,0.0,0.36301022991998383,0.00040514534589283904,0.0020257267294641955,0.0,0.07019143117593436,0.0,0.00020257267294641952,0.00020257267294641952,0.0005064316823660489,0.0,0.0010128633647320977,0.0,0.00040514534589283904,0.0,0.0,0.014483946115668994,0.0041527397954015995,0.0,0.0
ob_zhu-NASH61,0.0,0.0003950617283950617,0.0,0.0,0.0023703703703703703,0.0,0.03446913580246914,0.0,0.0,0.0021728395061728395,0.0,0.04167901234567901,0.2586666666666667,0.0,9.876543209876543e-05,0.0,0.0,0.004148148148148148,0.0185679012345679,0.0,0.0,0.0,0.0,0.0,0.0,9.876543209876543e-05,0.017185185185185185,9.876543209876543e-05,9.876543209876543e-05,0.0,0.0,0.0,0.0,0.0345679012345679,9.876543209876543e-05,0.0,0.0061234567901234565,0.0009876543209876543,0.0,0.0011851851851851852,0.014320987654320987,0.0007901234567901235,0.0014814814814814814,0.0,9.876543209876543e-05,0.0,0.017382716049382716,0.021333333333333333,0.0,0.0,0.01145679012345679,0.0009876543209876543,0.0005925925925925926,9.876543209876543e-05,0.0,0.0,0.00019753086419753085,0.0,0.0024691358024691358,0.0,0.0,0.0,0.0023703703703703703,0.0,0.0010864197530864198,0.0,0.009777777777777778,0.0,0.0,0.0,0.0,0.001382716049382716,0.0071111111111111115,0.00582716049382716,0.0,0.0,0.03051851851851852,0.0,0.0002962962962962963,0.008098765432098766,0.0,0.0,0.00019753086419753085,0.04750617283950617,0.002074074074074074,0.22409876543209878,0.000691358024691358,0.008296296296296296,0.0,0.0002962962962962963,0.0,0.00019753086419753085,0.001382716049382716,0.0009876543209876543,0.0,0.0,0.0,0.0035555555555555557,0.001382716049382716,0.0,0.0002962962962962963,0.006222222222222223,0.0,0.000691358024691358
ob_zhu-NASH63,0.0068417837507635925,0.0,0.0,0.0,0.0,0.0,0.0003665241295051924,0.00036652412950519245,0.12376298106291998,0.0020769700671960903,0.0,0.004153940134392181,0.5147220525351253,0.0,0.0002443494196701283,0.0,0.0009773976786805131,0.0,0.0015882712278558336,0.0,0.0,0.0,0.0,0.0,0.0,0.0,0.0,0.0,0.0002443494196701283,0.0,0.0,0.0,0.0,0.0020769700671960903,0.0,0.0,0.0006108735491753207,0.0,0.0,0.0,0.0039095907147220525,0.0,0.0,0.0,0.0,0.0,0.0004886988393402566,0.0036652412950519244,0.0,0.00036652412950519245,0.012095296273671348,0.0002443494196701283,0.0,0.0,0.18081857055589493,0.0,0.0,0.0,0.0,0.0,0.017837507635919368,0.0,0.0002443494196701283,0.0,0.0014660965180207698,0.0007330482590103849,0.00012217470983506414,0.0,0.00012217470983506414,0.0,0.0,0.0,0.002687843616371411,0.0002443494196701283,0.0,0.0,0.00012217470983506414,0.0,0.0,0.0014660965180207696,0.0,0.0,0.0,0.002810018326206475,0.0,0.030299328039095907,0.0,0.01148442272449603,0.00012217470983506414,0.00036652412950519245,0.0,0.0,0.006108735491753207,0.0009773976786805131,0.0,0.0,0.0,0.0,0.0,0.0006108735491753207,0.0,0.00012217470983506414,0.0,0.00012217470983506414
ob_zhu-NASH66,0.0,0.0,0.0,0.0,0.0001635858007524947,0.0,0.014559136266972025,0.0,0.0,0.02682807132340913,0.0,0.34745624079829873,0.017340094879764435,0.0,0.0,0.0,0.0008179290037624734,0.0024537870112874205,0.0034353018158023883,0.0,0.0,0.0,0.0,0.0,0.0,0.0001635858007524947,0.021429739898576803,0.0,0.0,0.0,0.0,0.0,0.0,0.021266154097824307,0.0,0.0,0.02813675772942909,0.0,0.0,0.008506461639129723,0.02813675772942909,0.00768853263536725,0.0,0.0,0.0,0.000981514804514968,0.01832160968427941,0.11303778831997383,0.0,0.0003271716015049894,0.009978733845902175,0.0029445444135449044,0.0,0.0,0.0,0.0,0.0,0.0,0.004416816620317356,0.0,0.0,0.0,0.0017994438082774415,0.0,0.0,0.0,0.08146572877474237,0.0,0.0,0.0,0.0029445444135449044,0.0,0.02584655651889416,0.029118272533944056,0.0,0.0,0.004089645018812367,0.0,0.0,0.023719941109111728,0.0,0.0,0.0,0.012432520857189596,0.0001635858007524947,0.0431866513986586,0.0,0.0006543432030099788,0.0,0.0006543432030099788,0.0,0.0001635858007524947,0.0017994438082774415,0.0,0.0,0.0,0.0,0.004416816620317356,0.0,0.0,0.0,0.037297562571568785,0.0,0.0
ob_zhu-NASH67,0.0,0.00016020506247997436,0.0,0.026113425184235817,0.0,0.0,0.00016020506247997436,0.0,0.0,0.0,0.0,0.00048061518743992306,0.14322332585709707,0.0,0.00048061518743992306,0.00016020506247997436,0.0,0.0,0.0,0.02050624799743672,0.0,0.0,0.0,0.0,0.0,0.0,0.006888817686638898,0.0,0.09836590836270424,0.0,0.0,0.0,0.0,0.0003204101249599487,0.0,0.0,0.0,0.0009612303748798462,0.0,0.0,0.0,0.0,0.0,0.0004806151874399231,0.0,0.0,0.00016020506247997436,0.0004806151874399231,0.00016020506247997436,0.0,0.0,0.0003204101249599487,0.0,0.0,0.0,0.0,0.06536366549182955,0.0,0.00016020506247997436,0.0,0.0,0.0019224607497596924,0.0,0.0,0.0,0.0,0.001281640499839795,0.0,0.0008010253123998718,0.0,0.0,0.0,0.0,0.0,0.0,0.0,0.00016020506247997436,0.0,0.4418455623197693,0.00048061518743992306,0.0019224607497596924,0.00256328099967959,0.0,0.00016020506247997436,0.0,0.00368471643703941,0.0,0.0,0.0,0.00016020506247997436,0.0024030759371996154,0.0,0.0,0.0,0.0,0.0028836911246395386,0.0,0.0008010253123998718,0.00016020506247997436,0.0,0.12351810317206023,0.001762255687279718,0.0,0.0
ob_zhu-NASH68,0.0,0.000319642000958926,0.0,0.0,0.0,0.0,0.000639284001917852,0.0,0.0,0.00159821000479463,0.0,0.0019178520057535559,0.42688189228064566,0.0,0.00527409301582228,0.0,0.0,0.0,0.002237494006712482,0.0,0.0,0.0,0.0,0.0,0.0,0.0,0.0202972670608918,0.0,0.021096372063289116,0.0,0.0,0.0,0.0,0.00319642000958926,0.0,0.0,0.0019178520057535559,0.003356241010068723,0.0,0.002876778008630334,0.00479463001438389,0.0,0.0,0.002716957008150871,0.0,0.0,0.005593735016781206,0.01278568003835704,0.0,0.0,0.008949976026849925,0.000958926002876778,0.0,0.0,0.0,0.0,0.01965798305897395,0.0,0.000479463001438389,0.0,0.0,0.0,0.000159821000479463,0.000319642000958926,0.0035160620105481864,0.0,0.0,0.0,0.0,0.0,0.001758031005274093,0.0,0.005433914016301742,0.0,0.000159821000479463,0.0,0.0060731980182195935,0.0,0.08198817324596452,0.002397315007191945,0.011027649033082947,0.005913377017740131,0.0,0.022694582068083745,0.0,0.1676522295029567,0.03675883011027649,0.0,0.0,0.000639284001917852,0.0,0.000799105002397315,0.0076714080230142236,0.0,0.000159821000479463,0.000319642000958926,0.0,0.000159821000479463,0.0,0.0,0.022374940067124826,0.000319642000958926,0.0,0.003036599009109797
ob_zhu-NASH71,0.0,0.0,0.0,0.03399765533411488,0.0,0.0,0.0020841474534323305,0.005210368633580826,0.0,0.0,0.0,0.0065129607919760316,0.47284095349745997,0.0,0.006252442360296991,0.0,0.0,0.0,0.002735443532629934,0.0013025921583952064,0.0,0.0,0.0,0.0,0.0,0.0010420737267161652,0.012765403152273024,0.0,0.028917545916373584,0.0,0.0002605184316790413,0.0,0.0,0.0023446658851113715,0.0015631105900742479,0.0,0.0016933698059137684,0.00013025921583952066,0.0,0.0,0.00013025921583952066,0.0,0.0,0.0002605184316790413,0.0,0.0,0.0,0.0020841474534323305,0.0,0.0,0.001823629021753289,0.00013025921583952066,0.0,0.0,0.0,0.0,0.013677217663149667,0.0,0.0,0.0002605184316790413,0.0,0.0,0.0,0.0,0.00013025921583952066,0.00013025921583952066,0.0002605184316790413,0.0,0.0,0.0,0.0005210368633580826,0.0,0.0023446658851113715,0.0,0.0,0.0,0.0009118145108766445,0.0,0.0403803569102514,0.0005210368633580826,0.01393773609482871,0.0011723329425556857,0.0,0.0019538882375928096,0.0007815552950371239,0.07737397420867526,0.004949850201901785,0.0,0.0,0.0006512960791976032,0.0,0.0,0.0,0.0,0.0,0.0002605184316790413,0.0,0.0006512960791976032,0.0,0.0,0.01966914159176762,0.0020841474534323305,0.0,0.0
ob_zhu-NASH72,0.0,0.0004967709885742673,0.0,0.0,0.0,9.935419771485345e-05,0.01838052657724789,0.0,0.0,0.012617983109786388,0.0036761053154495777,0.1509190263288624,0.0020864381520119225,0.0,0.003477396920019871,0.0,0.0,0.0003974167908594138,0.005861897665176354,0.006458022851465474,0.0,0.0,0.0,0.0,0.0,0.0,0.0012916045702930949,0.0,0.035866865375062104,0.0,0.0,0.0011922503725782414,9.935419771485345e-05,0.09349230004967711,0.0,0.0001987083954297069,0.011525086934922999,0.0016890213611525087,0.0,0.008246398410332837,0.010432190760059613,0.0005961251862891207,0.0,0.0,0.007650273224043716,0.0,0.014406358668653751,0.04520615996025833,0.015797317436661698,0.0001987083954297069,0.007848981619473422,0.0015896671634376552,0.0,0.0,0.0,0.0,0.005563835072031793,0.0,0.0003974167908594138,0.0073522106308991555,0.0,0.0001987083954297069,0.0018877297565822156,0.0,9.935419771485345e-05,0.00029806259314456036,0.05136612021857924,0.0011922503725782414,9.935419771485345e-05,0.0,0.00029806259314456036,0.0,0.009538002980625931,0.0,9.935419771485345e-05,0.0,0.0008941877794336811,0.0,0.014008941877794336,0.011525086934923,0.004470938897168405,0.0027819175360158967,0.0,0.006557377049180328,0.0,0.1195230998509687,0.006954793840039742,0.0,0.0,0.00029806259314456036,0.0,0.0005961251862891207,0.00029806259314456036,0.004868355688027819,0.0005961251862891207,0.0001987083954297069,0.0,0.007153502235469449,0.0,0.0,0.035370094386487826,0.07650273224043716,0.0,0.00029806259314456036
ob_zhu-NASH73,0.0,0.0006535947712418301,0.0,6.535947712418301e-05,0.0,0.0,0.00019607843137254904,0.0,0.0,0.00013071895424836603,0.00130718954248366,0.00019607843137254904,0.33477124183006535,0.0,0.0418954248366013,0.0,0.0,0.0,0.00019607843137254904,0.0017647058823529412,0.002418300653594771,0.0,0.02104575163398693,0.0,0.0,0.0,0.04849673202614379,0.0,0.045424836601307195,0.0203921568627451,0.0,0.0,0.005294117647058824,6.535947712418301e-05,0.0035294117647058825,0.0,0.00026143790849673205,0.0026797385620915036,0.0,6.535947712418301e-05,6.535947712418301e-05,0.0,0.00013071895424836603,0.0,0.0058823529411764705,0.0,0.0,0.0,0.00045751633986928104,0.0,0.0,0.0,0.00026143790849673205,0.0058823529411764705,0.0,0.0,0.003071895424836601,0.0,0.0,0.002287581699346405,0.000718954248366013,0.0032026143790849673,6.535947712418301e-05,0.0,0.0,6.535947712418301e-05,0.00013071895424836603,0.0,0.0,0.002352941176470588,0.0,0.0,0.0,0.0,0.0,0.008169934640522876,0.0,0.0029411764705882353,0.14986928104575162,6.535947712418301e-05,0.004901960784313725,0.0005882352941176471,0.0,0.00032679738562091506,0.0,0.0008496732026143792,0.00013071895424836603,0.00026143790849673205,6.535947712418301e-05,6.535947712418301e-05,0.0,0.000784313725490196,6.535947712418301e-05,0.0,0.00026143790849673205,0.0,0.0,0.0,0.0,0.0,0.026601307189542484,0.0,0.0,0.0
ob_zhu-NASH74,0.0,0.0008547008547008547,0.0,0.0,0.0,0.00021367521367521368,0.013034188034188033,0.0,0.0,0.011324786324786326,0.002136752136752137,0.17799145299145297,0.0023504273504273503,0.0,0.0012820512820512823,0.0,0.0,0.000641025641025641,0.004273504273504274,0.005128205128205129,0.0,0.0,0.0,0.0,0.0,0.00042735042735042735,0.000641025641025641,0.0,0.029914529914529916,0.00021367521367521368,0.0,0.00021367521367521368,0.00021367521367521368,0.07521367521367521,0.0,0.0,0.008547008547008548,0.002564102564102564,0.0,0.005555555555555556,0.0070512820512820505,0.00042735042735042735,0.0,0.0,0.005555555555555556,0.0,0.012606837606837607,0.04059829059829059,0.01688034188034188,0.00042735042735042735,0.007264957264957265,0.0023504273504273508,0.0,0.0,0.0,0.0,0.005555555555555557,0.0,0.0,0.006623931623931625,0.0,0.0,0.0,0.0,0.000641025641025641,0.0,0.03867521367521367,0.0017094017094017094,0.0,0.0,0.0010683760683760685,0.0,0.007264957264957265,0.0,0.0,0.0,0.0012820512820512823,0.0,0.008547008547008548,0.00876068376068376,0.002777777777777778,0.0014957264957264958,0.00021367521367521368,0.00876068376068376,0.0,0.18995726495726495,0.0059829059829059825,0.0,0.0,0.00021367521367521368,0.0,0.0017094017094017094,0.00021367521367521368,0.004914529914529914,0.0,0.0,0.0,0.004700854700854701,0.0,0.0,0.03867521367521368,0.07905982905982906,0.0,0.0
ob_zhu-NASH9,0.0,0.0003968778939013097,0.0,0.00013229263130043657,0.0014552189443048022,0.0,0.010054239978833179,0.012567799973541474,0.0,0.008202143140627068,0.0,0.011641751554438418,0.00013229263130043657,0.0,0.22979230056885833,0.0,0.0,0.0006614631565021829,0.02659081889138775,0.0,0.0,0.0,0.003042730519910041,0.0,0.00013229263130043657,0.0,0.0,0.0003968778939013097,0.010715703135335363,0.0,0.0,0.0,0.0,0.01587511575605239,0.0,0.0,0.00383648630771266,0.00013229263130043657,0.00026458526260087314,0.00013229263130043657,0.004497949464214843,0.003042730519910041,0.0,0.0,0.005688583145918773,0.0,0.004101071570313534,0.01270009260484191,0.0,0.00013229263130043657,0.0006614631565021829,0.00013229263130043657,0.0,0.0,0.0,0.0,0.0033073157825109136,0.0,0.0011906336817039292,0.0011906336817039292,0.0,0.0,0.00013229263130043657,0.0003968778939013097,0.0,0.0,0.027781452573091676,0.0,0.0,0.0,0.0003968778939013097,0.0,0.009392776822330997,0.0,0.00013229263130043657,0.0,0.007540679984124884,0.0,0.004101071570313534,0.002910437888609604,0.0017198042069056754,0.0010583410504034925,0.0,0.151210477576399,0.0,0.35732239714247915,0.00423336420161397,0.0,0.0,0.0,0.0,0.00026458526260087314,0.0,0.0,0.0,0.0,0.00026458526260087314,0.002645852626008731,0.00013229263130043657,0.0,0.0003968778939013097,0.028442915729593864,0.0,0.0
ob_zhu-NASH.CR,0.0,0.0004953764861294584,0.0,0.0,0.0,0.0,0.002476882430647292,0.0,0.0,0.00511889035667107,0.0,0.12219286657859973,0.008256274768824307,0.0,0.001155878467635403,0.0,0.0,0.0004953764861294584,0.0034676354029062086,0.0,0.0,0.001486129458388375,0.00033025099075297226,0.0,0.0,0.0,0.003963011889035667,0.0,0.007926023778071334,0.00016512549537648613,0.0,0.0,0.0,0.003963011889035667,0.0,0.0,0.002311756935270806,0.00033025099075297226,0.0,0.00016512549537648613,0.009081902245706737,0.0,0.0,0.0,0.0,0.0,0.0,0.008091149273447819,0.0,0.0,0.011723910171730516,0.0006605019815059445,0.0,0.0,0.0,0.0,0.0031373844121532365,0.0,0.002642007926023778,0.00033025099075297226,0.0,0.0,0.0,0.00033025099075297226,0.001321003963011889,0.0009907529722589167,0.005449141347424043,0.0,0.0,0.0,0.0021466314398943197,0.0,0.0006605019815059445,0.0,0.00016512549537648613,0.0,0.0009907529722589167,0.0,0.04607001321003963,0.007760898282694848,0.00016512549537648613,0.0,0.0,0.020640686922060763,0.0006605019815059445,0.5312087186261559,0.0,0.01750330250990753,0.0,0.06720607661822985,0.0,0.0008256274768824307,0.00033025099075297226,0.0,0.00016512549537648613,0.001155878467635403,0.0,0.001486129458388375,0.0,0.0,0.007100396301188904,0.001486129458388375,0.0,0.0
ob_zhu-NASH.DP,0.0,0.0,0.0,0.0001590077913817777,0.0,0.0,0.0017490857051995546,0.06837335029416441,0.0,0.008745428525997774,0.0,0.006678327238034663,0.21593258069645413,0.0,0.0,0.0,0.0,0.0003180155827635554,0.002226109079344888,0.0,0.0,0.0030211480362537764,0.0,0.0,0.0,0.0,0.0001590077913817777,0.0,0.003657179201780887,0.0,0.0,0.0,0.0,0.022420098584830656,0.0,0.0,0.0030211480362537764,0.0,0.0,0.0004770233741453331,0.009381459691524886,0.0001590077913817777,0.0,0.0004770233741453331,0.0,0.0,0.003657179201780887,0.10176498648433774,0.0,0.0,0.02146605183653999,0.0023851168707266657,0.0,0.0,0.0,0.0,0.011448560979487996,0.0,0.0001590077913817777,0.0,0.12434409286055018,0.0,0.0003180155827635554,0.0001590077913817777,0.0004770233741453331,0.001113054539672444,0.0001590077913817777,0.0,0.0,0.0,0.0019080934965813325,0.0,0.010335506439815552,0.0,0.0,0.0,0.0,0.0,0.0,0.014787724598505326,0.0,0.0,0.0,0.012720623310542216,0.0015900779138177772,0.312609317856575,0.011925584353633329,0.0,0.0,0.001113054539672444,0.0,0.0,0.0023851168707266657,0.003975194784544443,0.0001590077913817777,0.0,0.0,0.0001590077913817777,0.0,0.0,0.006996342820798219,0.0,0.0,0.0
ob_zhu-NASH1,0.0,0.0,0.0,0.0,0.0,0.0,0.0,0.00046279155868196966,0.0,0.0,0.0,0.0031469825990373935,0.17437985931136613,0.0,0.007312106627175121,0.0,0.0,0.0,0.0006479081821547575,0.01878933728248797,0.0,0.0,0.0,0.0,0.0,0.0,0.04526101443909663,0.0,0.06164383561643837,0.0,0.0,0.0,0.0,0.00037023324694557573,0.0,0.0,0.0002776749352091818,0.0020362828582006663,0.001295816364309515,0.00684931506849315,0.0002776749352091818,0.0,0.0,9.255831173639393e-05,9.255831173639393e-05,0.0,0.0013883746760459089,0.0017586079229914846,0.0006479081821547575,0.0,0.003980007404664939,0.0,0.0,0.0,0.0,0.0,0.025453535727508334,0.0,0.02869307663828212,0.0055534987041836355,0.0,0.0,0.0,0.0,9.255831173639393e-05,0.00018511662347278786,0.0,0.0,0.0,0.0008330248056275454,9.255831173639393e-05,0.0,0.0011106997408367272,0.0,0.0,0.0,0.0008330248056275454,0.0,0.06377267678637541,0.0013883746760459089,0.013050721954831545,0.005090707145501666,9.255831173639393e-05,9.255831173639393e-05,0.0,0.0024990744168826365,0.0,0.0,0.0,0.11292114031840059,0.0,0.0,0.0,0.0,0.0,0.0006479081821547575,0.0,9.255831173639393e-05,0.0,9.255831173639393e-05,0.020825620140688637,0.00046279155868196966,0.0,0.0
ob_zhu-NASH11,0.0,0.0010991426687183997,0.0,0.004762951564446399,0.0,7.327617791455998e-05,0.0,0.0,0.0,0.02894409027625119,0.0010991426687183997,0.04367260203707774,0.08097017659558876,0.0,0.027771671429618228,0.0006594856012310398,0.0,0.0,0.0005862094233164798,0.0012456950245475196,0.0,0.0,0.017439730343665274,0.0,0.0,0.0,0.018685425368212792,0.0,0.20004396570674873,0.00014655235582911996,0.0012456950245475196,0.0,0.0015387997362057595,0.02791822378544735,0.006081922766908478,0.0,0.003004323294496959,0.003810361251557119,0.0,0.005275884809848318,0.005056056276104639,0.0,7.327617791455998e-05,0.0,0.0013922473803766396,0.0,0.011650912288415036,0.04828900124569502,0.0,0.0,0.005275884809848318,0.0006594856012310398,0.0,0.0,0.0,0.0,0.061258884736572136,0.0,7.327617791455998e-05,0.0011724188466329596,0.00021982853374367993,7.327617791455998e-05,0.0,0.0005129332454019198,7.327617791455998e-05,0.0,0.004030189785300798,0.0008060379570601598,7.327617791455998e-05,0.0,0.0,0.0,0.010478493441782078,0.0,0.0,0.016780244742434232,0.0008060379570601598,0.00043965706748735987,0.03825016487140031,0.013629369092108155,0.003737085073642559,0.0005862094233164798,0.0,0.014142302337510074,0.0,0.06909943577343006,0.0,0.0012456950245475196,7.327617791455998e-05,0.0019784568036931194,0.0,0.0019784568036931194,0.0,0.0,0.0002931047116582399,0.003883637429471679,0.0003663808895727999,0.0008060379570601598,0.00021982853374367993,0.0,0.0818494907305635,0.0007327617791455998,0.0,0.0
ob_zhu-NASH17,0.0,0.0009497427779976258,0.0,0.00015829046299960426,0.0,0.0,0.00015829046299960426,0.004352987732489117,0.0,0.0007914523149980214,0.00015829046299960426,0.022239810051444403,0.29790265136525523,0.0,0.0053027305104867434,0.001662049861495845,0.0,0.0,0.0003957261574990107,0.02374356944994064,0.0015829046299960427,0.0,0.0054610209734863475,0.0,0.0,0.0,0.03403244954491492,0.0,0.0774831816383063,0.0,0.0,0.00015829046299960426,0.0008705975464978235,0.002770083102493075,0.0014246141669964386,0.0,0.0009497427779976257,0.0074396517609814005,0.0,0.03514048278591215,0.0007914523149980214,0.0,7.914523149980213e-05,0.0,0.00110803324099723,0.0,0.0,0.004669568658488325,0.0,0.0,0.01772853185595568,7.914523149980213e-05,0.00015829046299960426,0.00015829046299960426,0.0,0.0003957261574990107,0.0258804907004353,0.0,0.000554016620498615,7.914523149980213e-05,0.0,0.006252473288484369,0.0,0.0003957261574990107,0.000633161851998417,0.00047487138899881284,0.0002374356944994064,0.0,0.0,0.0,0.0,0.0,0.0014246141669964386,0.0,0.0,0.002453502176493866,0.0007123070834982193,7.914523149980213e-05,0.09774436090225563,0.00110803324099723,0.006331618519984172,0.006885635140482786,0.0,0.007914523149980214,0.0,0.09529085872576178,0.0,0.004590423426988524,0.0,0.01408785120696478,0.0,0.0004748713889988128,7.914523149980213e-05,0.0,0.0002374356944994064,0.0015037593984962407,0.0,0.0007914523149980214,0.0,0.0,0.03419074000791452,0.0007123070834982193,0.0,0.0
ob_zhu-NASH2,0.0,0.0,0.0,0.0,0.0,0.0,0.000566251415628539,0.0,0.0,0.013363533408833521,0.0,0.018912797281993205,0.0,0.0,0.00011325028312570782,0.0,0.0,0.0,0.0,0.0011325028312570782,0.0,0.0,0.0,0.0,0.0,0.0,0.012117780294450736,0.0,0.002944507361268403,0.0,0.0,0.0,0.0,0.031710079275198186,0.0,0.0,0.005549263873159682,0.0,0.0,0.003057757644394111,0.026500566251415628,0.0,0.0,0.0,0.0,0.0,0.0035107587768969423,0.667044167610419,0.00011325028312570782,0.00022650056625141563,0.01755379388448471,0.000679501698754247,0.0,0.0,0.0,0.0,0.0016987542468856172,0.0,0.0009060022650056625,0.0,0.00045300113250283127,0.0,0.0,0.0,0.0,0.0023782559456398643,0.0,0.0,0.0,0.0005662514156285391,0.00045300113250283127,0.0,0.011211778029445075,0.0003397508493771234,0.0,0.0,0.0014722536806342015,0.00022650056625141563,0.0007927519818799548,0.031936579841449604,0.00011325028312570782,0.00011325028312570782,0.00022650056625141563,0.0022650056625141564,0.0003397508493771234,0.013023782559456399,0.0003397508493771234,0.0,0.003737259343148358,0.06874292185730466,0.0,0.0,0.0021517553793884486,0.0,0.0,0.0,0.0,0.0012457531143827858,0.0,0.0,0.0015855039637599094,0.02763306908267271,0.0,0.0
ob_zhu-NASH21,0.0,0.0007733952049497294,0.0,0.0,0.0,0.0,0.0004640371229698376,0.008816705336426915,0.004949729311678267,0.0,0.0,0.00015467904098994585,0.18352668213457077,0.0,0.0959783449342614,0.0,0.0,0.0,0.0,7.733952049497293e-05,0.0,0.0,0.0,0.0,0.0,0.0,0.02745552977571539,0.0,0.025599381283836042,0.013843774168600154,0.0,0.0,7.733952049497293e-05,0.0026295436968290795,0.0,0.0,0.00015467904098994585,0.0013147718484145397,0.0,0.006187161639597834,0.0013147718484145397,0.0,0.0,0.0007733952049497294,0.0013147718484145397,0.0,0.00015467904098994585,0.004021655065738592,0.0,0.0,0.0033255993812838364,7.733952049497293e-05,0.0005413766434648105,0.0,0.0,0.0,0.0053364269141531325,0.0,0.0004640371229698376,0.004949729311678268,0.0,0.00015467904098994585,7.733952049497293e-05,0.0,0.0013921113689095129,0.0,0.0,0.0,0.0,0.002088167053364269,7.733952049497293e-05,0.0,0.009435421500386697,0.0,0.0,0.0015467904098994585,0.0005413766434648105,0.0,0.06852281515854601,0.007347254447022427,0.0018561484918793501,0.0002320185614849188,0.0,0.0030162412993039443,0.00015467904098994585,0.3393658159319412,0.0,0.010904872389791185,0.0,0.0,0.0,0.0002320185614849188,0.0027842227378190258,0.0009280742459396752,0.0003866976024748647,0.0,0.0,0.0,0.0,0.0,0.02923433874709977,0.0,7.733952049497293e-05,0.0
ob_zhu-NASH22,0.0,0.003976398152898923,0.0,0.0,6.413545407901488e-05,0.00019240636223704464,0.00019240636223704461,0.007119035402770651,0.0,0.01391739353514623,0.0003206772703950744,0.189648537711647,0.015841457157516677,0.0,0.007439712673165726,0.0,0.0,0.0,0.00044894817855310417,0.00262955361723961,0.0,0.0,0.0,0.0,0.00012827090815802975,0.0,0.00564391995895331,0.0,0.005579784504874294,0.0002565418163160595,0.0,0.0,0.0,0.11262185736275011,0.0007054899948691636,0.0,0.0,0.00012827090815802975,0.0,0.0014109799897383275,0.014366341713699333,0.005066700872242175,6.413545407901488e-05,0.0,0.0,0.0,0.0,0.0564391995895331,0.0,0.0,0.009620318111852232,0.0012185736275012826,0.0,0.0,0.0,0.0,0.0007696254489481786,0.0,0.0,0.0,0.03456900974858902,0.0009620318111852233,0.0,6.413545407901488e-05,0.000513083632632119,0.0,0.037839917906618774,0.0012185736275012826,0.0,0.0,0.0,0.0,0.0014109799897383275,0.0,0.0,0.00012827090815802975,0.002116469984607491,0.0,0.007824525397639816,0.003912262698819908,0.001026167265264238,0.0002565418163160595,0.0,0.012955361723961004,0.0,0.3270266803488969,0.02642380708055413,0.0,6.413545407901488e-05,0.0024371472550025657,0.0,0.0061570035915854285,0.0007054899948691636,0.0003206772703950744,0.001154438173422268,0.00019240636223704464,0.0,0.006092868137506414,0.00012827090815802975,0.0,0.007696254489481785,0.003912262698819908,0.0,0.0
ob_zhu-NASH34,0.0,0.00014381246854102252,0.0,0.0,0.0,0.0,0.0005752498741640901,0.0,0.0,0.00035953117135255634,0.0006471561084346013,0.009563529157977996,0.16660674480477458,0.0,0.01812037103616884,0.0007909685769756237,0.006399654850075502,0.0,0.0020852807938448264,0.004745811461853743,0.0009347810455166463,0.0,0.0,0.0,0.0,0.0,0.02121233910980082,0.00014381246854102252,0.02538290069749047,0.0017257496224922701,0.0,7.190623427051126e-05,0.00021571870281153377,0.00172574962249227,0.0,0.0,0.0035234054792550517,0.0012224059825986914,0.0,0.0018695620910332928,0.006759186021428058,0.0,0.0,0.0071906234270511255,0.005824404975911412,0.0,0.0,0.006974904724239592,0.0002157187028115338,0.0,0.010929747609117711,0.00028762493708204504,0.0,0.0,0.0,0.00014381246854102252,0.0005033436398935788,0.0,0.006399654850075501,0.00014381246854102252,7.190623427051126e-05,0.0017257496224922703,0.00043143740562306753,0.00014381246854102252,0.002444811965197383,0.002444811965197383,0.004314374056230676,0.0,0.0,0.0004314374056230676,0.0012224059825986914,0.0,0.0055367800388293675,7.190623427051126e-05,0.0004314374056230676,0.001366218451139714,0.0007909685769756237,7.190623427051126e-05,0.021643776515423888,0.012295966060257426,0.0012224059825986912,0.0017257496224922701,0.0,0.0006471561084346013,0.0,0.5889120586754871,0.001366218451139714,0.0003595311713525563,0.00057524987416409,0.013230747105774071,0.0,0.0002157187028115338,0.0006471561084346013,0.0,7.190623427051126e-05,0.0,0.0,0.0006471561084346013,0.0,0.0,0.006183936147263969,7.190623427051126e-05,0.0,0.0
ob_zhu-NASH36,0.0,0.0011619221512158685,0.0,0.0,0.006556560710432402,8.299443937256204e-05,0.0002489833181176861,0.0,0.0,0.0007469499543530584,8.299443937256204e-05,0.025396298448003986,0.7990704622790272,0.0005809610756079343,0.024981326251141175,0.0,0.0,8.299443937256204e-05,8.299443937256204e-05,0.0014109054693335547,0.0,0.0,0.003568760893020168,0.0,0.00016598887874512408,0.0,0.017428832268238027,0.0,0.005394638559216533,0.0,0.0,0.0,0.0,0.011536227072786124,0.0,0.0,0.0027388164992945474,0.0006639555149804963,0.0,0.0008299443937256205,0.004232716408000664,0.0026558220599219853,0.0,0.0,0.0,0.0011619221512158685,0.0009959332724707444,0.007469499543530584,0.0,0.00016598887874512408,0.00365175533239273,0.0013279110299609926,0.0,0.0,0.0,0.0,0.0,0.0,0.00033197775749024816,0.0,0.0,0.0006639555149804963,0.0004149721968628102,0.0,0.0,0.00016598887874512408,0.0009959332724707444,0.0002489833181176861,0.0,8.299443937256204e-05,0.0,0.0,0.004315710847373226,0.0,0.0,0.0,0.0004979666362353722,0.0,0.010125321603452569,0.002240849863059175,0.00033197775749024816,0.00016598887874512408,0.0,0.0007469499543530584,0.0,0.007967466179765955,0.0,0.0025728276205494232,0.00033197775749024816,0.0018258776661963648,0.0,0.002323844302431737,0.00016598887874512408,0.0004149721968628102,0.0008299443937256205,0.0,0.0,0.0010789277118433064,0.006639555149804964,0.0,0.003900738650510416,0.0006639555149804963,0.0,0.0
ob_zhu-NASH37,0.0,0.0005577244841048522,0.0,0.002390247789020795,0.0,0.0,0.0010357740419090111,0.0,0.0,0.0,0.0,0.0020715480838180223,0.32260377659150663,0.0,0.08079037526890288,0.00015934985260138634,0.0,0.0,0.0005577244841048522,0.0003186997052027727,0.0,0.0,0.005656919767349215,0.0,0.0,0.0,0.0338618436777946,0.0,0.07632857939606405,0.010357740419090112,0.004860170504342284,0.000956099115608318,0.00039837463150346584,0.0006373994104055454,0.002310572862720102,0.0,0.001912198231216636,0.0011154489682097045,0.0,0.017528483786152498,0.0007967492630069316,0.0,0.0,0.0002390247789020795,0.0035853716835311925,0.0,0.0,0.0007967492630069318,0.000478049557804159,0.0,0.010118715640188033,0.0007170743367062385,7.967492630069317e-05,0.0,0.0,0.0,0.05290415106366027,0.0,0.0020715480838180223,0.000478049557804159,0.0010357740419090111,0.0003186997052027727,0.0,0.00015934985260138634,0.0027089474942235676,0.0007967492630069317,0.0,0.0007967492630069317,0.0,0.007330093219663773,0.0,0.0,0.0010357740419090111,0.00015934985260138634,0.00015934985260138634,0.00015934985260138634,0.000478049557804159,7.967492630069317e-05,0.05059357820094017,0.001434148673412477,0.0002390247789020795,0.000478049557804159,0.0,0.003824396462433272,0.0,0.09887658353916023,0.0,0.011234164608397736,0.00015934985260138634,0.09632698589753805,0.0011951238945103976,0.0002390247789020795,0.001354473747111784,0.000956099115608318,7.967492630069317e-05,0.0021512230101187156,0.0,7.967492630069317e-05,0.0,0.0,0.018484582901760815,7.967492630069317e-05,0.00039837463150346584,0.0
ob_zhu-NASH39,0.0,0.0027864284543517455,0.0,0.0004097688903458449,0.0004917226684150139,0.0010653991148991968,0.00016390755613833797,0.0,0.0,0.0063104409113260125,0.0,0.023029011637436488,0.07457793804294378,0.018849368955908868,0.010326176036715293,0.0,8.195377806916898e-05,8.195377806916898e-05,0.0,0.0,0.0,0.0,0.0006556302245533519,0.0,0.0,0.0,0.006802163579741027,0.0,0.15710539255859696,0.0009014915587608589,0.0,0.0,0.0009834453368300277,0.023930503196197345,0.0,0.0,0.0009014915587608589,0.0021307982297983936,0.0,0.0009014915587608588,0.0035240124569742666,0.0011473528929683658,0.0009834453368300277,0.0011473528929683658,0.004097688903458449,0.0,0.000655630224553352,0.012293066710375349,0.0,8.195377806916898e-05,0.0060645795771185045,0.0,0.0,0.0,0.0,0.0009014915587608589,0.11875102442222585,0.0,0.0,0.00016390755613833797,0.000655630224553352,8.195377806916898e-05,0.00016390755613833797,0.0,0.0,0.0,0.00024586133420750693,0.0,8.195377806916898e-05,0.0,0.0,0.0,0.015817079167349615,8.195377806916898e-05,0.0,0.0,0.0,8.195377806916898e-05,0.00163907556138338,0.02540567120144239,8.195377806916898e-05,0.0004917226684150139,0.0,0.0004917226684150139,0.0,0.06400590067202097,0.0,0.0,0.0,0.20160629405015573,8.195377806916898e-05,0.003196197344697591,0.0,0.0,0.0021307982297983936,0.00024586133420750693,0.0,0.04212424192755286,0.00016390755613833797,0.0,0.11571873463366661,0.0008195377806916899,0.0,0.0
ob_zhu-NASH54,0.0,0.0,0.0,0.0,0.0,0.0,0.0016100898966858984,0.008855494431772441,0.0,0.0002683483161143164,0.0,0.004561921373943378,0.22125318663625387,0.0,0.005903662954514961,0.0,0.0,0.0,0.003622702267543271,0.000670870790285791,0.0,0.0,0.0,0.0,0.0,0.0,0.02763987655977459,0.0,0.010733932644572656,0.0,0.0,0.0,0.0067087079028579095,0.000670870790285791,0.0,0.0,0.0020126123708573726,0.000670870790285791,0.011538977592915604,0.0018784382128002146,0.0018784382128002146,0.0,0.0,0.0,0.002146786528914531,0.0,0.000670870790285791,0.0024151348450288474,0.0,0.0,0.006708707902857909,0.0,0.0,0.0,0.0,0.0,0.0,0.0,0.0038910505836575876,0.0,0.0,0.0001341741580571582,0.0001341741580571582,0.0,0.004964443848114853,0.0008050449483429492,0.0,0.0,0.0001341741580571582,0.0014759157386287402,0.0014759157386287402,0.0,0.0008050449483429491,0.0,0.0002683483161143164,0.0,0.0,0.0,0.07057560713806521,0.0010733932644572653,0.002280960686971689,0.0009392191064001073,0.0,0.004159398899771904,0.0008050449483429492,0.4741714745739971,0.001341741580571582,0.0,0.0,0.011136455118744129,0.0,0.0005366966322286328,0.0010733932644572655,0.005501140480343485,0.0,0.0005366966322286328,0.0,0.0,0.0,0.0,0.004561921373943378,0.0001341741580571582,0.0,0.0
ob_zhu-NASH56,0.0,0.0006409082585607032,0.0,0.0,0.0,0.0,9.155832265152902e-05,0.0,0.0,0.0010986998718183483,0.0,0.05621681010803882,0.7561801867789782,0.03268632118659586,0.00018311664530305805,0.0,0.0,0.00018311664530305805,0.0007324665812122322,0.0,0.0,0.0,0.0,0.0,0.0,9.155832265152902e-05,0.0017396081303790514,0.0,0.0003662332906061161,0.0,9.155832265152902e-05,0.0,0.0,0.013459073429774766,0.0003662332906061161,0.0,0.003845449551364219,9.155832265152902e-05,0.0,0.0004577916132576451,0.0017396081303790514,9.155832265152902e-05,0.00018311664530305805,0.0,0.0,0.0,0.0010071415491668192,0.005676616004394799,0.0,9.155832265152902e-05,0.0023805163889397546,0.0003662332906061161,0.0,0.0,0.0,0.0,0.0004577916132576451,0.0,9.155832265152902e-05,0.0,0.0,0.0,9.155832265152902e-05,0.0,0.0,0.0,0.0061344076176524445,0.0006409082585607032,0.0,0.0,9.155832265152902e-05,0.0,0.0019227247756821095,0.0006409082585607032,0.0,0.0,0.0016480498077275224,0.0,0.0,0.006958432521516206,9.155832265152902e-05,0.0,0.0,0.006683757553561619,0.0,0.06857718366599524,0.0062259659403039735,0.0,0.0013733748397729353,0.0004577916132576451,0.0,0.0009155832265152902,0.00018311664530305805,0.0,0.0011902581944698773,0.0,0.0,0.0007324665812122322,9.155832265152902e-05,0.0,0.0008240249038637612,0.0008240249038637612,0.0,0.0
ob_zhu-NASH57,0.0,8.985533291400844e-05,0.0,0.0002695659987420253,0.0,0.0,0.0017971066582801688,0.0009884086620540928,0.0,0.00035942133165603376,0.0,0.006110162638152574,0.6096684338215473,0.0,0.059933507053643635,8.985533291400844e-05,0.0,0.001797106658280169,0.0007188426633120675,0.005660885973582532,0.0,0.0,0.0,0.0,0.0,0.0,0.011591337945907089,0.0,0.02839428520082667,0.023182675891814178,0.0,0.0,0.001437685326624135,0.0023362386557642194,0.0,0.0,0.0005391319974840506,0.0007188426633120675,0.0,0.0002695659987420253,0.000808697996226076,0.00017971066582801688,0.0,0.0,0.00035942133165603376,0.0,0.0010782639949681013,0.0027855153203342614,8.985533291400844e-05,0.0,0.0004492766645700422,0.0002695659987420253,0.0,0.0,0.0,0.0,0.00934495462305688,0.0,8.985533291400844e-05,0.00350435798364633,0.0,0.0,8.985533291400844e-05,0.0,0.0,0.0,0.0002695659987420253,0.0,8.985533291400844e-05,0.0,0.0,0.0,0.000808697996226076,0.0,0.0,0.0,0.0,0.0,0.034234881840237215,0.0011681193278821097,0.00575074130649654,0.0033246473178183125,0.0,0.0012579746607961182,8.985533291400844e-05,0.011411627280079073,0.0006289873303980591,0.0,0.0,8.985533291400844e-05,0.0,0.0002695659987420253,0.0,0.00017971066582801688,8.985533291400844e-05,0.00035942133165603376,0.0,8.985533291400844e-05,0.0,0.0,0.013568155270015276,0.0017072513253661606,0.0,0.0
ob_zhu-NASH58,0.0,0.002044989775051125,0.0057259713701431495,0.00040899795501022495,0.0,0.0,0.004498977505112475,0.001226993865030675,0.0,0.004498977505112475,0.0,0.029856850715746425,0.08793456032719837,0.0,0.00408997955010225,0.0,0.0,0.0008179959100204499,0.001226993865030675,0.0,0.0,0.0,0.007361963190184049,0.0,0.0028629856850715747,0.0,0.013087934560327199,0.0,0.016359918200409,0.0,0.0,0.0,0.00245398773006135,0.006543967280163599,0.00040899795501022495,0.0,0.0032719836400817996,0.00040899795501022495,0.0,0.0016359918200408998,0.00899795501022495,0.0,0.0,0.0,0.0028629856850715747,0.0,0.001226993865030675,0.021676891615541923,0.0,0.0,0.033946830265848674,0.0,0.0,0.0,0.0,0.0,0.043353783231083846,0.0,0.0016359918200408998,0.0008179959100204499,0.0,0.00040899795501022495,0.00040899795501022495,0.00408997955010225,0.0,0.00040899795501022495,0.0008179959100204499,0.0,0.0,0.00040899795501022495,0.0,0.0,0.005316973415132925,0.00040899795501022495,0.00040899795501022495,0.0,0.00040899795501022495,0.0,0.024539877300613498,0.007770961145194274,0.0016359918200408998,0.00040899795501022495,0.0,0.007770961145194274,0.00040899795501022495,0.3406952965235174,0.01881390593047035,0.0,0.0,0.22004089979550104,0.00040899795501022495,0.00408997955010225,0.0,0.006134969325153374,0.0016359918200408998,0.0,0.0,0.0,0.00040899795501022495,0.0,0.0008179959100204499,0.0028629856850715747,0.0,0.0
ob_zhu-NASH62,0.0,0.0006531678641410843,0.0,8.164598301763554e-05,8.164598301763554e-05,0.0,0.02065643370346179,0.0,0.0,0.00383736120182887,8.164598301763554e-05,0.10083278902677989,0.1886838667537557,0.0,0.02645329849771391,0.0008981058131939908,0.003265839320705421,0.004408883082952318,0.008082952318745918,0.0016329196603527107,0.00016329196603527107,0.0,0.0,0.0,0.0,0.0,0.022534291312867407,0.0,0.005470280862181581,0.0006531678641410843,0.0,0.0005715218811234487,0.004327237099934683,0.058621815806662314,0.0013063357282821686,0.00016329196603527107,0.005225342913128674,0.0013063357282821686,0.0002449379490529066,0.0011430437622468974,0.005062050947093403,0.0004898758981058132,0.0,0.0,0.0022044415414761596,0.0,0.007593076420640105,0.02759634225996081,0.005062050947093403,0.0,0.005633572828216852,0.0004082299150881777,0.0,0.0,0.0,0.0,0.0,0.0,0.001224689745264533,0.0,0.0,8.164598301763554e-05,0.0004082299150881777,0.0,0.0,0.0018778576094056175,0.012818419333768778,0.0,8.164598301763554e-05,0.00016329196603527107,0.0004898758981058132,0.0005715218811234487,0.007429784454604834,0.004245591116917048,0.0,0.0004898758981058132,0.008654474199869366,0.0,0.0355976485956891,0.004490529065969954,0.0035924232527759633,0.0009797517962116264,0.0,0.00767472240365774,0.00032658393207054214,0.22640431090790336,0.005225342913128674,0.0,0.0,8.164598301763554e-05,0.0,0.0004082299150881777,0.002449379490529066,0.008246244284781188,0.00016329196603527107,0.0,0.0,0.0,0.0,0.0,0.010124101894186806,0.015676028739386023,0.0,0.0
ob_zhu-NASH65,0.0,8.899172376968942e-05,0.0,0.00026697517130906825,8.899172376968942e-05,8.899172376968942e-05,0.0008009255139272048,0.0,0.0,0.001690842751624099,0.0,0.0031147103319391295,0.13001690842751623,0.0,0.017442377858859128,0.0008899172376968942,0.0,0.0,0.0,0.0015128593040847202,0.0009789089614665836,0.0,0.03586366467918484,0.0,0.0,0.0,0.053928984604431796,0.0,0.10216249888760347,0.0009789089614665836,0.0,0.0,0.00026697517130906825,0.0015128593040847202,0.0012458841327756519,0.0,0.0,0.004182611017175403,0.0,0.008454213758120496,0.001690842751624099,0.0,0.00017798344753937884,0.0008009255139272048,0.00017798344753937884,0.0,0.0,0.003826644122096645,0.0,0.0,0.013259766841683724,8.899172376968942e-05,0.0004449586188484471,0.0,0.0,0.0005339503426181365,0.05125923289134111,0.0,0.0,0.0027587434368603722,0.0,0.00026697517130906825,0.0,0.00017798344753937884,0.0003559668950787577,0.002135801370472546,0.004449586188484471,0.0,0.00017798344753937884,0.0017798344753937885,8.899172376968942e-05,0.0,0.0037376523983269558,0.0,0.0,0.001067900685236273,0.002580759989320993,0.0005339503426181365,0.021002046809646704,0.012636824775295898,0.023671798522737385,0.006140428940108569,0.0,0.002847735160630061,8.899172376968942e-05,0.10225149061137315,0.0092551392720477,0.0040936192934057135,0.00017798344753937884,0.24143454658716743,0.0,0.0005339503426181365,0.0037376523983269553,0.0012458841327756519,0.00026697517130906825,0.0,0.0,8.899172376968942e-05,8.899172376968942e-05,0.0,0.06006941354454035,0.0015128593040847202,0.0,0.0
ob_zhu-NASH69,0.0,0.0005599104143337066,0.0,0.0,0.0,0.0,0.020156774916013438,0.005879059350503919,0.0,0.0057390817469204925,0.00013997760358342665,0.10232362821948487,0.00013997760358342665,0.0,0.06676931690929452,0.0,0.0,0.0018197088465845466,0.03597424412094065,0.0,0.0,0.0,0.0,0.0,0.0,0.0,0.008258678611422172,0.0,0.0013997760358342665,0.01791713325867861,0.0,0.00013997760358342665,0.0,0.0272956326987682,0.0,0.0,0.0030795072788353866,0.0,0.0,0.00041993281075028,0.005319148936170213,0.0,0.0,0.0,0.0011198208286674132,0.0,0.0075587905935050395,0.025195968645016796,0.0,0.0,0.004479283314669653,0.00041993281075027993,0.0,0.0,0.0,0.0,0.0002799552071668533,0.0,0.00013997760358342665,0.0,0.09378499440089585,0.0,0.0012597984322508398,0.0,0.0,0.0022396416573348264,0.04339305711086226,0.0,0.0,0.0,0.0006998880179171333,0.0,0.0036394176931690927,0.0,0.00013997760358342665,0.0,0.0012597984322508398,0.0,0.0025195968645016797,0.006578947368421052,0.0002799552071668533,0.00041993281075028,0.0,0.030375139977603584,0.00013997760358342665,0.31089025755879063,0.039053751399776036,0.0,0.0,0.0005599104143337066,0.0,0.0002799552071668533,0.0,0.005459126539753639,0.00013997760358342665,0.0,0.0,0.0025195968645016797,0.0,0.0,0.00041993281075027993,0.01497760358342665,0.0,0.002379619260918253
ob_zhu-NASH7,0.0,0.0,0.0,0.0,0.007394262052647146,0.0,0.0022182786157941437,0.0,0.0,0.009760425909494233,0.0001478852410529429,0.09435078379177758,0.20970127181307305,0.0,0.0001478852410529429,0.0,0.0,0.0,0.0007394262052647146,0.0023661638568470865,0.0,0.0,0.0,0.0,0.0,0.0,0.004732327713694173,0.0,0.015084294587400177,0.0,0.0,0.0008873114463176574,0.0,0.06832298136645962,0.0,0.0,0.002366163856847087,0.0007394262052647146,0.0,0.0002957704821058858,0.006506950606329488,0.0,0.0,0.0,0.0010351966873706005,0.0,0.0032534753031647446,0.0896184560780834,0.0,0.0,0.004288671990535345,0.0001478852410529429,0.0,0.0,0.0,0.0,0.005175983436853002,0.0,0.0001478852410529429,0.001922508133688258,0.0,0.0,0.0002957704821058858,0.0001478852410529429,0.0002957704821058858,0.0001478852410529429,0.0,0.0,0.0,0.0,0.0,0.0,0.013901212658976632,0.0,0.0,0.0,0.0019225081336882578,0.0,0.0038450162673765156,0.012422360248447206,0.0010351966873706003,0.0010351966873706005,0.0,0.020556048506359066,0.0,0.3553682342502218,0.005028098195800059,0.0,0.0,0.0,0.0,0.0002957704821058858,0.0019225081336882578,0.0,0.0001478852410529429,0.0002957704821058858,0.0,0.005028098195800058,0.0,0.0,0.011830819284235435,0.0,0.0,0.0
ob_zhu-NASH70,0.0,0.0011659541391371938,0.0,0.0,0.000777302759424796,0.0,0.017100660707345512,0.0,0.0,0.008938981733385153,0.003497862417411582,0.044306257287213366,0.0011659541391371938,0.0,0.0,0.0,0.0,0.0,0.000777302759424796,0.0,0.0,0.0,0.0,0.0,0.0,0.000388651379712398,0.000388651379712398,0.0,0.0,0.0,0.0,0.0,0.0,0.06296152351340847,0.0,0.0,0.006218422075398368,0.0,0.0,0.0031092110376991842,0.010882238631947143,0.0,0.0,0.09211037699183831,0.0,0.0,0.00388651379712398,0.04702681694520015,0.0,0.0,0.011270890011659542,0.003109211037699184,0.0,0.0,0.0,0.0,0.00194325689856199,0.0,0.0,0.0,0.0,0.0,0.0,0.0,0.000388651379712398,0.0,0.0,0.000777302759424796,0.0,0.0,0.000388651379712398,0.0,0.008161678973960359,0.0,0.0,0.0,0.00194325689856199,0.0,0.000388651379712398,0.00582977069568597,0.0,0.0,0.0,0.11193159735717062,0.001165954139137194,0.49242129809560825,0.028371550719005052,0.0,0.0,0.0,0.0,0.000388651379712398,0.003109211037699184,0.005441119315973572,0.000388651379712398,0.0,0.0,0.0,0.0,0.0,0.000388651379712398,0.0,0.0,0.0
ob_zhu-NASH8,0.0,0.0,0.0,0.00014222727919214906,0.0,0.0,0.0147916370359835,0.011520409614564074,0.0,0.019200682690940125,0.00014222727919214906,0.11378182335371925,0.00042668183757644715,0.0,0.0038401365381880246,0.0,0.0,0.0,0.0012800455127293415,0.00014222727919214906,0.0,0.0,0.0,0.0,0.0,0.0,0.0,0.0,0.0014222727919214907,0.0,0.0,0.006400227563646707,0.0,0.07708718532214479,0.0,0.0,0.007680273076376049,0.0,0.0,0.006542454842838857,0.020480728203669467,0.00014222727919214906,0.0,0.0,0.00014222727919214906,0.0,0.0008533636751528943,0.07381595790072536,0.0,0.0,0.019627364528516572,0.0005689091167685962,0.0,0.0,0.0,0.0,0.0075380457971839,0.0,0.0009955909543450435,0.0,0.0,0.0,0.0011378182335371923,0.00014222727919214906,0.0012800455127293412,0.0021334091878822356,0.02702318304650832,0.0002844545583842981,0.0,0.0,0.00014222727919214906,0.0,0.0150760915943678,0.0,0.00014222727919214906,0.0,0.0031290001422272793,0.0,0.0,0.014649409756791352,0.00014222727919214906,0.0,0.0,0.0027023183046508323,0.0,0.4666477030294411,0.02716541032570047,0.0,0.0,0.001991181908690087,0.0,0.0,0.005831318446878111,0.003982363817380173,0.0,0.0,0.0,0.0018489546294979376,0.0,0.0,0.0007111363959607453,0.00896031858910539,0.0,0.0
