,k__Bacteria;p__Actinobacteria;c__Actinobacteria;o__Coriobacteriales;f__Coriobacteriaceae;g__Slackia,k__Bacteria;p__Firmicutes;c__Clostridia;o__Clostridiales;f__Ruminococcaceae;g__Clostridium_IV,k__Bacteria;p__Bacteroidetes;c__Bacteroidia;o__Bacteroidales;f__Porphyromonadaceae;g__Porphyromonas,k__Bacteria;p__Firmicutes;c__Bacilli;o__Lactobacillales;f__Streptococcaceae;g__Streptococcus,k__Bacteria;p__Firmicutes;c__Clostridia;o__Clostridiales;f__Lachnospiraceae;g__Lachnospiracea_incertae_sedis,k__Bacteria;p__Bacteroidetes;c__Bacteroidia;o__Bacteroidales;f__Prevotellaceae;g__Paraprevotella,k__Bacteria;p__Firmicutes;c__Erysipelotrichia;o__Erysipelotrichales;f__Erysipelotrichaceae;g__Turicibacter,k__Bacteria;p__Firmicutes;c__Clostridia;o__Clostridiales;f__Ruminococcaceae;g__Butyricicoccus,k__Bacteria;p__Firmicutes;c__Negativicutes;o__Selenomonadales;f__Veillonellaceae;g__Dialister,k__Bacteria;p__Bacteroidetes;c__Bacteroidia;o__Bacteroidales;f__Porphyromonadaceae;g__Parabacteroides,k__Bacteria;p__Firmicutes;c__Clostridia;o__Clostridiales;f__Ruminococcaceae;g__Acetanaerobacterium,k__Bacteria;p__Proteobacteria;c__Gammaproteobacteria;o__Pasteurellales;f__Pasteurellaceae;g__Haemophilus,k__Bacteria;p__Bacteroidetes;c__Bacteroidia;o__Bacteroidales;f__Bacteroidaceae;g__Bacteroides,k__Bacteria;p__Bacteroidetes;c__Bacteroidia;o__Bacteroidales;f__Porphyromonadaceae;g__Barnesiella,k__Bacteria;p__Firmicutes;c__Clostridia;o__Clostridiales;f__Lachnospiraceae;g__Clostridium_XlVb,k__Bacteria;p__Firmicutes;c__Clostridia;o__Clostridiales;f__Ruminococcaceae;g__Subdoligranulum,k__Bacteria;p__Firmicutes;c__Clostridia;o__Clostridiales;f__Lachnospiraceae;g__Oribacterium,k__Bacteria;p__Bacteroidetes;c__Bacteroidia;o__Bacteroidales;f__Rikenellaceae;g__Alistipes,k__Bacteria;p__Firmicutes;c__Negativicutes;o__Selenomonadales;f__Acidaminococcaceae;g__Phascolarctobacterium,k__Bacteria;p__Proteobacteria;c__Betaproteobacteria;o__Burkholderiales;f__Sutterellaceae;g__Parasutterella,k__Bacteria;p__Firmicutes;c__Clostridia;o__Clostridiales;f__Lachnospiraceae;g__Roseburia,k__Bacteria;p__Proteobacteria;c__Betaproteobacteria;o__Burkholderiales;f__Sutterellaceae;g__Sutterella,k__Bacteria;p__Firmicutes;c__Erysipelotrichia;o__Erysipelotrichales;f__Erysipelotrichaceae;g__Catenibacterium,k__Bacteria;p__Firmicutes;c__Bacilli;o__Lactobacillales;f__Lactobacillaceae;g__Lactobacillus,k__Bacteria;p__Proteobacteria;c__Gammaproteobacteria;o__Enterobacteriales;f__Enterobacteriaceae;g__Escherichia/Shigella,k__Bacteria;p__Firmicutes;c__Clostridia;o__Clostridiales;f__Lachnospiraceae;g__Hespellia,k__Bacteria;p__Firmicutes;c__Negativicutes;o__Selenomonadales;f__Acidaminococcaceae;g__Acidaminococcus,k__Bacteria;p__Firmicutes;c__Clostridia;o__Clostridiales;f__Lachnospiraceae;g__Anaerostipes,k__Bacteria;p__Actinobacteria;c__Actinobacteria;o__Coriobacteriales;f__Coriobacteriaceae;g__Collinsella,k__Bacteria;p__Firmicutes;c__Negativicutes;o__Selenomonadales;f__Veillonellaceae;g__Veillonella,k__Bacteria;p__Firmicutes;c__Clostridia;o__Clostridiales;f__Ruminococcaceae;g__Faecalibacterium,k__Bacteria;p__Bacteroidetes;c__Bacteroidia;o__Bacteroidales;f__Prevotellaceae;g__Prevotella,k__Bacteria;p__Firmicutes;c__Clostridia;o__Clostridiales;f__Lachnospiraceae;g__Coprococcus,k__Bacteria;p__Bacteroidetes;c__Bacteroidia;o__Bacteroidales;f__Prevotellaceae;g__Alloprevotella,k__Bacteria;p__Proteobacteria;c__Gammaproteobacteria;o__Pasteurellales;f__Pasteurellaceae;g__Mannheimia,k__Bacteria;p__Actinobacteria;c__Actinobacteria;o__Coriobacteriales;f__Coriobacteriaceae;g__Eggerthella,k__Bacteria;p__Bacteroidetes;c__Bacteroidia;o__Bacteroidales;f__Prevotellaceae;g__Hallella,k__Bacteria;p__Firmicutes;c__Clostridia;o__Clostridiales;f__Ruminococcaceae;g__Flavonifractor,k__Bacteria;p__Proteobacteria;c__Deltaproteobacteria;o__Desulfovibrionales;f__Desulfovibrionaceae;g__Bilophila,k__Bacteria;p__Firmicutes;c__Clostridia;o__Clostridiales;f__Ruminococcaceae;g__Gemmiger,k__Bacteria;p__Bacteroidetes;c__Bacteroidia;o__Bacteroidales;f__Porphyromonadaceae;g__Odoribacter,k__Bacteria;p__Verrucomicrobia;c__Verrucomicrobiae;o__Verrucomicrobiales;f__Verrucomicrobiaceae;g__Akkermansia,k__Bacteria;p__Firmicutes;c__Clostridia;o__Clostridiales;f__Lachnospiraceae;g__Clostridium_XlVa,k__Bacteria;p__Firmicutes;c__Clostridia;o__Clostridiales;f__Lachnospiraceae;g__Dorea,k__Bacteria;p__Firmicutes;c__Bacilli;o__Bacillales;f__Staphylococcaceae;g__Staphylococcus,k__Bacteria;p__Firmicutes;c__Clostridia;o__Clostridiales;f__Clostridiaceae_1;g__Anaerosporobacter,k__Bacteria;p__Firmicutes;c__Clostridia;o__Clostridiales;f__Peptostreptococcaceae;g__Clostridium_XI,k__Bacteria;p__Proteobacteria;c__Deltaproteobacteria;o__Desulfovibrionales;f__Desulfovibrionaceae;g__Desulfovibrio,k__Bacteria;p__Firmicutes;c__Clostridia;o__Clostridiales;f__Ruminococcaceae;g__Sporobacter,k__Bacteria;p__Firmicutes;c__Clostridia;o__Clostridiales;f__Clostridiaceae_1;g__Clostridium_sensu_stricto,k__Bacteria;p__Firmicutes;c__Clostridia;o__Clostridiales;f__Lachnospiraceae;g__Ruminococcus2,k__Bacteria;p__Firmicutes;c__Clostridia;o__Clostridiales;f__Ruminococcaceae;g__Oscillibacter,k__Bacteria;p__Firmicutes;c__Clostridia;o__Clostridiales;f__Incertae_Sedis_XI;g__Murdochiella,k__Bacteria;p__Firmicutes;c__Negativicutes;o__Selenomonadales;f__Veillonellaceae;g__Megasphaera,k__Bacteria;p__Firmicutes;c__Clostridia;o__Clostridiales;f__Ruminococcaceae;g__Ruminococcus,k__Bacteria;p__Firmicutes;c__Clostridia;o__Clostridiales;f__Ruminococcaceae;g__Pseudoflavonifractor,k__Archaea;p__Euryarchaeota;c__Methanobacteria;o__Methanobacteriales;f__Methanobacteriaceae;g__Methanobrevibacter,k__Bacteria;p__Actinobacteria;c__Actinobacteria;o__Bifidobacteriales;f__Bifidobacteriaceae;g__Bifidobacterium,k__Bacteria;p__Proteobacteria;c__Gammaproteobacteria;o__Aeromonadales;f__Succinivibrionaceae;g__Succinivibrio,k__Bacteria;p__Firmicutes;c__Clostridia;o__Clostridiales;f__Lachnospiraceae;g__Blautia,k__Bacteria;p__Bacteroidetes;c__Bacteroidia;o__Bacteroidales;f__Porphyromonadaceae;g__Butyricimonas,k__Bacteria;p__Firmicutes;c__Erysipelotrichia;o__Erysipelotrichales;f__Erysipelotrichaceae;g__Clostridium_XVIII
t1d_alkanani-PD-40,0.0,0.0,0.0,0.0,0.0012001200120012002,0.0,0.0,0.0,0.0,0.029402940294029404,0.0,0.0,0.8148814881488149,0.0,0.0,0.0,0.0,0.09450945094509451,0.0018001800180018,0.0,0.038103810381038106,0.0,0.0,0.0,0.0,0.0,0.0,0.0,0.0,0.0,0.012001200120012002,0.00030003000300030005,0.0,0.0,0.0,0.0,0.0,0.0,0.0,0.0009000900090009002,0.0009000900090009002,0.00030003000300030005,0.0,0.0,0.0,0.0,0.0,0.0,0.0,0.0,0.0,0.00030003000300030005,0.0,0.0,0.004200420042004201,0.0,0.0,0.0,0.0,0.0,0.0,0.0
t1d_alkanani-PD-20,0.0,0.0,0.0,0.00011934598400763814,0.00835421888053467,0.0031029955841985917,0.0,0.0,0.0,0.0048931853443131635,0.0,0.0,0.3307077216851653,0.0,0.0,0.0,0.0,0.19417591598042727,0.00023869196801527628,0.0,0.0005967299200381908,0.0,0.0,0.0,0.0,0.0,0.0,0.00047738393603055255,0.0,0.0,0.01277002028881728,0.14822771213748656,0.0005967299200381908,0.0,0.0,0.0,0.0,0.0,0.0,0.004177109440267335,0.11302064685523332,0.0003580379520229144,0.00954767872061105,0.0,0.0,0.0,0.0029836496001909535,0.0,0.00011934598400763814,0.0,0.0,0.0013128058240840196,0.0,0.0,0.08580976250149183,0.0,0.0,0.0,0.0,0.0,0.00023869196801527628,0.0
t1d_alkanani-PD-39,0.0,0.0,0.0,0.0,0.01822503961965135,0.0,0.0,0.0,0.013866877971473852,0.02654516640253566,0.0,0.0,0.559825673534073,0.0,0.0,0.0,0.0,0.06774960380348652,0.005942947702060222,0.0,0.05309033280507132,0.0,0.0,0.0,0.0,0.0,0.0,0.0,0.0,0.0,0.07527733755942947,0.16759112519809827,0.0,0.0,0.0,0.0,0.0,0.0,0.0,0.0003961965134706815,0.0,0.0019809825673534074,0.0,0.0,0.0,0.0,0.0,0.0,0.0,0.0,0.0,0.0,0.0,0.0,0.003169572107765452,0.0,0.0,0.0,0.0,0.000792393026941363,0.0,0.0
t1d_alkanani-PD-11,0.0,0.001702127659574468,0.0,0.0,0.0021749408983451537,0.0,0.0,0.0,0.05995271867612293,0.0,0.0,0.0,0.8665721040189125,0.0,0.0,0.0,0.0,0.0157919621749409,0.0,0.0,0.029692671394799055,0.0,0.0,0.0,0.0,0.0,0.0,0.00018912529550827424,0.0,0.0,0.006146572104018913,0.0,0.0,0.0,0.0,0.0,0.0,0.0,0.0,0.0,0.0,0.0,0.0,0.0,0.0,0.0,0.0,0.0,0.0,0.0,0.0,0.0,0.0,0.0,0.014468085106382977,0.0,0.0,0.0,0.0,0.0,0.0,0.0
t1d_alkanani-NO-15,0.0,0.00010955302366345311,0.0,0.0,0.009750219106047328,0.0,0.0,0.0,0.00985977212971078,0.031879929886064855,0.0,0.0,0.5490797546012269,0.0016432953549517966,0.0,0.0,0.0,0.05937773882559159,0.00043821209465381246,0.003724802804557406,0.016104294478527608,0.0,0.0,0.0,0.0,0.0,0.0,0.00032865907099035934,0.0,0.0,0.02574496056091148,0.00032865907099035934,0.00021910604732690623,0.0,0.0,0.0,0.0,0.0,0.0,0.0006573181419807187,0.033085013146362835,0.0,0.0,0.00032865907099035934,0.0,0.0,0.00010955302366345311,0.004053461875547765,0.0,0.0,0.00032865907099035934,0.06671779141104295,0.0,0.0,0.028702892199824716,0.0,0.0,0.007559158632778265,0.0,0.002738825591586328,0.0,0.0
t1d_alkanani-PD-28,0.0,0.0006718993372629265,0.0,0.0,0.0056195217298353846,0.0,0.0,6.108175793299331e-05,0.0017102892221238127,0.0,0.00042757230553095316,0.00012216351586598662,0.7680420242494579,0.0,0.0,9.162263689948997e-05,3.0540878966496655e-05,0.05152246281647986,0.0,3.0540878966496655e-05,0.08349876309440185,0.00030540878966496657,0.0,0.0,6.108175793299331e-05,0.0,0.0,0.000702440216229423,9.162263689948996e-05,0.000977308126927893,0.01884372232232844,0.0,0.00036649054759795984,0.0,0.0,0.0,3.0540878966496655e-05,0.0,0.0,0.0011605534007268728,0.004184100418410042,0.0020767797697217724,0.0007024402162294232,0.0002748679106984699,0.0,0.0,9.162263689948996e-05,0.0,0.0005191949424304431,0.0018324527379897995,0.00039703142656445645,0.0011300125217603763,0.0,0.0,0.03124331918272608,0.0,0.0,0.0002137861527654766,0.0,0.001862993616956296,0.0,0.0
t1d_alkanani-PD-13,0.0,0.0,0.0,0.0,0.0,0.0,0.0,0.0,0.003838771593090211,0.0,0.0,0.0,0.9510556621881,0.0,0.0,0.0,0.0,0.0013709898546750753,0.0,0.0,0.03358925143953935,0.0,0.0,0.0,0.0,0.0,0.0,0.00027419797093501506,0.0,0.0,0.009185632026323005,0.0,0.0,0.0,0.0,0.0,0.0,0.0,0.0,0.0,0.0,0.0,0.0,0.0,0.0,0.0,0.0,0.0,0.0,0.0,0.0,0.0,0.0,0.0,0.0,0.0,0.0,0.0,0.0,0.00013709898546750753,0.0,0.0
t1d_alkanani-PD-23,0.0,0.0,0.0,5.967655308229397e-05,0.00011935310616458794,0.0007757951900698216,0.0,0.0,0.0,0.015754610013725606,0.0,0.0,0.7408844065166796,0.0,0.0,0.0,0.0,0.09369218833920152,0.04535418034254342,0.0,0.0013128841678104672,0.0,0.0,0.0,0.0,0.0,0.0,0.00011935310616458794,0.0,0.0,0.00781762845378051,0.03365757593841379,5.967655308229397e-05,0.0,0.0,0.0,0.0,0.0,0.0,0.001670943486304231,0.01056274989556603,0.0,0.0,0.0,0.0,0.0,0.0,0.0,0.005072507011994987,0.0,0.0,0.00023870621232917588,0.0,0.0,0.03055439517813451,0.0,0.0,0.005191860118159575,0.0,5.967655308229397e-05,0.0,0.0
t1d_alkanani-PD-04,0.0,0.0,0.0,0.0,0.004187994416007446,0.0,0.0,0.0,0.0,0.008375988832014892,0.0,0.0,0.8464402047463937,0.0,0.0,0.0,0.0,0.0037226617031177293,0.0,0.0,0.030711959050721268,0.0,0.0,0.0,0.0,0.0,0.0,0.002326663564448581,0.0,0.0,0.06049325267566309,0.02931596091205212,0.0,0.0,0.0,0.0,0.0,0.0,0.0,0.00046533271288971617,0.0,0.0,0.0,0.0,0.0,0.0,0.0,0.0,0.0,0.0,0.0013959981386691485,0.0,0.0,0.0013959981386691485,0.0009306654257794323,0.0,0.0009306654257794323,0.0,0.0,0.004653327128897162,0.0,0.0
t1d_alkanani-NO35,0.0,0.0015003369400755256,0.0009663187071672875,0.00877315668349248,0.015778967310455312,0.0,1.271471983114852e-05,6.357359915574261e-05,0.00029243855611641595,0.0017673460565296444,8.900303881803965e-05,5.085887932459408e-05,0.4840493839718242,0.0,0.0,0.0008391715088558022,2.542943966229704e-05,0.06131037902579817,0.0,0.0,0.05994990400386528,0.0005975918320639805,0.0,0.0,0.00048315935358364374,5.085887932459408e-05,0.0,0.011913692481786163,0.015143231318897887,0.0013859044615951886,0.030388180396444964,0.0008137420691935052,0.0035601215527215862,0.0,0.0,6.357359915574261e-05,0.0018690638151788327,0.00011443247848033668,0.0,0.0009663187071672875,0.003572836272552734,0.0,0.0006230212717262775,0.0027336647636969323,0.0,2.542943966229704e-05,0.0047044463375249534,0.0,0.000661165431219723,0.00012714719831148522,0.013286882223550204,0.0020343551729837634,0.00015257663797378225,0.0,0.11937850449465345,0.0,0.0,1.271471983114852e-05,0.0,0.02631947005047744,0.0,0.0005340182329082379
t1d_alkanani-PD-10,0.0,0.0029606716747680073,0.0,0.0,0.004728236853733981,0.0,0.0,0.0,0.015422006186478127,0.0,0.0,0.0,0.904993371630579,0.0,0.0,0.0,0.0,0.007467962881131242,0.0,0.0,0.00954485196641626,0.0,0.0,0.0,0.0,0.0,0.0,0.0,0.0,0.0,0.01802916482545294,0.0,0.0,0.0,0.0,0.0,0.0,0.0,0.0,0.0,0.0,0.0,0.0,0.0,0.0,0.0,0.0,0.0,0.0,0.0,0.0,0.0,0.0,0.0,0.03535130357931949,0.0,0.0,0.0,0.0,0.0,0.0,0.0
t1d_alkanani-PD-15,0.0,0.0,0.0,0.0,0.00016674309058318395,0.0,0.0,0.0,0.0,0.0,0.0,0.0,0.743340697819834,0.0,0.0,0.0,0.0,0.0,0.0,0.0,0.25249072491558633,0.0,0.0,0.0,0.0,0.0,0.0,8.337154529159198e-05,0.0,0.0,0.0026262036766851473,0.0,0.0,0.0,0.0,0.0,0.0,0.0,0.0,0.0,0.0,0.0,0.0,0.0,0.0,0.0,0.0,0.0,0.0,0.0,0.0,0.0,0.0,0.0,0.0011672016340822876,0.0,0.0,0.0,0.0,8.337154529159198e-05,0.0,0.0
t1d_alkanani-PD-21,0.0,0.0,0.0,0.0,0.00036691861745064946,0.0,0.0,0.0,0.0,0.0038893373449768844,0.0,0.0,0.873413076979526,0.0,0.0,0.0,0.0,0.057973141557202616,0.011961546928891172,0.0,7.338372349012989e-05,0.0,0.0,0.0,0.0,0.0,0.0,0.000660453511411169,0.0,0.0,0.008218977030894548,0.0,0.0,0.0,0.0,0.0,0.0,0.0,0.0,0.0005870697879210391,0.012181698099361562,0.01225508182285169,7.338372349012989e-05,0.0,0.0,0.0,7.338372349012989e-05,0.0,0.0,0.0,0.0,0.00014676744698025978,0.0,0.0,0.013942907463124678,0.0,0.0,0.0009539884053716886,0.0,0.00044030234094077935,0.0,0.0
t1d_alkanani-PD52,0.0,0.0,0.0,0.0,0.00013446282102998522,0.0,0.0,0.0,0.0008202232082829098,0.08077181659271213,0.0,0.0,0.6783918246604813,0.0,0.0,0.0,0.0,0.032741696920801394,0.0,0.00022858679575097485,0.002474115906951728,0.0,0.0,0.0,0.0,0.0,0.0,0.0002958182062659675,0.0006723141051499261,0.0,0.012948769665187576,0.17056608847653623,0.0,0.0,0.0,0.0,0.0,1.3446282102998521e-05,0.0,0.0020707274438617725,2.6892564205997043e-05,0.004517950786607503,0.00021514051364797632,0.0,0.0,0.0,0.0,0.0,0.0,0.0,0.00020169423154497784,0.0,0.0,0.0,0.00029581820626596746,0.0,0.0,1.3446282102998521e-05,0.0,0.002702702702702703,0.0,0.0
t1d_alkanani-PD-17,0.0,0.0,0.0,0.0,0.0012130033964095099,0.0,0.0,0.0,0.0,0.002911208151382824,0.0,0.0,0.712639495390587,0.0,0.0,0.0,0.0,0.19966035904900534,0.01091703056768559,0.0,0.00012130033964095099,0.0,0.0,0.0,0.0,0.0,0.0,0.0,0.0,0.0,0.0026686074721009216,0.000727802037845706,0.0,0.0,0.0,0.0,0.0,0.0,0.0,0.0,0.029718583212032995,0.001091703056768559,0.001091703056768559,0.0,0.0,0.0,0.0,0.0,0.001091703056768559,0.0,0.0,0.0,0.0,0.0,0.012008733624454149,0.0,0.0,0.0012130033964095099,0.0,0.00024260067928190198,0.0,0.0
t1d_alkanani-CO-11,0.0,0.0,0.0,0.0,0.0050200803212851405,0.0,0.0,0.0,0.0,0.040160642570281124,0.0,0.0,0.7560240963855422,0.002008032128514056,0.0,0.0,0.0,0.08935742971887549,0.0,0.0,0.02610441767068273,0.0,0.0,0.0,0.0,0.0,0.0,0.0,0.0,0.0,0.017068273092369475,0.04518072289156626,0.0,0.0,0.0,0.0,0.0,0.0,0.0,0.001004016064257028,0.0050200803212851405,0.0,0.0,0.0,0.0,0.0,0.0,0.0,0.0,0.0,0.0,0.0,0.0,0.0,0.0,0.0,0.0,0.001004016064257028,0.0,0.001004016064257028,0.001004016064257028,0.0
t1d_alkanani-PD-27,0.0,0.00031858294306922805,0.0,0.00038229953168307366,0.0024690178087865174,0.0,1.5929147153461402e-05,3.1858294306922805e-05,0.011070757271655678,0.0,0.00023893720730192106,1.5929147153461402e-05,0.639889770301698,1.5929147153461402e-05,3.1858294306922805e-05,0.0007805282105196087,1.5929147153461402e-05,0.18821880276529995,0.0,1.5929147153461402e-05,0.04042817547548504,0.0003026537959157666,0.0,0.0,0.0,0.0,0.0,0.0019752142470292142,9.557488292076841e-05,9.557488292076841e-05,0.01267960113415528,0.0,0.00031858294306922805,0.0,0.0,0.0,1.5929147153461402e-05,0.0,3.1858294306922805e-05,0.0027398133103953616,0.016518525598139475,0.00839466054987416,0.0004141578259899965,0.0008442447991334545,0.0,0.0,0.0003982286788365351,0.0,0.001465481538118449,3.1858294306922805e-05,0.0010672528592819142,0.0006530950332919175,0.0,0.0,0.016470738156679092,0.0,0.0,0.001115040300742298,0.0,0.0027876007518557455,0.0,0.00019114976584153683
t1d_alkanani-CO-23,0.0,0.0014229513685444044,0.0,0.0,0.00044641611562177397,0.0,0.0,0.0,0.008481906196813705,0.0,0.0,0.0002790100722636087,0.9587902123266651,0.0,0.0,2.7901007226360873e-05,0.0,0.0019251694986189003,0.0,0.0005859211517535783,0.008258698139002818,0.0,0.0,0.0,0.0,0.0,0.0,0.0003348120867163305,0.0,0.0,0.0003906141011690522,0.0,0.0,0.0,0.0,0.0,0.0,0.00011160402890544349,0.0,0.0,0.0,0.0,0.00011160402890544348,0.0,0.0,0.0,0.0,0.0,0.0,0.0,5.5802014452721746e-05,0.0,0.0,0.0,0.01601517814793114,0.0,0.0,0.0,0.0,0.0008649312240171871,0.0,0.0
t1d_alkanani-PD-24,0.0,0.0,0.0,0.0,0.00043649061545176777,0.00043649061545176777,0.0,0.0,0.0,0.008511567001309473,0.0,0.0,0.8352247926669577,0.0,0.0,0.0,0.0,0.013749454386730685,0.01571366215626364,0.0,0.0006547359231776517,0.0,0.0,0.0,0.0,0.0,0.0,0.0,0.0,0.0,0.026844172850283718,0.059580969009166304,0.0,0.0,0.0,0.0,0.0,0.0,0.0,0.008293321693583587,0.0008729812309035355,0.0,0.00021824530772588389,0.0,0.0,0.0,0.0,0.0,0.0,0.0,0.0,0.00043649061545176777,0.0,0.0,0.027717154081187256,0.0,0.0,0.00021824530772588389,0.0,0.00021824530772588389,0.0,0.0
t1d_alkanani-CO-14,0.0,0.0,0.0,0.0,0.0007968127490039841,0.0,0.0,0.0,0.0006640106241699868,0.004116865869853917,0.0,0.0,0.8410358565737053,0.0,0.0,0.0,0.0,0.0299468791500664,0.0,0.0,0.0799468791500664,0.0,0.0,0.0,0.0,0.0,0.0,0.0,0.0,0.0,0.02636122177954847,0.0,0.0,0.0,0.0,0.0,0.0,0.0,0.0,0.0013280212483399736,0.0,0.0,0.0,0.0,0.0,0.0,0.0,0.0,0.0,0.0,0.0,0.0,0.0,0.0,0.012350597609561753,0.0,0.0,0.0002656042496679947,0.0,0.0011288180610889774,0.0,0.0
t1d_alkanani-CO-24,0.0,0.0027201289542615353,0.0,0.0,0.041708643965343545,0.0,0.0,0.0,0.0,0.00010074551682450131,0.0,0.00020149103364900262,0.8222849083215797,0.0,0.0,0.00010074551682450131,0.0,0.02992141849687689,0.0,0.0009067096514205117,0.028208744710860368,0.0,0.0,0.0,0.0,0.0,0.0,0.0009067096514205118,0.0,0.0,0.029820672980052386,0.0,0.0007052186177715092,0.0,0.0,0.0,0.0,0.00010074551682450131,0.0,0.00040298206729800525,0.0,0.0,0.0008059641345960105,0.0005037275841225065,0.0,0.0,0.00020149103364900262,0.0,0.0,0.0,0.0012089462018940156,0.00010074551682450131,0.0,0.0,0.0030223655047350393,0.0,0.0,0.0007052186177715092,0.0,0.0012089462018940156,0.0,0.0
t1d_alkanani-NO-29,0.0,0.0,0.0,0.0,0.001756440281030445,0.0,0.0,0.0,0.03015222482435597,0.013173302107728336,0.0,0.0,0.7429742388758782,0.0,0.0,0.0,0.0,0.04596018735362998,0.0,0.0,0.11153395784543327,0.0,0.0,0.0,0.0,0.0,0.0,0.0,0.0,0.0,0.03044496487119438,0.0,0.0,0.0,0.0,0.0,0.0,0.0,0.0,0.000585480093676815,0.0014637002341920376,0.0,0.0,0.0,0.0,0.0,0.0,0.0,0.0,0.0,0.0,0.0,0.0,0.0,0.018442622950819672,0.0,0.0,0.0002927400468384075,0.0,0.001756440281030445,0.0,0.0
t1d_alkanani-NO-26,0.0,0.0,0.0,0.0,0.001177856301531213,0.0,0.0,0.0,0.0,0.0013250883392226147,0.0,0.0,0.9898409893992933,0.0,0.0008833922261484099,0.0,0.0,0.0,0.0,0.0,0.0017667844522968198,0.0,0.0,0.0,0.0,0.0,0.0,0.0,0.0,0.0,0.002502944640753828,0.0,0.0,0.0,0.0,0.0,0.0,0.0,0.0,0.002061248527679623,0.00014723203769140164,0.0,0.0,0.0,0.0,0.0,0.0,0.0,0.0,0.0,0.0,0.0,0.0,0.0,0.0002944640753828033,0.0,0.0,0.0,0.0,0.0,0.0,0.0
t1d_alkanani-CO-04,0.0,0.0,0.0,0.0,0.00010232272587741738,0.0,0.0,0.0,0.0009720658958354651,0.032231658651386476,0.0,0.0,0.9655172413793105,0.0,0.0,0.0,0.0,0.00020464545175483476,0.0,0.0,0.0,0.0,0.0,0.0,0.0,0.0,0.0,0.0,0.0,0.0,0.0007162590811419216,0.0,0.0,0.0,0.0,0.0,0.0,0.0,0.0,0.0,0.0,0.0,0.0,0.0,0.0,0.0,0.0,0.0,0.0,0.0,0.0,0.0,0.0,0.0,0.00015348408881612607,0.0,0.0,0.0,0.0,0.0,0.0,0.0
t1d_alkanani-NO33,0.0,0.0,0.0,0.00014420650371331747,0.0014420650371331748,0.0,0.0,0.0,0.0,0.015105631263970005,0.0,0.0,0.6778426707044487,0.0,0.0,0.0,0.0,0.0675246953637609,0.0,0.0,0.0,0.0,0.0,0.0,0.0,0.0,0.0,0.0007570841444949168,0.0,0.0,0.01658374792703151,0.08140457134616771,0.0,0.0,0.0,0.0,0.0,0.0,0.0,0.0010815487778498812,0.007642944696805825,0.0,0.00018025812964164685,0.0,0.0,0.0,3.605162592832937e-05,0.0,0.0,0.0,0.0,0.0028120268224096907,0.0,0.0,0.0031364914557646547,0.0,0.0,0.0030283365779796676,0.0,7.210325185665874e-05,0.0,0.0
t1d_alkanani-PD-14,0.0,0.0,0.0,0.0,0.00025806451612903227,0.0,0.0,0.0,0.0,0.0,0.0,0.0,0.9643870967741937,0.0,0.0,0.0,0.0,0.0012903225806451613,0.0,0.0,0.005419354838709678,0.0,0.0,0.0,0.0,0.0,0.0,0.0,0.0,0.0,0.00464516129032258,0.0,0.0,0.0,0.0,0.0,0.0,0.0,0.0,0.0,0.0,0.021161290322580642,0.0,0.0,0.0,0.0,0.0,0.0,0.0,0.0,0.0,0.0,0.0,0.0,0.0,0.0,0.0,0.0,0.0,0.0,0.0,0.0
t1d_alkanani-NO-24,0.0,0.0,0.0,0.0,0.0,0.0,0.0,0.0,0.00023750148438427741,0.011103194394964969,0.0,0.0,0.784111150694692,0.0,0.0,0.0,0.0,0.05539722123263271,0.0,0.0,0.001662510390689942,0.0,0.0,0.0,0.0,0.0,0.0,0.0,0.0,0.0,0.0015437596484978032,0.0,0.0,0.0,0.0,0.0,0.0,0.0,0.0,0.0023750148438427742,0.0008312551953449709,0.0,0.0,0.0,0.0,0.0,0.0,0.0,0.0,0.0,0.0,0.0,0.0,0.0,0.1382852392827455,0.0,0.0,0.0,0.0,0.0,0.0,0.0
t1d_alkanani-CO-06,0.0,0.0,0.0,0.0,0.002386228055224135,0.0,0.0,0.0,0.0011078915970683485,4.261121527185955e-05,0.0,0.0,0.9708539287540481,0.0,0.0,0.0,0.0,0.015553093574228736,0.0,0.0,0.0011078915970683483,0.0,0.0,0.0,0.0,0.0,0.0,0.0,0.0,0.0,0.008053519686381455,0.0,0.0,0.0,0.0,0.0,0.0,0.0,0.0,0.0,0.0,0.00021305607635929778,0.0,0.0,0.0,0.0,0.0,0.0,0.0,0.0,0.0,0.0,0.0,0.0,0.00012783364581557866,0.0,0.0,0.0,0.0,4.261121527185955e-05,0.0,0.0
t1d_alkanani-PD49,0.0,0.0,0.0,0.0,0.005296724678413144,0.0,0.0,0.0,0.00010809642200843153,0.054588693114257916,0.0,0.0,0.47411090692898067,0.0,0.0,0.0,0.0,0.008755810182682953,0.0,0.00021619284401686305,0.22548913630958817,0.0,0.0,0.0,0.0,0.0,0.0,0.010809642200843152,0.006485785320505892,0.0,0.024537887795913954,0.0046481461463625555,0.0,0.0,0.0,0.0,0.0,0.0,0.00021619284401686305,0.015457788347205705,0.0006485785320505892,0.10334017944006052,0.00021619284401686305,0.0,0.0,0.0,0.0,0.0,0.0,0.0,0.003999567614311967,0.0,0.0,0.0,0.008863906604691385,0.0,0.0,0.002918603394227651,0.0,0.0077829423846070694,0.0,0.0
t1d_alkanani-NO-10,0.0,0.0,0.0,0.0,0.011744583808437856,0.0,0.0,0.0,0.05974914481185861,0.0015963511972633979,0.0,0.0,0.719042189281642,0.002622576966932725,0.0,0.0,0.0,0.016761687571265678,0.0,0.0003420752565564424,0.007639680729760547,0.0,0.0,0.0,0.0,0.0,0.0,0.00011402508551881414,0.0,0.0,0.08985176738882554,0.0003420752565564424,0.0027366020524515395,0.0,0.0,0.0,0.0,0.0,0.0,0.0013683010262257698,0.0006841505131128849,0.0,0.00011402508551881414,0.00022805017103762827,0.0020524515393386543,0.0,0.0,0.0,0.0,0.0,0.0,0.0037628278221208664,0.0,0.0,0.06841505131128849,0.0,0.0,0.00011402508551881414,0.0,0.0011402508551881414,0.0,0.0
t1d_alkanani-CO-10,0.0,0.0,0.0,0.0,0.0002984183825723664,0.0,0.0,0.0,0.0,0.022480851487118272,0.0,0.0,0.7375907689246991,0.0014920919128618322,0.0,0.0,0.0,0.06694519049040087,0.0,0.0,0.13140356112603202,0.0,0.0,0.0,0.0,0.0,0.0,0.0,0.0,0.0,0.008654133094598627,0.009449915448124936,0.0,0.0,0.0,0.0,0.0,0.0,0.0,0.00169103750124341,0.0035810205908683975,0.0,0.0,0.0,0.0,0.0,0.0,0.0,0.0,0.0,0.0,0.0002984183825723665,0.0,0.0,0.0,0.0,0.0,0.000596836765144733,0.0,0.0002984183825723664,0.0009947279419078882,0.0
t1d_alkanani-NO-05,0.0,0.0,0.0,0.0,0.0,0.0,0.0,0.0,0.2944835045970795,0.0,0.0,0.0,0.6399855777897964,0.0,0.0,0.0,0.0,0.003154858482062376,0.0,0.0,0.007571660356949703,0.0,0.0,0.0005408328826392645,0.0,0.0,0.0,0.0,0.0,0.0,0.00468721831620696,0.032089417703263026,0.0,0.0,0.0,0.0,0.0,0.0,0.0,9.013881377321075e-05,0.0,0.0022534703443302688,0.0,0.0,0.0027041644131963224,0.0,0.0,0.0,0.0,0.0,0.0,0.0,0.0,0.0,0.012349017486929873,0.0,0.0,0.0,0.0,0.0,0.0,0.0
t1d_alkanani-CO-07,0.0,0.0,0.0,0.0,0.00017307026652821047,0.0,0.0,0.0,0.0,0.016787815853236417,0.0,0.0,0.9771547248182763,0.0,0.0,0.0,0.0,0.0,0.0,0.0,0.00380754586362063,0.0,0.0,0.0,0.0,0.0,0.0,0.0,0.0,0.0,0.0008653513326410523,0.0,0.0,0.0,0.0,0.0,0.0,0.0,0.0,0.0,0.0,0.0,0.0,0.0,0.0,0.0,0.0,0.0,0.0,0.0,0.0,0.0,0.0,0.0,0.0,0.0,0.0,0.0,0.0,0.00017307026652821047,0.0,0.0
t1d_alkanani-NO-18,0.0,0.0014849034812737172,0.0,0.0,0.0,0.0,0.0,0.0,0.0,0.011879227850189737,0.0,0.0,0.763900346477479,0.0,0.0014849034812737172,0.0,0.0,0.04174228675136116,0.0,0.0,0.006929549579277347,0.0,0.0,0.0,0.0,0.0,0.0,0.0,0.0,0.0,0.007919485233459825,0.0,0.0,0.0,0.0,0.0,0.0,0.0,0.0,0.10905791123576966,0.000494967827091239,0.0,0.0,0.0,0.0,0.0,0.0,0.0,0.0,0.0,0.003629764065335753,0.0,0.0,0.0,0.011054281471704338,0.0,0.0037947533410328327,0.0,0.001979871308364956,0.0,0.0,0.00016498927569707968
t1d_alkanani-NO-04,0.0,0.0,0.0,0.0,0.0006236357966947302,0.0,0.0,0.0,0.040536326785157464,0.0,0.0,0.0,0.7034611786716558,0.0,0.0,0.0,0.0,0.0018709073900841909,0.0,0.0,0.0205799812909261,0.0,0.0,0.0,0.0,0.0,0.0,0.0003118178983473651,0.0,0.0,0.01808543810414718,0.0012472715933894605,0.0,0.0,0.0,0.0,0.0,0.0,0.0,0.0006236357966947302,0.0,0.0037418147801683817,0.0,0.0,0.0,0.0,0.0,0.0,0.0,0.0,0.0,0.0,0.0,0.0,0.20673526660430308,0.0,0.0,0.0,0.0,0.0,0.0,0.0
t1d_alkanani-PD-42,0.0,0.0,0.0,0.0,0.002097535395909806,0.0,0.0,0.0,0.027267960146827475,0.0,0.0,0.0,0.2831672784478238,0.0,0.0,0.0,0.0,0.008914525432616675,0.0,0.0,0.6397482957524908,0.0,0.0,0.0,0.0,0.0,0.0,0.0,0.0,0.0,0.01415836392239119,0.0,0.0,0.0,0.0,0.0,0.0,0.0,0.0,0.0026219192448872575,0.0,0.0,0.0,0.0,0.0,0.0,0.0,0.0,0.0,0.0,0.0,0.0,0.0,0.0,0.015731515469323547,0.0,0.0,0.0005243838489774515,0.0,0.0005243838489774515,0.0,0.0
t1d_alkanani-CO-19,0.0,0.0025550942190993293,0.0,0.0,0.011178537208559564,0.0,0.0,0.0,0.01660811242414564,0.004471414883423826,0.0,0.0,0.6946662408176302,0.0,0.0,0.0,0.0,0.11338230597253274,0.0,0.0,0.09006707122325135,0.0009581603321622484,0.0,0.0,0.0,0.0,0.0,0.0006387735547748323,0.0,0.0,0.02044075375279463,0.0,0.005748961992973491,0.0,0.0,0.0,0.0,0.0,0.0,0.00031938677738741617,0.0,0.0,0.00031938677738741617,0.00031938677738741617,0.0,0.0,0.0019163206643244969,0.0,0.0,0.0,0.0012775471095496647,0.00031938677738741617,0.0,0.0,0.011817310763334398,0.0,0.0,0.00031938677738741617,0.0,0.0038326413286489938,0.0,0.0
t1d_alkanani-CO-08,0.0,0.0,0.0,0.0,0.0008283288465520812,0.0,0.0,0.0,0.0,0.015324083661213503,0.0,0.0,0.8809277283081384,0.0,0.0,0.0,0.0,0.04369434665562229,0.0010354110581901014,0.0,0.029819838475874924,0.0,0.0,0.0,0.0,0.0,0.0,0.0,0.0,0.0,0.014495754814661421,0.0,0.0,0.0,0.0,0.0,0.0,0.0,0.0,0.0002070822116380203,0.0,0.0006212466349140609,0.0,0.0,0.0,0.0,0.0,0.0,0.0,0.0,0.0,0.0016566576931041624,0.0,0.0,0.009318699523710915,0.0,0.0,0.0002070822116380203,0.0,0.0004141644232760406,0.0,0.0
t1d_alkanani-PD-33,0.0,0.0015474432018006614,0.0,0.0005627066188366042,0.003235563058310474,0.0,0.0,0.00014067665470915102,0.013926988816205951,0.009354997538158542,0.0,0.0,0.3583034395442077,0.04353942463248224,0.00014067665470915102,0.00014067665470915102,0.0,0.24984173876345223,0.0,0.0,0.07695013012590561,0.004923682914820286,0.0,0.0,7.033832735457551e-05,0.0,0.0,0.0059787578251389185,0.0,0.0,0.027853977632411903,0.0,0.0008440599282549062,0.0,0.0,7.033832735457551e-05,0.0,0.00014067665470915102,0.0,0.0012660898923823594,0.009354997538158542,0.004220299641274531,0.0004220299641274531,0.001617781529155237,0.0,0.0,0.00021101498206372655,0.0,0.002743194766828445,0.00021101498206372655,0.0011957515650277838,0.0067524794260392495,0.0,0.0,0.030597172399240348,0.0,0.0,0.0018287965112189634,0.0,0.021875219807272982,0.0,7.033832735457551e-05
t1d_alkanani-CO-05,0.0,0.0,0.0,0.0,0.003957037874505371,0.0,0.0,0.0,0.0,0.0,0.0,0.0,0.8996608253250422,0.0,0.0,0.0,0.0,0.010457885811192764,0.0,0.0,0.006783493499152063,0.0,0.0,0.0,0.0,0.0,0.0,0.0,0.0,0.0,0.01187111362351611,0.0,0.0,0.0,0.0,0.0,0.0,0.0,0.0,0.0014132278123233466,0.0,0.0,0.0,0.0,0.0,0.0,0.0,0.0,0.0,0.0,0.0,0.0005652911249293386,0.0,0.0,0.0607687959299039,0.0,0.0,0.0,0.0,0.0,0.0,0.0
t1d_alkanani-PD-31,0.0,0.00040727667662231876,0.0,4.525296406914653e-05,0.00027151778441487917,0.0,0.0,0.0,0.0014028418861435424,0.006561679790026247,4.525296406914653e-05,0.0,0.594488188976378,0.07733731559417142,0.0,0.00013575889220743959,0.0,0.2248619784595891,0.0,0.0,0.036428636075662955,0.00013575889220743959,0.0,0.0,0.0,0.0,0.0,0.0004977826047606118,0.0,4.525296406914653e-05,0.00782876278396235,0.0,4.525296406914653e-05,0.0,0.0,0.0,0.0,0.0,4.525296406914653e-05,0.0,0.010453434699972848,0.003846501945877455,0.0,0.00013575889220743959,0.0,0.0,9.050592813829306e-05,0.0,0.00325821341297855,0.0005430355688297583,4.525296406914653e-05,0.0017648655986967146,0.0,0.0,0.01601954928047787,0.0,0.0,0.00036202371255317223,0.0,0.0015838537424201285,0.0,0.0
t1d_alkanani-CO-18,0.0,0.005127282540253665,0.0,0.0,0.017810560402986418,0.0,0.0,0.0,0.019789511558873797,0.0053971395160564905,0.0,0.001079427903211298,0.8048034541692903,0.0,0.0,0.000539713951605649,0.0,0.02356750922011334,0.0,0.0012593325537465145,0.018979940631465325,0.0,0.0,0.0,8.995232526760817e-05,0.0,0.0,0.00098947557794369,0.0,0.0,0.021138796437887918,0.0,0.0033282360349015023,0.0,0.0,0.0,0.0,0.0,8.995232526760817e-05,0.0011693802284789062,0.014842133669155346,0.0,0.0006296662768732573,0.000539713951605649,0.0,0.0,0.00017990465053521634,0.0,0.0,0.0,0.0006296662768732573,0.0,0.0,0.0,0.028784744085634615,0.0,0.0,0.00017990465053521634,0.0,0.0024287127822254203,0.0,0.0
t1d_alkanani-CO-03,0.0,0.0,0.0,0.0,0.0015105740181268882,0.0,0.0,0.0,0.0,0.03965256797583082,0.0,0.0,0.8663141993957704,0.0,0.0,0.0,0.0,0.0581570996978852,0.0,0.0,0.022280966767371603,0.0,0.0,0.0,0.0,0.0,0.0,0.0,0.0,0.0,0.006042296072507553,0.0,0.0,0.0,0.0,0.0,0.0,0.0,0.0,0.0,0.0,0.0,0.0,0.0,0.0,0.0,0.0,0.0,0.0,0.0,0.0,0.0,0.0,0.0,0.005664652567975831,0.0,0.0,0.0,0.0,0.0,0.0,0.0
t1d_alkanani-NO-08,0.0,0.0,0.0,0.0,0.00018712574850299402,0.0,0.0,0.0,0.46070359281437123,0.0,0.0,0.0,0.1154565868263473,0.0,0.0,0.0,0.0,0.0,0.0,0.0,0.002619760479041916,0.0,0.0,0.0,0.0,0.0,0.0,0.0,0.0,0.0,0.005239520958083833,0.4098053892215569,0.0,0.0,0.0,0.0,0.0,0.0,0.0,0.0020583832335329343,0.0,0.0005613772455089821,0.0,0.0,0.0,0.0,0.0,0.0,0.0,0.0,0.0,0.0,0.0,0.0,0.00037425149700598805,0.0,0.0,0.0,0.0,0.0,0.0,0.0
t1d_alkanani-CO-09,0.0,0.0,0.0,0.0,0.00043674479545785413,0.0,0.0,0.0,0.0,0.01368467025767943,0.0,0.0,0.7562964041345173,0.0,0.0,0.0,0.0,0.009026059106128985,0.0,0.0,0.08108895035667492,0.0,0.0,0.0,0.0,0.0,0.0,0.0,0.0,0.0,0.012665599068277768,0.12083272674333964,0.0,0.0,0.0,0.0,0.0,0.0,0.0,0.0,0.0,0.0,0.0,0.0,0.0,0.0,0.0,0.0,0.0,0.0,0.0,0.0007279079924297568,0.0,0.0,0.0007279079924297569,0.0,0.0,0.0,0.0,0.00029116319697190275,0.0,0.0
t1d_alkanani-PD-16,0.0,0.0,0.0,0.0,0.0,0.0,0.0,0.0,0.0,0.0,0.0,0.0,0.9333856358319663,0.0,0.0,0.0,0.0,0.0,0.0,0.0,0.04928321803009771,0.0,0.0,0.0,0.0,0.0,0.0,0.0,0.0,0.0,0.01668925183653092,0.0,0.0,0.0,0.0,0.0,0.0,0.0,0.0,0.0,0.0,0.0004992511233150275,0.0,0.0,0.0,0.0,0.0,0.0,0.0,0.0,0.0,0.0,0.0,0.0,7.132158904500393e-05,0.0,0.0,0.0,0.0,0.0,0.0,0.0
t1d_alkanani-NO-13,0.0,0.0017296050735082157,0.0,0.0,0.005765350245027386,0.0,0.0,0.0,0.0049005477082732785,0.013836840588065724,0.0,0.0,0.5624099164024214,0.0,0.0,0.0,0.0,0.07494955318535601,0.006630152781781493,0.0002882675122513693,0.15825886422600174,0.0,0.0,0.0,0.0,0.0,0.0,0.0011530700490054772,0.0,0.0,0.04641106947247045,0.0034592101470164315,0.0,0.0,0.0,0.0,0.0,0.0,0.0,0.0011530700490054772,0.02738541366388008,0.0,0.0,0.0011530700490054772,0.0,0.0,0.0,0.0002882675122513693,0.0,0.0,0.0023061400980109543,0.0014413375612568463,0.0,0.0,0.03776304410492937,0.0,0.0,0.003747477659267801,0.0,0.003747477659267801,0.0,0.0
t1d_alkanani-PD-36,0.0,0.0,0.0,0.0,0.0010645848119233499,0.0,0.0,0.0,0.127750177430802,0.010645848119233497,0.0,0.0,0.6926898509581263,0.0,0.0,0.0,0.0,0.0411639460610362,0.0,0.0,0.05322924059616749,0.0,0.0,0.0,0.0,0.0,0.0,0.0,0.0,0.0,0.07203690560681335,0.0,0.0,0.0,0.0,0.0,0.0,0.0,0.0,0.0,0.0,0.0,0.0,0.0,0.0,0.0,0.0,0.0,0.0,0.0,0.0,0.0,0.0,0.0,0.0,0.0,0.0,0.00035486160397445,0.0,0.0007097232079489,0.0,0.0
t1d_alkanani-NO-22,0.0,0.0,0.0,0.0,0.0,0.0,0.0,0.0,0.0,0.023902059852312477,0.0,0.0,0.9230470268169453,0.0,0.0,0.0,0.0,0.02701127089001166,0.0,0.0,0.0012631169840652936,0.0,0.0,0.0,0.0,0.0,0.0,0.0,0.0,0.0,0.009036144578313254,0.000971628449280995,0.0,0.0,0.0,0.0,0.0,0.0,0.0,0.0004858142246404975,0.0,0.000777302759424796,0.0,0.0,0.0,0.0,0.0,0.0,0.0,0.0,0.000194325689856199,0.0004858142246404975,0.0,0.0,0.0,0.0,0.0,0.0,0.007287213369607462,0.0,0.0,0.0
t1d_alkanani-NO-25,0.0,0.0,0.0,0.0,0.0,0.0,0.0,0.0,0.00010638863769349434,0.02553327304643864,0.0,0.0,0.8598329698388213,0.0,0.0,0.0,0.0,0.057396670035640196,0.0,0.0,0.00010638863769349434,0.0,0.0,0.0,0.0,0.0,0.0,0.0,0.0,0.0,0.0009574977392414491,0.0,0.0,0.0,0.0,0.0,0.0,0.0,0.0,0.010532475131655939,0.0,0.0,0.0,0.0,0.0,0.0,0.0,0.0,0.0,0.0,0.00021277727538698867,0.0,0.0,0.0,0.04532155965742859,0.0,0.0,0.0,0.0,0.0,0.0,0.0
t1d_alkanani-NO-28,0.0,0.0,0.0,0.0,0.00132348075438403,0.0,0.0,0.0,0.012573067166648286,0.008712914966361531,0.0,0.0,0.9486048307047535,0.0,0.0,0.0,0.0,0.0,0.0,0.0,0.00397044226315209,0.0,0.0,0.0,0.0,0.0,0.0,0.0,0.0,0.0,0.024263813830373886,0.0,0.0,0.0,0.0,0.0,0.0,0.0,0.0,0.00011029006286533584,0.0,0.0,0.0,0.0,0.0,0.0,0.0,0.0,0.0,0.0,0.0,0.0,0.0,0.0,0.0,0.0,0.0,0.0,0.0,0.0,0.0,0.0
t1d_alkanani-PD-43,0.0,0.0,0.0,0.0,0.006929406669553919,0.0,0.0,0.0,0.0,0.0,0.0,0.0,0.8813339107838892,0.0,0.0,0.0,0.0,0.04504114335210048,0.0,0.0,0.029883066262451276,0.0,0.0,0.0,0.0,0.0,0.0,0.0,0.0,0.0,0.02208748375920312,0.0,0.0,0.0,0.0,0.0,0.0,0.0,0.0,0.0030316154179298397,0.0008661758336942399,0.0,0.0,0.0,0.0,0.0,0.0,0.0,0.0,0.0,0.0,0.0,0.0,0.0,0.0086617583369424,0.0,0.0,0.00129926375054136,0.0,0.00043308791684711995,0.0,0.0
t1d_alkanani-PD-32,0.0,0.0015368852459016393,0.0,0.00036592505854800934,0.005488875878220141,0.0,0.0,7.318501170960187e-05,0.006513466042154567,0.00702576112412178,0.0,7.318501170960187e-05,0.5247365339578455,0.02685889929742389,7.318501170960187e-05,0.0,7.318501170960187e-05,0.18215749414519908,0.0,0.0,0.05686475409836065,0.002561475409836066,0.0,0.0,0.0,0.0,0.0,0.00197599531615925,0.0,0.0,0.0234923887587822,0.0,7.318501170960187e-05,0.0,0.0,0.0,0.0,0.0,0.0,0.0013905152224824354,0.01009953161592506,0.010831381733021079,0.00014637002341920375,0.0004391100702576112,0.0,0.0,0.0,0.0,0.00351288056206089,0.0,0.0005122950819672131,0.0038788056206088993,0.0,0.0,0.013539227166276348,0.0,0.0,0.000585480093676815,0.0,0.00973360655737705,0.0,0.0002927400468384075
t1d_alkanani-NO-23,0.0,0.0004887585532746823,0.0,0.0,0.00024437927663734115,0.0,0.0,0.0,0.0,0.024926686217008796,0.0,0.0,0.7671065493646139,0.0,0.0,0.0,0.0,0.01686217008797654,0.0,0.0,0.00024437927663734115,0.0,0.0,0.0,0.0,0.0,0.0,0.0,0.0,0.0,0.002932551319648094,0.07844574780058651,0.0,0.0,0.0,0.0,0.0,0.0,0.0,0.013685239491691103,0.00024437927663734115,0.00439882697947214,0.0,0.0,0.0,0.0,0.0,0.0,0.0,0.0,0.0,0.06402737047898338,0.0,0.0,0.0031769305962854348,0.0,0.0007331378299120235,0.0,0.0,0.0,0.0,0.0
t1d_alkanani-NO-19,0.0,0.0,0.0,0.0,0.0,0.0,0.0,0.0,0.0,0.002312295973884657,0.0,0.0,0.8620443416757345,0.0,0.0,0.0,0.0,0.020402611534276388,0.0,0.0,0.001530195865070729,0.0,0.0,0.0,0.0,0.0,0.0,0.0,0.0,0.0,0.007106909684439607,0.0,0.0,0.0,0.0,0.0,0.0,0.0,0.0,0.09228781284004353,0.00044205658324265504,0.0,0.0,0.0,0.0,0.0,0.0,0.0,0.0,0.0,0.0062908052230685515,0.0031284004352557125,0.0,0.0,0.001836235038084875,0.0,0.0,0.0,0.0,0.0,0.0,0.000544069640914037
t1d_alkanani-PD-26,0.0,0.0019356265899789847,0.0,0.00014747631161744646,0.005917487003650038,0.0,0.0,3.6869077904361614e-05,0.0,0.0,0.00014747631161744646,0.0,0.8121889171551819,0.0,0.00011060723371308483,5.530361685654242e-05,0.0,0.10843195811672751,0.00573314161412823,0.00012904177266526566,0.019337831360837665,0.0005161670906610626,0.0,0.0,0.0,0.0,0.0,0.0006820779412306899,0.00011060723371308485,1.8434538952180807e-05,0.005382885374036796,1.8434538952180807e-05,0.00014747631161744646,0.0,0.0,0.0,0.0,1.8434538952180807e-05,7.373815580872323e-05,1.8434538952180807e-05,0.004405854809571213,0.006120266932124027,0.001032334181322125,0.0005530361685654242,0.0,0.0,0.0,0.0,0.0004055598569479777,1.8434538952180807e-05,0.0005161670906610625,0.001530066733031007,0.0,0.0,0.00014747631161744646,0.0,0.0,3.6869077904361614e-05,0.0,0.0029310916933967483,0.0,0.00011060723371308483
t1d_alkanani-NO-32,0.0,0.0,0.0,0.0,0.0011532816104005033,0.0,0.0,0.0,0.0,0.00010484378276368212,0.0,0.0,0.9866848395890123,0.0,0.0,0.0,0.0,0.0,0.0004193751310547285,0.0,0.000838750262109457,0.0,0.0,0.0,0.0,0.0,0.0,0.0,0.0,0.0,0.005766408052002517,0.0,0.0,0.0,0.0,0.0,0.0,0.0,0.0,0.0,0.0,0.0,0.0,0.0,0.0,0.0,0.0,0.0,0.0,0.0,0.0,0.0,0.0,0.0,0.0047179702243656954,0.0,0.0,0.0,0.0,0.0,0.0,0.0
t1d_alkanani-PD-41,0.0,0.0,0.0,0.0,0.0017730496453900709,0.0,0.0,0.0,0.0,0.0,0.0,0.0,0.7677304964539007,0.0,0.0,0.0,0.0,0.04210992907801418,0.0,0.0,0.061170212765957445,0.0,0.0,0.0,0.0,0.0,0.0,0.0,0.0,0.0,0.07313829787234041,0.0,0.0,0.0,0.0,0.0,0.0,0.0,0.0,0.0008865248226950354,0.0008865248226950354,0.0,0.0,0.0,0.0,0.0,0.0,0.0,0.0,0.0,0.0,0.0,0.0,0.0,0.04920212765957446,0.0,0.0,0.0,0.0,0.0,0.0,0.0
t1d_alkanani-PD-37,0.0,0.0,0.0,0.0,0.0,0.0,0.0,0.0,0.0,0.01201923076923077,0.0,0.0,0.9259615384615385,0.0,0.0,0.0,0.0,0.043750000000000004,0.0,0.0,0.010576923076923078,0.0,0.0,0.0,0.0,0.0,0.0,0.0,0.0,0.0,0.006730769230769231,0.0,0.0,0.0,0.0,0.0,0.0,0.0,0.0,0.0,0.0,0.0002403846153846154,0.0,0.0,0.0,0.0,0.0,0.0,0.0,0.0,0.0,0.0,0.0,0.0,0.0,0.0,0.0,0.0,0.0,0.0002403846153846154,0.0,0.0
t1d_alkanani-PD-03,0.0,0.0,0.0,0.0,0.001990049751243781,0.0,0.0,0.0,0.0,0.009203980099502488,0.0,0.0,0.15895522388059702,0.0,0.0,0.0,0.0,0.01990049751243781,0.0,0.0,0.016666666666666666,0.0,0.0,0.0,0.0,0.0,0.0,0.0002487562189054726,0.004228855721393035,0.0,0.20298507462686566,0.5241293532338308,0.0,0.0,0.0,0.0,0.0,0.0,0.0,0.0007462686567164178,0.0012437810945273632,0.0,0.0,0.0,0.0,0.0,0.0,0.0,0.0,0.0,0.0009950248756218905,0.004228855721393035,0.0,0.019154228855721392,0.0002487562189054726,0.0,0.0,0.0024875621890547263,0.0,0.0022388059701492534,0.0,0.0
t1d_alkanani-CO-20,0.0,0.004555808656036446,0.0,0.0,0.002277904328018223,0.0,0.0,0.0,0.009111617312072893,0.004555808656036446,0.0,0.0,0.6788154897494305,0.002277904328018223,0.0,0.0,0.0,0.06378132118451024,0.0,0.0,0.02050113895216401,0.002277904328018223,0.0,0.0,0.0,0.0,0.0,0.009111617312072893,0.0,0.0,0.04100227790432802,0.0,0.00683371298405467,0.02050113895216401,0.0,0.0,0.0,0.0,0.0,0.00683371298405467,0.0,0.002277904328018223,0.0,0.002277904328018223,0.0,0.0,0.002277904328018223,0.0,0.0,0.0,0.00683371298405467,0.0,0.0,0.0,0.03416856492027335,0.0,0.0,0.0,0.0,0.025056947608200455,0.0,0.0
t1d_alkanani-NO37,0.0,0.00027891039007610266,0.0,0.0009562641945466379,0.005259453070006508,0.0,6.64072357324054e-05,0.00014609591861129188,0.0019656541776791998,0.0037188052010147027,0.0,0.00015937736575777296,0.8333975269945413,0.0,0.0,2.656289429296216e-05,0.0,0.001328144714648108,2.656289429296216e-05,0.007729802239251989,0.03057389133119945,0.0,0.0,0.0,9.297013002536756e-05,0.0,0.0,0.0077563651335449514,2.656289429296216e-05,0.009124354189632504,0.040468569455327855,0.0001992217071972162,0.0011156415603044106,0.0,0.0,0.0,0.0,0.00029219183722258376,9.297013002536756e-05,0.0,0.0,0.0,0.0,0.0,0.0,0.0,0.003068014290837129,0.0,0.0,6.64072357324054e-05,0.0017929953647749456,0.00015937736575777296,0.0,0.0,0.004263344534020427,0.00033203617866202703,1.328144714648108e-05,0.004953979785637443,0.0,0.012059554009004821,0.0,0.00011953302431832972
t1d_alkanani-NO-27,0.0,0.0,0.0,0.0,0.0,0.0,0.0,0.0,0.0,0.011058451816745654,0.0,0.0,0.9300947867298578,0.0,0.0,0.0,0.0,0.031990521327014215,0.0,0.0,0.0007898894154818325,0.0,0.0,0.0,0.0,0.0,0.0,0.0,0.0,0.0,0.009478672985781991,0.0,0.0,0.0,0.0,0.0,0.0,0.0,0.0,0.00039494470774091627,0.00039494470774091627,0.0,0.0,0.0,0.0,0.0,0.0,0.0,0.0,0.0,0.0,0.0,0.0,0.0,0.014218009478672987,0.0,0.0,0.00039494470774091627,0.0,0.0,0.0,0.0
t1d_alkanani-PD48,0.0,0.00032758691290282955,0.0,0.006183202981040907,0.00941812374595635,0.0,4.0948364112853693e-05,0.000532328733467098,0.0,0.002006469841529831,0.0006551738258056591,4.0948364112853693e-05,0.15171368903812293,0.0006142254616928054,0.0008599156463699275,0.0004094836411285369,0.00028663854878997584,0.010114245935874861,0.012612096146758938,0.006019409524589492,0.29343597723270953,0.00016379345645141477,0.0,0.0,0.011219851766921913,0.0,0.0,0.022071168256828137,0.0076982924532164945,0.0002456901846771222,0.0940993407313378,0.2043323369231399,0.0033577658572540026,0.0,4.0948364112853693e-05,4.0948364112853693e-05,0.0,0.00020474182056426848,0.0,0.0009008640104827812,0.000532328733467098,0.0,0.012939683059661766,0.008189672822570736,0.0,0.00012284509233856107,0.0029892305802383195,8.189672822570739e-05,0.00024569018467712213,0.002743540395561198,0.0099914008435363,0.0008189672822570738,0.0,0.0,0.0010237091028213424,0.0,8.189672822570739e-05,0.004135784775398222,0.0,0.05810572867613939,0.0,0.00024569018467712213
t1d_alkanani-CO-17,0.0,0.00011960291831120679,0.0,0.0,0.011362277239564645,0.0,0.0,0.0,0.0,0.002272455447912929,0.0,0.0,0.46621217557708416,0.005860542997249133,0.0,0.0,0.0,0.05561535701471115,0.0,0.0009568233464896543,0.30343260375553166,0.0,0.0,0.0,0.0007176175098672408,0.0,0.0,0.005262528405693099,0.0,0.0,0.01686401148188016,0.0,0.00299007295778017,0.0,0.0,0.0,0.0,0.0,0.00011960291831120679,0.0,0.012438703504365507,0.0,0.001196029183112068,0.0027508671211577563,0.0,0.0,0.001674440856356895,0.0,0.0,0.0,0.004066499222581031,0.00011960291831120679,0.0,0.0,0.04879799067097237,0.0,0.0,0.0068173663437387875,0.0,0.012917115177610333,0.0,0.0
t1d_alkanani-NO-30,0.0,0.0,0.0,0.0,0.0,0.0,0.0,0.0,0.030679327976625273,0.0,0.0,0.0,0.9393718042366691,0.0,0.0,0.0,0.0,0.013148283418553688,0.0,0.0,0.003652300949598247,0.0,0.0,0.0,0.0,0.0,0.0,0.0,0.0,0.0,0.01095690284879474,0.0,0.0,0.0,0.0,0.0,0.0,0.0,0.0,0.0014609203798392988,0.0,0.0,0.0,0.0,0.0,0.0,0.0,0.0,0.0,0.0,0.0,0.0,0.0,0.0,0.0,0.0,0.0,0.0,0.0,0.0,0.0,0.0
t1d_alkanani-CO-15,0.0,0.0,0.0,0.0,0.00010828370330265295,0.0,0.0,0.0,0.011478072550081212,0.0,0.0,0.0,0.87958852192745,0.0,0.0,0.0,0.0,0.06280454791553872,0.0,0.0,0.016783974011911208,0.0,0.0,0.0,0.0,0.0,0.0,0.0,0.0,0.0,0.005089334055224689,0.0,0.0,0.0,0.0,0.0,0.0,0.0,0.0,0.00010828370330265295,0.0,0.0,0.0,0.0,0.0,0.0,0.0,0.0,0.0,0.0,0.0,0.0,0.0,0.0,0.0239306984298863,0.0,0.0,0.0,0.0,0.00010828370330265295,0.0,0.0
t1d_alkanani-NO-07,0.0,0.0,0.0,0.0,0.0,0.0,0.0,0.0,0.004854180420177857,0.0,0.0,0.0,0.29758067647858333,0.0,0.0,0.0,0.0,0.007028853248417537,0.0,0.0,0.008854025086404413,0.0,0.0,3.883344336142286e-05,0.0,0.0,0.0,0.0009708360840355715,0.0,0.0,0.0032231757989980977,3.883344336142286e-05,0.0,0.0,0.0,0.0,0.0,0.0,0.0,0.0012815036309269542,0.0,0.6683235602500874,0.0,0.0,0.00038833443361422856,0.0,0.0,0.0,0.0,0.0,7.766688672284571e-05,0.0,0.0,0.0,0.007028853248417536,0.0,0.0,0.0,0.0,0.00027183410352996,0.0,0.0
t1d_alkanani-NO-09,0.0,0.0,0.0,0.0,0.0,0.0,0.0,0.0,0.06239870340356564,0.0,0.0,0.0,0.6712587790383576,0.0,0.0,0.0,0.0,0.004727174500270125,0.0,0.0,0.0025661804430037816,0.0,0.0,0.0,0.0,0.0,0.0,0.0,0.0,0.0,0.003781739600216099,0.0021609940572663426,0.0,0.0,0.0,0.0,0.0,0.0,0.0,0.004727174500270125,0.0,0.23851971907077257,0.0,0.0,0.0,0.0,0.0,0.0,0.0,0.0,0.0001350621285791464,0.0,0.0,0.0,0.009184224743381954,0.0,0.0,0.0,0.0,0.0,0.0,0.0
t1d_alkanani-CO-16,0.0,0.0,0.0,0.0,0.0022396416573348264,0.0,0.0,0.0,0.049272116461366186,0.02687569988801792,0.0,0.0,0.42553191489361714,0.0,0.0,0.0,0.0,0.041433370660694295,0.0,0.0,0.3113101903695409,0.0,0.0,0.0,0.0,0.0,0.0,0.0,0.0,0.0,0.025755879059350506,0.055991041433370664,0.0,0.0,0.0,0.0,0.0,0.0,0.0,0.00671892497200448,0.0011198208286674132,0.0,0.0,0.0,0.0,0.0,0.0,0.0,0.0,0.0,0.0,0.0,0.0,0.0,0.040313549832026875,0.0,0.0,0.0011198208286674132,0.0,0.007838745800671893,0.0,0.0
t1d_alkanani-NO34,0.0,0.0,0.0,7.849293563579278e-05,7.849293563579278e-05,0.0,0.0,0.0,0.0,0.005572998430141287,0.0,0.0,0.9262166405023549,0.0,0.0,0.0,0.0,0.00934065934065934,0.0,0.0,0.0009419152276295133,0.0,0.0,0.0,0.0,0.0,0.0,0.0009419152276295133,0.0,0.0,0.02056514913657771,7.849293563579278e-05,0.0,0.0,0.0,0.0,0.0,0.0,0.0,0.0003139717425431711,0.0018838304552590266,0.006985871271585557,0.0,0.0,0.0,0.0,0.0,0.0,0.00023547880690737833,0.0,0.0,0.0012558869701726843,0.0,0.0,0.0035321821036106748,0.0,0.0,0.000706436420722135,0.0,0.0005494505494505495,0.0,0.0
t1d_alkanani-NO-02,0.0,0.0,0.0,0.0,0.0,0.0,0.0,0.0,0.043611323641928074,0.0,0.0,0.0,0.33247548167211516,0.0,0.0,0.0,0.0,0.01349377477916116,0.0,0.0,0.013771996939556235,0.0,0.0,0.0,0.0,0.0,0.0,0.0004173332405926132,0.0,0.0,0.0105028865549141,0.567851429366349,0.0,0.0,0.0,0.0,0.0,0.0,0.0,0.010781108715309174,0.0,0.0004173332405926132,0.0,0.0,0.00013911108019753774,0.0,0.0,0.0,0.0,0.0,6.955554009876887e-05,0.0,0.0,0.0,6.955554009876887e-05,0.0,0.0,0.0,0.0,0.0,0.0,0.0
t1d_alkanani-PD50,0.0,0.0,0.0,0.0,0.027960960168820895,0.0,0.0,0.0,0.0020223335971159763,0.02330080014068408,0.0,0.0,0.5582520003517102,0.0,0.0,0.0,0.0,0.04862393387848413,0.009056537413171547,0.012397784225797943,0.01916820539875143,0.0,0.0,0.0,0.0,0.0,0.0,0.006858348720654181,0.030422931504440344,0.0,0.024180075617691022,0.0003517101908027785,0.000703420381605557,0.0,0.0,0.0,0.0,8.792754770069463e-05,0.0,0.03358832322166535,8.792754770069463e-05,0.06330783434450013,0.0006154928339048624,0.0,0.0,0.0,0.0,0.0,0.0,0.0,0.0010551305724083356,0.007561769102259738,0.0,0.0,0.013452914798206277,0.0,0.0,0.0,0.0,0.015475248395322255,0.0,0.0
t1d_alkanani-NO38,0.0,0.001219253604749788,0.0,0.0001325275657336726,0.009541984732824426,0.0,0.0,0.00010602205258693808,0.0005831212892281595,0.00856128074639525,0.0,0.00010602205258693808,0.24917832909245122,0.0,0.00018553859202714165,0.0005831212892281595,0.0,0.05208333333333333,0.01759966072943172,0.002305979643765903,0.04874363867684478,0.0,0.0,0.0,0.0,0.0,2.650551314673452e-05,0.0045589482612383376,0.0026770568278201867,0.0001590330788804071,0.0625795165394402,0.36453032230703986,0.0003975826972010178,0.0,0.0,2.650551314673452e-05,0.0,0.0001325275657336726,0.0,0.0011397370653095842,0.0032071670907548766,0.00039758269720101784,0.0008216709075487701,0.0009541984732824427,0.0,0.0,5.301102629346904e-05,0.0,0.00010602205258693808,0.0,0.001166242578456319,0.0004505937234944868,0.0,0.0,0.09552586938083121,0.0,2.650551314673452e-05,7.951653944020357e-05,0.0,0.009382951653944021,0.0,0.0003180661577608143
t1d_alkanani-PD-25,0.0,0.0,0.0,0.0,0.00017809439002671417,0.0065894924309884235,0.0,0.0,0.0,0.0,0.0,0.0,0.3954585930543188,0.0,0.0,0.0,0.0,0.08414959928762245,0.0016918967052537844,0.0,0.00044523597506678544,0.0,0.0,0.0,0.0,0.0,0.0,0.0,0.0,0.0,0.0037399821905609973,8.904719501335708e-05,0.0,0.0,0.0,0.0,0.0,0.0,0.0,8.904719501335708e-05,0.006144256455921638,0.0,0.0,0.0,0.0,0.0,0.0,0.0,0.0,0.0,0.0,0.0002671415850400712,0.0,0.0,0.49946571682991986,0.0,0.0005342831700801424,8.904719501335708e-05,0.0,0.0,0.0,0.0
t1d_alkanani-NO-31,0.0,0.0,0.0,0.0,0.004462753175420529,0.0,0.0,0.0,0.012701682114658427,0.0027463096464126332,0.0,0.0,0.9031925849639546,0.0,0.0,0.0,0.0,0.00034328870580157915,0.0,0.0,0.0164778578784758,0.0,0.0,0.0,0.0,0.0,0.0,0.0,0.0,0.0,0.05698592516306214,0.0,0.0,0.0,0.0,0.0,0.0,0.0,0.0,0.00034328870580157915,0.0,0.00034328870580157915,0.0,0.0,0.0,0.0,0.0,0.0,0.0,0.0,0.0,0.0,0.0,0.0,0.0020597322348094747,0.0,0.0,0.0,0.0,0.0,0.0,0.0
t1d_alkanani-PD-46,0.0,0.00015344483658124905,0.0,0.0,0.005830903790087464,0.0,0.0,0.0,0.044959337118305964,0.0009206690194874943,0.0,0.0,0.8026699401565137,0.0,0.0,0.00015344483658124905,0.0,0.04572656130121221,0.0,0.01749271137026239,0.040049102347706006,0.0,0.0,0.0,0.0004603345097437471,0.0,0.0,0.0018413380389749887,0.0,0.0,0.01933404940923738,0.0,0.0,0.0,0.0,0.0,0.0,0.0006137793463249962,0.00322234156820623,0.0,0.005370569280343717,0.0,0.0006137793463249962,0.0,0.0,0.0,0.0,0.0,0.0,0.0,0.0012275586926499924,0.0,0.0,0.0,0.00015344483658124905,0.0,0.0,0.0009206690194874943,0.0,0.003375786404787479,0.0,0.0
t1d_alkanani-PD-19,0.0,0.0,0.0,0.0,0.0004169794012175798,0.0,0.0,0.0,0.0,0.0003335835209740639,0.0,0.0,0.7619047619047619,0.0,0.0,0.0,0.0,0.16495705112167458,0.0,0.0,8.339588024351597e-05,0.0,0.0,0.0,0.0,0.0,0.0,8.339588024351597e-05,0.0,0.0,0.006588274539237762,8.339588024351597e-05,0.0,0.0,0.0,0.0,0.0,0.0,0.0,0.0037528146109582186,0.045117171211742135,0.0,0.0002501876407305479,0.0,0.0,0.0,0.0,0.0,0.0005837711617046118,0.0,0.0,0.0035026269702276708,0.0,0.0,0.010507880910683012,0.0,0.0,0.0002501876407305479,0.0,8.339588024351597e-05,0.0,0.0
t1d_alkanani-NO-16,0.0,0.0,0.0,0.0,0.0236784140969163,0.0,0.0,0.0,0.0,0.25,0.0,0.0,0.5682819383259912,0.0,0.0,0.0,0.0,0.0,0.0,0.0,0.05892070484581498,0.0,0.0,0.0,0.0,0.0,0.0,0.004405286343612335,0.0,0.0,0.04129955947136564,0.0,0.0,0.0,0.0,0.0,0.0,0.0,0.0,0.0,0.0,0.0,0.0016519823788546256,0.0005506607929515419,0.0,0.0,0.005506607929515419,0.0,0.0,0.0,0.022026431718061675,0.0,0.0,0.0,0.0016519823788546258,0.0,0.0,0.0016519823788546258,0.0,0.0033039647577092516,0.0,0.0
t1d_alkanani-PD22,0.0007939208347510491,0.0003402517863218782,0.0,0.08086650788249972,0.023704207780424175,0.0,0.00011341726210729273,0.0005670863105364636,0.007372122036974027,0.0,0.0,0.0058976976295792224,0.016332085743450155,0.0,0.0,0.004083021435862538,0.0,0.007031870250652149,0.0003402517863218782,0.0,0.07201996143813089,0.0,0.0015878416695020983,0.0023817625042531474,0.0014744244073948054,0.0,0.00022683452421458545,0.02041510717931269,0.023363955994102303,0.0026085970284677328,0.15220596574798684,0.004536690484291709,0.0062379494159011,0.0,0.0007939208347510491,0.0,0.0,0.0,0.0,0.01667233752977203,0.00022683452421458545,0.0,0.0003402517863218782,0.012135647045480322,0.0,0.00011341726210729273,0.015197913122377225,0.00011341726210729273,0.0011341726210729272,0.05307927866621299,0.008846546444368834,0.0026085970284677328,0.0,0.0,0.01780651015084496,0.0,0.02880798457525235,0.028354315526823184,0.0,0.0825677668141091,0.0,0.00011341726210729273
t1d_alkanani-NO-14,0.0,0.0019013049866044422,0.0,0.0,0.07147178290553971,0.0,0.0,0.0,0.05798980209143549,0.004407570650764843,0.0,0.0,0.6132572811338692,0.0,0.0,0.0,0.0,0.02990234206205168,0.0,0.0011234984011753522,0.07933627171376717,0.0,0.0,0.0,0.0,0.0,0.0,0.002160573848414139,0.0,0.0,0.08218822919367383,0.0,0.0,0.0,0.0,0.0,0.0,0.0,0.0,0.0,0.0,0.0006049606775559589,0.0006913836314925243,0.0,0.0,0.0,0.00025926886180969663,0.0,0.0,0.0,0.004666839512574539,0.0033704952035260565,0.0,0.0,0.009852216748768473,0.0,0.0,0.004148301788955146,0.0,0.007345951084608072,0.0,0.0
t1d_alkanani-PD-08,0.0,0.0,0.0,0.0,0.0,0.0,0.0,0.0,0.0,0.0,0.0,0.0,0.606318347509113,0.0,0.0,0.0,0.0,0.00013500742540839745,0.0,0.0,0.0058053192925610906,0.0,0.0,0.0,0.0,0.0,0.0,0.00013500742540839745,0.0,0.0,0.3851761846901579,0.00013500742540839745,0.0,0.0,0.0,0.0,0.0,0.0,0.0,0.0,0.0006750371270419872,0.0,0.0,0.0,0.0,0.0,0.0,0.0,0.0,0.0,0.0004050222762251924,0.0,0.0,0.0,0.00013500742540839745,0.0,0.0,0.0,0.0,0.0002700148508167949,0.0,0.0
t1d_alkanani-CO-21,0.0,0.00010981770261366133,0.0,0.0,0.0012079947287502745,0.0,0.0,0.0,0.017790467823413134,0.010213046343070502,0.0,0.00021963540522732265,0.7688337359982429,0.0,0.0,0.00010981770261366133,0.0,0.07753129804524489,0.0,0.0,0.021524269712277617,0.0028552602679551946,0.0,0.0,0.0,0.0,0.0,0.000658906215681968,0.0,0.0,0.015045025258071602,0.0,0.0,0.04249945091148693,0.0,0.0,0.0,0.00021963540522732265,0.0,0.00021963540522732265,0.0,0.000988359323522952,0.00010981770261366133,0.0014276301339775973,0.0,0.0,0.0014276301339775973,0.0,0.0,0.0,0.00021963540522732265,0.000988359323522952,0.0,0.0,0.013397759718866682,0.0,0.0,0.0,0.0,0.0034043487810235013,0.0,0.0
t1d_alkanani-CO-02,0.0,0.0,0.0,0.0,0.00041269022440030954,0.0005674490585504256,0.0,0.0,5.158627805003869e-05,0.014340985297910756,0.0,0.0,0.8845499097240134,0.0,0.0,0.0,0.0,0.073355687387155,0.00010317255610007738,0.0,0.008511735878256384,0.0,0.0,0.0,0.0,0.0,0.0,0.0,0.0,0.0,0.01031725561000774,0.006138767087954604,0.0,0.0,0.0,0.0,0.0,0.0,0.0,0.00036110394635027087,0.00020634511220015477,0.0,0.0,0.0,0.0,0.0,0.0,0.0,0.0,0.0,0.0,0.0,0.0,0.0,0.0,0.0,0.0,0.00020634511220015477,0.0,0.0004642765024503482,0.0,0.0
t1d_alkanani-NO36,0.00047480160075968257,0.006466345610346153,0.0,0.0007008976011214361,0.011350019218160031,0.0,0.0,0.00013565760021705216,2.260960003617536e-05,0.01627891202604626,0.00020348640032557825,0.0,0.3035338804856542,0.0,0.0009043840014470144,0.0002713152004341043,9.043840014470143e-05,0.016301521626082435,0.021456510434330417,0.00501933120803093,0.008229894413167831,0.0,0.0,2.260960003617536e-05,2.260960003617536e-05,0.00018087680028940287,0.0,0.04648533767437654,0.024757512039612024,0.0007913360012661375,0.0648669425037871,0.2092292387347668,0.0036175360057880577,0.0,0.0,2.260960003617536e-05,2.260960003617536e-05,4.521920007235072e-05,9.043840014470143e-05,0.0018765968030025548,0.001695720002713152,0.0,0.002306179203689887,0.006624612810599381,0.0,6.782880010852608e-05,0.0006556784010490855,0.00018087680028940287,0.0035723168057157067,0.0008591648013746636,0.012163964819462345,0.002306179203689887,0.0,0.0,0.05665965769065545,0.0,0.0,0.0019444256031110809,0.0,0.051075086481720135,0.0,0.00020348640032557825
t1d_alkanani-PD-02,0.0,0.0,0.0,0.0,0.0014563106796116505,0.0,0.0,0.0,0.0,0.006796116504854368,0.0,0.0,0.529126213592233,0.0,0.0,0.0,0.0,0.07718446601941747,0.0,0.0,0.03932038834951456,0.0,0.0,0.0,0.0,0.0,0.0,0.001941747572815534,0.003883495145631068,0.0,0.09466019417475727,0.17718446601941748,0.0,0.0,0.0,0.0,0.0,0.0,0.0,0.010679611650485437,0.0029126213592233006,0.0,0.0,0.0,0.0,0.0,0.0,0.0,0.0,0.0,0.0014563106796116505,0.001941747572815534,0.0,0.0,0.014077669902912622,0.0,0.009708737864077669,0.0033980582524271844,0.0,0.001941747572815534,0.0,0.0
t1d_alkanani-PD-12,0.0,0.0,0.0,0.0,0.0,0.0,0.0,0.0,0.005640778702620898,0.0,0.0,0.0,0.8871844259475821,0.0,0.0,0.0,0.0,0.0017541445965467426,0.0,0.0,0.09382953841920616,0.0,0.0,0.0,0.0,0.0,0.0,0.0005503198734264291,0.0,0.0,0.01021531265047809,0.0,0.0,0.0,0.0,0.0,0.0,0.0,0.0,0.0,0.0,0.0,0.0,0.0,0.0,0.0,0.0,0.0,0.0,0.0,0.0,0.0,0.0,0.0,6.878998417830364e-05,0.0,0.0,0.0,0.0,0.0003439499208915182,0.0,0.0
t1d_alkanani-PD47,5.6810650103206016e-05,0.0010794023519609141,0.0001514950669418827,0.00013255818357414738,0.0154335599447043,0.0,0.0,0.0003787376673547068,0.0,0.007858806597610166,0.00013255818357414738,5.6810650103206016e-05,0.2635256689454049,0.00939269415039673,0.0010415285852254435,0.0010983392353286496,0.0,0.08555683905542827,0.0,7.574753347094135e-05,0.05603423788512886,0.0016096350862575036,0.0,0.0,0.0010794023519609141,3.7873766735470675e-05,0.0,0.021550173272482813,0.008673092582422784,5.6810650103206016e-05,0.057624936088018636,0.1721741435794497,0.006230234627984926,0.0,0.0,0.0,3.7873766735470675e-05,3.7873766735470675e-05,0.0,0.0008332228681803549,0.004241861874372715,3.7873766735470675e-05,0.0013634556024769444,0.00804817543128752,0.0,0.0,0.0003787376673547068,0.0017611301531993864,0.0012687711856382675,0.0004544852008256481,0.011835552104834588,0.00670365671217831,3.7873766735470675e-05,0.0,0.004033556157327627,1.8936883367735337e-05,0.0005491696176643248,0.00759369023046187,0.0,0.07430833033499348,0.0,0.0014202662525801503
t1d_alkanani-PD-29,0.0,0.0071104699093157454,0.0,5.152514427040396e-05,0.006131492168178071,0.0,0.0,5.152514427040396e-05,0.00010305028854080792,0.01648804616652927,0.00030915086562242374,0.0,0.5365828524319868,0.00030915086562242374,0.00015457543281121187,0.00020610057708161583,0.0,0.14627988458367683,0.0052040395713108,5.152514427040396e-05,0.01056265457543281,0.0,0.0,0.0,0.0,0.0,0.004225061830173124,0.005049464138499587,0.0013396537510305027,5.152514427040396e-05,0.01916735366859027,0.0,0.0018033800494641383,0.0,0.0,0.00010305028854080792,0.0,0.00010305028854080792,0.00020610057708161583,0.0,0.00015457543281121187,0.0,0.0006183017312448475,0.00247320692497939,0.0,0.0,5.152514427040396e-05,0.0,0.005822341302555646,0.0,0.002370156636438582,0.03266694146743611,0.0,0.0,0.032615416323165704,0.0,0.00020610057708161583,0.00010305028854080792,0.0,0.0676525144270404,0.0,0.0003606760098928277
t1d_alkanani-PD-18,0.0,0.0,0.0,0.0005062436719541006,0.0016874789065136685,0.0016874789065136685,0.0,0.0,0.0,0.0077624029699628755,0.0,0.0,0.39487006412419845,0.0,0.0,0.0,0.0,0.22443469456631793,0.0,0.0,0.0026999662504218697,0.0,0.0,0.0,0.0,0.0,0.0,0.0003374957813027337,0.0,0.0,0.01839352008099899,0.1915288558893014,0.005062436719541006,0.0,0.0,0.0,0.0,0.0,0.0,0.024805939925750926,0.07762402969962875,0.0,0.0016874789065136687,0.0,0.0,0.0,0.0005062436719541006,0.0,0.0003374957813027337,0.0,0.0,0.0003374957813027337,0.0,0.0,0.010293621329733379,0.0,0.0006749915626054674,0.00320620992237597,0.0,0.00016874789065136686,0.0015187310158623017,0.0
t1d_alkanani-CO-13,0.0,0.0,0.0,0.0,0.0005294607064518569,0.0,0.0,0.0,0.0,0.04523107177974434,0.0,0.0,0.7187807276302851,0.0,0.0,0.0,0.0,0.1896225701535436,0.0,0.0,0.0003025489751153468,0.0,0.0,0.0,0.0,0.0,0.0,0.0,0.0,0.0,0.0055215187958550785,0.0,0.0,0.0,0.0,0.0,0.0,0.0,0.0,0.0006050979502306936,0.002193480069586264,7.56372437788367e-05,0.0,0.0,0.0,0.0,0.0,0.0,0.0,0.0,0.0,0.0,0.0,0.0,0.03577641630738976,0.0,0.0,0.0,0.0,0.0,0.0,0.0
t1d_alkanani-PD-09,0.0,0.0,0.0,0.0,0.0,0.0,0.0,0.0,0.00954147892923403,0.0,0.0,0.0,0.8309037900874635,0.0,0.0,0.0,0.0,0.0010601643254704478,0.0,0.0,0.04320169626292075,0.0,0.0,0.0,0.0,0.0,0.0,0.0,0.0,0.0,0.11290750066260269,0.0,0.0,0.0,0.0,0.0,0.0,0.0,0.0,0.0,0.0,0.0023853697323085073,0.0,0.0,0.0,0.0,0.0,0.0,0.0,0.0,0.0,0.0,0.0,0.0,0.0,0.0,0.0,0.0,0.0,0.0,0.0,0.0
t1d_alkanani-CO-12,0.0,0.0,0.0,0.0,0.010597302504816955,0.0,0.0,0.0,0.037893384714193956,0.10661528580603724,0.0,0.0,0.6409762363519589,0.0,0.0,0.0,0.0,0.018946692357096978,0.0,0.0,0.14482980089916503,0.0,0.0,0.0,0.0,0.0,0.0,0.0,0.0,0.0,0.02215799614643545,0.0,0.0,0.0,0.0,0.0,0.0,0.0,0.0,0.0012845215157353885,0.0009633911368015413,0.0,0.0,0.0,0.0,0.0,0.0,0.0,0.0,0.0,0.0,0.0,0.0,0.0,0.0038535645472061652,0.0,0.0,0.0016056518946692357,0.0,0.0012845215157353885,0.0,0.0
t1d_alkanani-NO-01,0.0,0.0,0.0,0.0,0.0,0.0,0.0,0.0,0.15974932659007202,0.0,0.0,0.0,0.7058985212467703,0.0,0.0,0.0,0.0,0.0012643614974437909,0.0,0.0,0.06129404650651421,0.0,0.0,0.00010994447803859051,0.0,0.0,0.0,0.0002748611950964763,0.0,0.0,0.02061458963223572,5.497223901929526e-05,0.0,0.0,0.0,0.0,0.0,0.0,0.0,0.008300808091913584,0.0,0.0,0.0,0.0,0.0008795558243087241,0.0,0.0,0.0,0.0,0.0,0.0,0.0,0.0,0.0,0.04139409598152933,0.0,0.0,0.0,0.0,5.497223901929526e-05,0.0,0.0
t1d_alkanani-PD34,0.0,0.00035889460461777724,0.0,0.0007776049766718507,0.0053236033018303625,0.0,0.0005383419069266658,0.00011963153487259242,5.981576743629621e-05,0.002272999162579256,0.00011963153487259242,0.0,0.2317262830482115,5.981576743629621e-05,0.0,0.0005383419069266658,0.0,0.03750448618255772,0.0,0.0024524464648881445,0.10641225026917095,0.0,0.002272999162579256,0.0,0.005383419069266659,0.0,0.001196315348725924,0.009450891254934802,0.019260677114487378,0.00011963153487259242,0.1436774733819835,0.23035052039717668,0.0031702356741236987,0.0,0.0,0.0,0.0,0.0,0.00017944730230888862,0.0024524464648881445,0.0025122622323244404,0.019858834788850338,0.00035889460461777724,0.005323603301830363,0.0,5.981576743629621e-05,0.0016150257207799975,0.0,0.00346931451130518,0.0011364995812896278,0.00394784065079555,0.001794473023088886,0.0,0.0,0.049228376600071774,0.0,0.0,0.00693862902261036,0.0,0.02739562148582366,0.0,0.00017944730230888862
t1d_alkanani-PD-06,0.0,0.0,0.0,0.0,0.000572737686139748,0.0,0.0,0.0,0.0,0.0010738831615120276,0.0,0.0,0.7713344788087055,0.0,0.0,0.0,0.0,0.005655784650630011,0.0,0.0,0.011239977090492556,0.0,0.0,0.0,0.0,0.0,0.0,0.00035796105383734247,7.15922107674685e-05,0.0,0.1984536082474227,7.15922107674685e-05,0.0,0.0,0.0,0.0,0.0,0.0,0.0,0.0,0.000715922107674685,0.0,0.0,0.0,0.0,0.0,0.0,0.0,0.0,0.0,0.0,0.0,0.0,0.0,0.006729667812142039,0.0,0.0,0.0,0.0,0.0016466208476517755,0.0,0.0
t1d_alkanani-PD-01,0.0,0.0,0.0,0.0,0.0007779074290159471,0.0,0.0,0.0,0.0,0.0,0.0,0.0,0.485025281991443,0.0,0.0,0.0,0.0,0.0031116297160637884,0.0,0.0,0.07545702061454687,0.0,0.0,0.0,0.0,0.0,0.0,0.0,0.0,0.0,0.3267211201866978,0.0,0.0,0.0,0.0,0.0,0.0,0.0,0.0,0.00038895371450797355,0.0,0.0,0.0,0.0,0.0,0.0,0.0,0.0,0.0,0.0,0.00038895371450797355,0.0011668611435239206,0.0,0.0,0.005834305717619603,0.0,0.0,0.0,0.0,0.0066122131466355505,0.0,0.0
t1d_alkanani-PD-05,0.0,0.0,0.0,0.0,0.0008743806470416788,0.0,0.0,0.0,0.0,0.009472457009618187,0.0,0.0,0.1232876712328767,0.0,0.0,0.0,0.0,0.00859807636257651,0.0,0.0,0.011512678519382105,0.0,0.0,0.0,0.0,0.0,0.0,0.0,0.0001457301078402798,0.0,0.23637423491693385,0.5693675313319733,0.0,0.0,0.0,0.0,0.0,0.0,0.0,0.0005829204313611193,0.0002914602156805596,0.0,0.0,0.0,0.0,0.0,0.0,0.0,0.0,0.0,0.0,0.004517633343048675,0.0,0.003643252696006995,0.0,0.0,0.0,0.0001457301078402798,0.0,0.0,0.0,0.0
t1d_alkanani-NO-17,0.0,0.0024813895781637717,0.0,0.0,0.009925558312655087,0.0,0.0,0.0,0.6451612903225806,0.009925558312655087,0.0,0.0,0.18858560794044665,0.0,0.0,0.0,0.0,0.022332506203473945,0.0,0.0,0.01488833746898263,0.0,0.0,0.0,0.0,0.0,0.0,0.004962779156327543,0.0,0.0,0.01488833746898263,0.004962779156327543,0.004962779156327543,0.0,0.0,0.0,0.0,0.0,0.0,0.012406947890818858,0.0,0.01240694789081886,0.0,0.0024813895781637717,0.0,0.0,0.0,0.0,0.0,0.0,0.0024813895781637717,0.0024813895781637717,0.0,0.0,0.0024813895781637717,0.0,0.0,0.0,0.0,0.007444168734491315,0.0,0.0
t1d_alkanani-NO-06,0.0,0.0,0.0,0.0,0.0013206013815522145,0.0,0.0,0.0,0.020621698496546118,0.0,0.0,0.0,0.7918529053230394,0.0,0.0,0.0,0.0,0.03413246647704185,0.0,0.0,0.02133279154815116,0.0,0.0,0.00010158472165786265,0.0,0.0,0.0,0.000304754164973588,0.0,0.0,0.014932954083705811,0.0002031694433157253,0.0,0.0,0.0,0.0,0.0,0.0,0.0,0.0010158472165786266,0.0,0.0004063388866314506,0.0,0.0,0.00010158472165786265,0.0,0.0,0.0,0.0,0.0,0.000609508329947176,0.0,0.0,0.0,0.1123527021535961,0.0,0.0,0.0,0.0,0.0002031694433157253,0.0,0.0
t1d_alkanani-PD51,0.0,0.0,0.0,0.0,0.04415011037527594,0.0,0.0,0.0,0.006046645551396487,0.032728668778193686,0.0,0.0,0.3331413763317017,0.0,0.0,0.0,0.0,0.06622516556291391,0.009501871580765908,0.00940589307995009,0.04856512141280353,0.0,0.0,0.0,0.0,0.0,0.0,0.013820904117477687,0.013149054611766964,0.0,0.028217679239850274,0.000383914003263269,0.0006718495057107208,0.0,0.0,0.0,0.0,0.0,0.0,0.10058546885497649,0.0004798925040790863,0.09981764084844995,0.0010557635089739898,0.0,0.0,0.0,0.0,0.0,0.0,0.0,0.001535656013053076,0.003935118533448507,0.0,0.0,0.021787119685190516,0.0,0.0,0.0,0.0,0.03637585180919474,0.0,0.0
t1d_alkanani-PD-35,0.0,0.0,0.0,0.0,0.0010864197530864198,0.0,0.0,0.0,0.0,0.02251851851851852,0.0,0.0,0.023802469135802473,0.0,0.0,0.0,0.0,9.876543209876543e-05,0.0,0.0,0.018271604938271603,0.0,0.0,0.0,0.0,0.0,0.0,0.0,0.00019753086419753085,0.0,0.009086419753086421,0.9201975308641976,0.0,0.0,0.0,0.0,0.0,0.0,0.0,0.002074074074074074,0.00019753086419753085,0.0,0.00019753086419753085,0.0,0.0,0.0,0.0,0.0,0.0,0.0,0.0002962962962962963,0.0,0.0,0.0,0.0,0.0,0.0,0.0,0.0,0.0002962962962962963,0.0,0.0
t1d_alkanani-PD53,0.0,0.0,0.0,0.0,0.00021777906832040487,0.0,0.0,0.0,0.026019413448375994,0.17725142074916,0.0,0.0,0.7192931513668229,0.0,0.0,0.0,0.0,0.012226739121417016,0.0,0.002758534865391795,0.008420790641722322,0.0,0.0,0.0,0.0,0.0,0.0,0.00042518770481602856,0.0,0.0,0.007155597959099018,0.01971419089890903,0.0,0.0,0.0,0.0,0.0,0.0003629651138673414,0.00011407475007259302,0.008711162732816195,4.148172729912474e-05,0.0,5.1852159123905923e-05,0.0,0.0,0.0,0.0,0.0,0.0,0.0,9.333388642303066e-05,0.0,0.0,0.0,0.0004977807275894969,0.0,0.0,4.148172729912474e-05,0.0,0.0045007674119550345,0.0,0.0
t1d_alkanani-NO-11,0.0,0.0,0.0,0.0,0.0025033132086585185,0.0,0.0,0.0,0.032395817994404365,0.00014725371815638345,0.0,0.0,0.0014725371815638348,0.0,0.0,0.0,0.0,0.0,0.0,0.0,0.031806803121778825,0.0,0.0,0.0,0.0,0.0,0.0,0.0029450743631276688,0.0,0.0,0.30923280812840526,0.49801207480488885,0.0,0.0,0.0,0.0,0.0,0.0,0.0,0.0,0.0,0.0,0.00044176115446915035,0.0,0.0002945074363127669,0.0,0.0,0.0,0.0,0.0,0.08408187306729493,0.00044176115446915035,0.0,0.0,0.0,0.0,0.0,0.001325283463407451,0.0,0.008982476807539391,0.0,0.0
t1d_alkanani-PD-44,0.0,0.0,0.0,0.0,0.00012097749818533752,0.0,0.0,0.0,0.0,0.0063513186547302205,0.0,0.0,0.9779216065811758,0.0,0.0,0.0,0.0,0.001512218727316719,0.0,0.0,0.01070650858940237,0.0,0.0,0.0,0.0,0.0,0.0,0.0,0.0,0.0,0.003326881200096782,0.0,0.0,0.0,0.0,0.0,0.0,0.0,0.0,0.0,0.0,0.0,0.0,0.0,0.0,0.0,0.0,0.0,0.0,0.0,0.0,0.0,0.0,0.0,0.0,0.0,0.0,0.0,0.0,0.0,0.0,0.0
t1d_alkanani-NO-20,0.0,0.0,0.0,0.0,0.0007137758743754461,0.0,0.0,0.0,0.012134189864382583,0.02069950035688794,0.0,0.0,0.7608850820842256,0.0,0.0,0.0,0.0,0.05139186295503212,0.0,0.0,0.02926481084939329,0.0,0.0,0.0,0.0,0.0,0.0,0.0,0.0,0.0,0.010706638115631693,0.0,0.0,0.0,0.0,0.0,0.0,0.0,0.0,0.0,0.0,0.02069950035688794,0.0,0.0,0.0,0.0,0.0,0.0,0.0,0.0,0.0,0.0,0.0,0.0,0.057102069950035694,0.0,0.0,0.0,0.0,0.0,0.0,0.0
t1d_alkanani-PD-07,0.0,0.0,0.0,0.0,0.0010582010582010583,0.0,0.0,0.0,0.0,0.0005291005291005291,0.0,0.0,0.4714285714285714,0.0,0.0,0.0,0.0,0.040740740740740744,0.0,0.0,0.0021164021164021165,0.0,0.0,0.0,0.0,0.0,0.0,0.0,0.0,0.0,0.23015873015873017,0.0,0.0,0.0,0.0,0.0,0.0,0.0,0.0,0.0,0.0,0.0,0.0,0.0,0.0,0.0,0.0,0.0,0.0,0.0,0.0,0.0,0.0,0.0,0.2523809523809524,0.0,0.0,0.0,0.0,0.0,0.0,0.0
t1d_alkanani-NO-12,0.0,0.0030581039755351682,0.0,0.0,0.01039755351681957,0.0,0.0,0.0,0.011009174311926604,0.017737003058103974,0.0,0.0,0.43241590214067277,0.012844036697247707,0.0,0.0,0.0,0.006116207951070336,0.0,0.0,0.21345565749235473,0.0,0.0,0.0,0.0,0.0,0.0,0.005504587155963303,0.0,0.0,0.1327217125382263,0.0012232415902140672,0.0,0.0,0.0,0.0,0.0,0.0,0.0,0.0,0.005504587155963302,0.0,0.003058103975535168,0.003669724770642202,0.0,0.0,0.0,0.0,0.0,0.0,0.014678899082568808,0.0012232415902140672,0.0,0.0,0.05015290519877676,0.0,0.0,0.0012232415902140672,0.0,0.00978593272171254,0.0,0.0
t1d_alkanani-PD-45,0.0,0.0,0.0,0.0,0.001072961373390558,0.0,0.0,0.0,0.0,0.004113018597997139,0.0,0.0,0.9853361945636624,0.0,0.0,0.0,0.0,0.008047210300429184,0.0,0.0,0.0,0.0,0.0,0.0,0.0,0.0,0.0,0.0,0.0,0.0,0.0,0.0,0.0,0.0,0.0,0.0,0.0,0.0,0.0,0.0,0.0,0.000894134477825465,0.0,0.0,0.0,0.0,0.0,0.0,0.0,0.0,0.0,0.0,0.0,0.0,0.0,0.0,0.0,0.0,0.0,0.000357653791130186,0.0,0.0
t1d_alkanani-CO-01,0.0,0.0,0.0,0.0,0.0038483965014577265,0.002099125364431487,0.0,0.0,0.0,0.03486880466472303,0.0,0.0,0.7246647230320701,0.0,0.0,0.0,0.0,0.0639067055393586,0.0,0.0,0.002682215743440233,0.0,0.0,0.0,0.0,0.0,0.0,0.0,0.0,0.0,0.020174927113702626,0.1448396501457726,0.0,0.0,0.0,0.0,0.0,0.0,0.0,0.00011661807580174928,0.00023323615160349855,0.0,0.0,0.0,0.0,0.0,0.0,0.0,0.0,0.0,0.0,0.0,0.0,0.0,0.0011661807580174927,0.0,0.0,0.0003498542274052478,0.0,0.00011661807580174928,0.0,0.0
t1d_alkanani-PD-38,0.0,0.0,0.0,0.0,0.00817923186344239,0.0,0.0,0.0,0.0,0.010668563300142247,0.0,0.0,0.45199146514935995,0.0,0.0,0.0,0.0,0.053698435277382654,0.0,0.0,0.16963015647226176,0.0,0.0,0.0,0.0,0.0,0.0,0.0,0.0,0.0,0.021692745376955903,0.2706258890469417,0.0,0.0,0.0,0.0,0.0,0.0,0.0,0.0035561877667140826,0.001422475106685633,0.0,0.0,0.0,0.0,0.0,0.0,0.0,0.0,0.0,0.0,0.00035561877667140827,0.0,0.0,0.00035561877667140827,0.0,0.0,0.0,0.0,0.0,0.0,0.0
t1d_alkanani-PD-30,0.0,8.445708172630275e-05,0.0,0.000225218884603474,0.0021395794037330027,0.0,0.0,5.63047211508685e-05,0.00225218884603474,0.011429858393626306,0.0,0.0002533712451789083,0.6556684778018637,0.01570901720109231,0.000112609442301737,0.00014076180287717126,0.0,0.11717012471495734,0.0,0.0033501309084766756,0.044734100954365016,0.0,0.0,0.0,0.0007038090143858562,0.0,0.0,0.0016046845527997523,0.000112609442301737,0.0013231609470454098,0.021508403479631767,0.0,0.000337828326905211,0.0,0.0001689141634526055,0.0,0.0,5.63047211508685e-05,0.0,0.0002533712451789083,0.008220489288026801,0.0,2.815236057543425e-05,0.000900875538413896,0.0,0.0,0.002392950648911911,0.0,2.815236057543425e-05,0.00036598068748064524,0.0006193519326595535,0.0002533712451789083,0.0,0.0,0.0902564680048422,0.0,0.0,0.0019988176008558316,0.0,0.004110244644013401,0.0,8.445708172630275e-05
